TAIR,SYMBOL,Log2fc_.Ws_FLT_Alight.v.Ws_FLT_dark.,Log2fc_.Ws_FLT_Alight.v.Ws_GC_Alight.,Log2fc_.Ws_FLT_Alight.v.Ws_GC_dark.,Log2fc_.Ws_FLT_dark.v.Ws_GC_Alight.,Log2fc_.Ws_FLT_dark.v.Ws_GC_dark.,Log2fc_.Ws_FLT_Alight.v.Col.0_FLT_Alight.,Log2fc_.Ws_FLT_dark.v.Col.0_FLT_Alight.,Log2fc_.Ws_FLT_Alight.v.Col.0_FLT_dark.,Log2fc_.Ws_FLT_dark.v.Col.0_FLT_dark.,Log2fc_.Ws_FLT_Alight.v.Col.0_GC_Alight.,Log2fc_.Ws_FLT_dark.v.Col.0_GC_Alight.,Log2fc_.Ws_FLT_Alight.v.Col.0_GC_dark.,Log2fc_.Ws_FLT_dark.v.Col.0_GC_dark.,Log2fc_.Ws_FLT_Alight.v.Col.0.PhyD_FLT_Alight.,Log2fc_.Ws_FLT_dark.v.Col.0.PhyD_FLT_Alight.,Log2fc_.Ws_FLT_Alight.v.Col.0.PhyD_FLT_dark.,Log2fc_.Ws_FLT_dark.v.Col.0.PhyD_FLT_dark.,Log2fc_.Ws_FLT_Alight.v.Col.0.PhyD_GC_Alight.,Log2fc_.Ws_FLT_dark.v.Col.0.PhyD_GC_Alight.,Log2fc_.Ws_FLT_Alight.v.Col.0.PhyD_GC_dark.,Log2fc_.Ws_FLT_dark.v.Col.0.PhyD_GC_dark.
AT1G07900,LBD1,0,0,0,0,0,0,0,-1.293147649,-1.288869138,-0.673825151,-0.66954664,0,0,-3.212049269,-3.207770758,0,0,0,0,-0.632844665,-0.628566154
AT1G08090,ACH1,0,0,0,0,0,0,0,0,0,-4.511089804,-4.501244269,0,0,-2.699990293,-2.690144759,0,0,0,0,0,0
AT1G12610,DDF1,0,-2.40270531,0,-2.395235915,0,-4.83600699,-4.828537595,-4.985709816,-4.978240421,-2.525772909,-2.518303514,0,0,-0.702061121,-0.694591726,0,0,-6.053913963,-6.046444568,0,0
AT1G16380,ATCHX1,0,-2.817356115,0,-2.807204248,0,-3.973944388,-3.963792521,-2.579981598,-2.569829731,0,0,-1.844577681,-1.834425814,-2.836485846,-2.826333979,0,0,-2.143457324,-2.133305457,0,0
AT1G17610,CHS1,0,-1.508149707,0,-1.497962369,0,-1.212588189,-1.202400852,-2.352034055,-2.341846717,0,0,-1.961013135,-1.950825797,-1.659691509,-1.649504171,-4.433997938,-4.423810601,-1.586075973,-1.575888635,0,0
AT1G21860,sks7,0,0,0,0,0,0,0,0,0,-2.583665514,-2.574624672,0,0,-1.82728485,-1.818244009,-5.464178916,-5.455138075,-1.21334469,-1.204303849,-2.195563026,-2.186522184
AT1G24020,MLP423,0,0,0,0,0,0,0,-0.613484463,-0.606791538,-3.454959702,-3.448266778,0,0,-2.352295367,-2.345602442,0,0,-1.267462361,-1.260769437,-3.425166962,-3.418474038
AT1G24260,AGL9,0,-1.198552623,-4.064567517,-1.190800047,-4.056814941,0,0,0,0,0,0,0,0,0,0,0,0,0,0,0,0
AT1G24880,AtLpxC2,0,-1.238537976,0,-1.234981108,0,-11.16093387,-11.157377,-11.44745877,-11.44390191,-12.17295718,-12.16940031,-12.09784408,-12.09428721,-12.20848501,-12.20492814,-12.48836294,-12.48480608,-12.63434352,-12.63078666,-11.6127774,-11.60922053
AT1G25054,AtLpxC3,0,0,0,0,0,-10.30689186,-10.29901273,-10.5378086,-10.52992946,-9.875569457,-9.86769032,-10.82168055,-10.81380141,-10.19577518,-10.18789604,-10.63327474,-10.6253956,-9.715581986,-9.707702849,-10.78390504,-10.7760259
AT1G25210,AtLpxC5,0,0,0,0,0,0,0,0,0,0,0,0,0,-3.412873254,-3.341719809,-5.183304841,-5.112151396,0,0,0,0
AT1G28450,AGL58,0,0,0,0,0,-1.738055485,-1.734362965,-3.438807058,-3.435114538,-3.876320019,-3.872627498,-5.537062692,-5.533370172,-0.698353596,-0.694661075,-2.934650642,-2.930958122,-3.649453293,-3.645760772,-4.618804251,-4.61511173
AT1G32350,AOX1D,0,0,0,0,0,0,0,-2.39859,-2.390012,0,0,0,0,0,0,-4.547155,-4.538576,-3.360186,-3.351607,0,0
AT1G35310,MLP168,0,-1.936262,0,-1.93093,0,0,0,0,0,-0.6731031,-0.6677714,-2.633117,-2.627786,-3.427186,-3.421854,-1.358569,-1.353238,-1.86075,-1.855419,0,0
AT1G44575,CP22,0,-3.752277,0,-3.743958,0,-1.647593,-1.639273,0,0,-5.366624,-5.358304,-1.192675,-1.184355,0,0,0,0,0,0,0,0
AT1G45616,AtRLP6,0,0,0,0,0,0,0,0,0,-2.926618,-2.915894,-1.109052,-1.098329,0,0,0,0,-4.282459,-4.271735,0,0
AT1G48020,ATPMEI1,0,0,0,0,0,-2.752822,-2.748331,-4.285117,-4.280625,-2.706049,-2.701558,0,0,0,0,-4.42217,-4.417679,0,0,0,0
AT1G48260,CIPK17,0,0,0,0,0,-4.63849,-4.628531,-0.6612379,-0.6512794,-6.005565,-5.995607,-5.631375,-5.621417,-4.154938,-4.144979,0,0,-7.461786,-7.451827,-5.032789,-5.022831
AT1G52580,ATRBL5,0,-4.101095,0,-4.094033,0,0,0,0,0,-0.6719498,-0.6648877,0,0,-2.770993,-2.763931,0,0,0,0,-0.6281033,-0.6210412
AT1G53090,SPA4,0,-6.413769,0,-6.403299,0,-4.668937,-4.658467,-3.038646,-3.028176,-5.073868,-5.063398,-3.784866,-3.774396,-5.205404,-5.194934,-1.350295,-1.339825,-5.65987,-5.6494,-1.596169,-1.585699
AT1G55940,CYP708A1,0,0,0,0,0,-3.490692,-3.481768,-6.585374,-6.57645,-0.7257112,-0.7167867,-6.193957,-6.185032,-5.324092,-5.315167,-7.446841,-7.437916,-6.620043,-6.611118,-4.452898,-4.443973
AT1G57943,ATPUP17,0,-4.697893,0,-4.689838,0,0,0,-0.5651749,-0.5571203,0,0,-1.107584,-1.099529,0,0,0,0,0,0,-1.776879,-1.768824
AT1G60270,BGLU6,0,-5.029377,0,-5.020099,0,0,0,-0.5606945,-0.5514156,-1.786822,-1.777543,0,0,0,0,0,0,-3.99142,-3.982141,0,0
AT1G60530,DRP4A,0,0,0,0,0,-5.875461,-5.869449,-6.573427,-6.567415,-6.380709,-6.374697,-6.54136,-6.535348,-6.39283,-6.386818,-6.470309,-6.464298,-5.847066,-5.841055,-6.384401,-6.378389
AT1G62360,BUM,0,0,0,0,0,0,0,0,0,0,0,0,0,0,0,-2.878353,-2.869133,-4.145274,-4.136054,-0.6244652,-0.6152453
AT1G64000,ATWRKY56,0,0,0,0,0,0,0,-1.531406,-1.525542,-2.23277,-2.226906,-5.899042,-5.893178,-0.7005051,-0.6946405,-3.907579,-3.901714,-5.458571,-5.452707,-5.995653,-5.989788
AT1G65800,ARK2,0,-3.293371,0,-3.282652,0,-2.122855,-2.112136,0,0,0,0,-1.119372,-1.108654,0,0,0,0,0,0,-2.351101,-2.340383
AT1G65860,FMO,0,-1.830009,-3.282439,-1.820732,-3.273162,-0.7871699,-0.7778928,0,0,-0.6705339,-0.6612568,-3.981146,-3.971869,0,0,-3.498293,-3.489016,0,0,-0.6243748,-0.6150977
AT1G68170,UMAMIT23,0,-3.70197,0,-3.693489,0,0,0,0,0,-2.731151,-2.722669,0,0,-0.8468851,-0.8384036,0,0,0,0,0,0
AT1G69540,AGL94,0,-2.231826,-2.709384,-2.222896,-2.700454,-2.392669,-2.383739,0,0,-3.715407,-3.706476,-3.194426,-3.185496,0,0,0,0,-1.151004,-1.142074,-2.701324,-2.692394
AT1G70440,SRO3,0,0,0,0,0,-2.79645,-2.788995,-2.162546,-2.155091,-3.700033,-3.692578,-3.605888,-3.598433,-2.04783,-2.040375,-4.380273,-4.372818,-4.20265,-4.195195,-3.004025,-2.99657
AT1G74670,GASA6,0,-3.928299,-2.442136,-3.922254,-2.436092,0,0,-1.899304,-1.89326,-3.630389,-3.624345,0,0,0,0,-1.357343,-1.351299,-1.214088,-1.208043,-2.524794,-2.518749
AT1G74890,ARR15,0,0,0,0,0,0,0,-3.984024,-3.976844,-1.779483,-1.772303,0,0,0,0,-4.961814,-4.954634,-4.165737,-4.158557,-1.521064,-1.513884
AT1G75430,BLH11,0,0,0,0,0,0,0,0,0,-3.86959,-3.861647,-1.154531,-1.146588,0,0,0,0,0,0,0,0
AT1G79400,ATCHX2,0,0,0,0,0,-2.120447,-2.110341,-4.800323,-4.790216,-1.273696,-1.26359,0,0,-0.7046438,-0.6945373,0,0,0,0,0,0
AT1G80330,ATGA3OX4,0,0,0,0,0,-0.7877311,-0.7806122,-2.079052,-2.071933,-2.47451,-2.467391,0,0,-3.380551,-3.373432,0,0,0,0,0,0
AT2G02000,GAD3,0,0,-4.946493,0,-4.937259,-4.643894,-4.63466,-3.166225,-3.156992,-2.569357,-2.560123,-6.247781,-6.238547,-2.356666,-2.347432,-5.18949,-5.180256,-5.754557,-5.745323,-5.766842,-5.757608
AT2G02340,AtPP2-B8,0,0,0,0,0,-2.263936,-2.257463,-3.543593,-3.537119,0,0,-3.462017,-3.455543,-4.665348,-4.658874,-3.314236,-3.307763,-2.924856,-2.918382,-3.845169,-3.838696
AT2G02990,ATRNS1,0,0,0,0,0,0,0,0,0,-5.288552,-5.281157,0,0,0,0,-4.615583,-4.608188,0,0,-1.313218,-1.305823
AT2G21490,LEA,0,0,0,0,0,-2.298933,-2.293297,-2.851075,-2.845439,-2.968959,-2.963324,0,0,0,0,0,0,0,0,0,0
AT2G21770,CESA09,0,0,0,0,0,0,0,-1.892082,-1.881081,-4.603256,-4.592255,0,0,-1.423698,-1.412697,0,0,0,0,0,0
AT2G23096,P4H13,0,-1.932822,0,-1.926863,0,-0.7880985,-0.7821395,-0.560141,-0.554182,0,0,-1.963053,-1.957094,-1.638859,-1.6329,-2.711112,-2.705153,0,0,-0.6299855,-0.6240265
AT2G23190,CYP81D7,0,0,-2.15745,0,-2.148377,-2.872677,-2.863604,0,0,-1.61264,-1.603567,-1.110843,-1.101769,-2.292709,-2.283636,0,0,0,0,-2.033036,-2.023963
AT2G24450,FLA3,0,0,0,0,0,0,0,-2.394265,-2.386542,-3.47083,-3.463107,0,0,-0.7023094,-0.6945864,0,0,0,0,0,0
AT2G24710,ATGLR2.3,0,0,0,0,0,-4.729124,-4.718613,-0.5927383,-0.5822271,0,0,0,0,-4.040677,-4.030166,-4.031968,-4.021457,-1.203362,-1.192851,0,0
AT2G25440,AtRLP20,0,0,0,0,0,-3.369467,-3.359743,-2.228922,-2.219198,0,0,-1.121494,-1.11177,-1.425155,-1.415431,-4.122402,-4.112678,-1.21317,-1.203446,0,0
AT2G25600,AKT6,0,0,0,0,0,-2.879253,-2.868499,0,0,0,0,-2.14369,-2.132936,0,0,-1.365012,-1.354258,-4.407773,-4.397019,0,0
AT2G26820,ATPP2-A3,0,0,0,0,0,-6.242977,-6.23377,-7.594978,-7.585771,-7.519024,-7.509816,-5.612555,-5.603347,-7.930238,-7.92103,-8.845833,-8.836625,-7.804274,-7.795066,-7.956609,-7.947402
AT2G29110,ATGLR2.8,0,0,0,0,0,0,0,0,0,-2.827347,-2.816804,0,0,0,0,0,0,0,0,-2.945805,-2.935262
AT2G31250,HEMA3,0,0,-1.649889,0,-1.640625,-3.328506,-3.319242,-4.300372,-4.291108,-3.836944,-3.82768,0,0,-2.135613,-2.126349,-2.411208,-2.401944,-2.331983,-2.322719,-2.364645,-2.355381
AT2G32530,ATCSLB03,0,-1.132702,0,-1.122368,0,0,0,0,0,-0.6698612,-0.6595269,0,0,-1.486477,-1.476143,0,0,-3.993534,-3.9832,0,0
AT2G32770,ATPAP13,0,-1.138304,-0.9839915,-1.128851,-0.9745386,0,0,-4.072462,-4.063009,-2.738224,-2.728771,-2.629438,-2.619985,0,0,0,0,0,0,-0.7121808,-0.7027278
AT2G33100,ATCSLD1,0,0,0,0,0,-2.143048,-2.132259,-2.874838,-2.86405,0,0,-3.350371,-3.339582,0,0,-3.0936,-3.082811,0,0,-4.125388,-4.114599
AT2G33230,YUC7,0,-2.682493,0,-2.674044,0,-0.7873858,-0.7789377,-3.614663,-3.606215,-1.577189,-1.568741,-1.111683,-1.103235,0,0,0,0,-3.73036,-3.721912,-2.179146,-2.170698
AT2G34925,CLE42,0,-1.960367,0,-1.956116,0,-2.504358,-2.500107,-2.280234,-2.275983,-3.998543,-3.994291,-4.906725,-4.902474,-3.088135,-3.083884,-2.56801,-2.563759,0,0,-3.785506,-3.781255
AT2G35150,EXL7,0,-1.93168,-4.314626,-1.924068,-4.307015,0,0,0,0,-5.056869,-5.049257,-3.200705,-3.193094,-2.868062,-2.860451,-1.98045,-1.972839,-2.143618,-2.136006,-2.47072,-2.463108
AT2G35990,LOG2,0,0,0,0,0,-0.9017899,-0.8946099,-3.142879,-3.135699,-3.374624,-3.367444,-1.23013,-1.22295,-1.8711,-1.86392,-2.726337,-2.719157,0,0,0,0
AT2G39030,NATA1,0,0,0,0,0,-0.7876941,-0.7804226,0,0,0,0,0,0,0,0,-6.131463,-6.124192,-3.679331,-3.672059,0,0
AT2G42830,AGL5,0,-3.774149,-3.107531,-3.766347,-3.099728,-1.925792,-1.917989,-3.377061,-3.369259,-3.560332,-3.552529,-4.415061,-4.407259,-3.588884,-3.581081,-3.825595,-3.817792,-4.439371,-4.431569,-3.43793,-3.430128
AT2G46450,ATCNGC12,0,0,0,0,0,-9.103089,-9.09277,-9.334802,-9.324482,-9.292356,-9.282036,-9.178184,-9.167865,-9.052682,-9.042362,-8.949035,-8.938716,-9.636725,-9.626405,-8.711486,-8.701166
AT2G46480,GAUT2,0,-1.945098,0,-1.935936,0,0,0,0,0,0,0,0,0,-0.7180865,-0.7089245,0,0,-3.794862,-3.785701,-0.6389834,-0.6298215
AT3G06260,GATL4,0,-2.945801,-2.167158,-2.935935,-2.157291,-0.7869468,-0.7770806,0,0,0,0,0,0,0,0,-3.977041,-3.967175,-2.243865,-2.233999,-1.513358,-1.503492
AT3G11980,FAR2,0,0,0,0,0,-1.574306,-1.564453,-1.333796,-1.323943,0,0,-2.456485,-2.446632,-3.998804,-3.988951,-1.36321,-1.353357,-4.52892,-4.519067,-1.512614,-1.502761
AT3G14210,ESM1,0,-1.203146,-2.093932,-1.193825,-2.084611,-3.779759,-3.770437,-2.822966,-2.813645,-1.626246,-1.616924,-3.838778,-3.829457,-1.833582,-1.824261,-3.239306,-3.229985,-3.449763,-3.440442,-3.823049,-3.813727
AT3G14620,CYP72A8,0,0,0,0,0,-7.758272,-7.74849,-8.074465,-8.064683,-5.301578,-5.291796,-5.338952,-5.32917,-8.298217,-8.288434,-7.769555,-7.759773,-6.669926,-6.660144,-5.90228,-5.892498
AT3G14640,CYP72A10,0,0,0,0,0,-3.231742,-3.222579,0,0,-0.6609013,-0.6517387,0,0,-3.507718,-3.498556,0,0,-2.929605,-2.920443,-2.684956,-2.675793
AT3G14950,TTL2,0,0,-0.9865584,0,-0.9762125,-0.7868751,-0.7765292,-3.352542,-3.342196,-2.054389,-2.044043,-4.81666,-4.806314,-3.645982,-3.635636,0,0,0,0,0,0
AT3G16540,DEG11,0,-1.14243,-2.187689,-1.133252,-2.17851,-2.945668,-2.93649,-2.637201,-2.628022,0,0,-3.717269,-3.708091,-2.428369,-2.41919,0,0,-2.110466,-2.101287,-3.947153,-3.937975
AT3G19270,CYP707A4,0,0,0,0,0,0,0,0,0,-3.520668,-3.511688,0,0,-2.563496,-2.554517,0,0,0,0,-4.242555,-4.233576
AT3G20140,CYP705A23,0,0,-2.191825,0,-2.182667,-1.542484,-1.533326,-4.250152,-4.240994,-3.342031,-3.332872,-5.04702,-5.037862,-2.623202,-2.614043,-1.357117,-1.347959,0,0,-5.257243,-5.248084
AT3G20580,COBL10,0,0,-0.9865371,0,-0.9762043,0,0,-3.249644,-3.239312,-1.890713,-1.88038,-1.961209,-1.950876,-1.834424,-1.824091,0,0,-3.14409,-3.133758,0,0
AT3G21560,BRT1,0,-4.758774,0,-4.749174,0,-1.933143,-1.923543,-2.635213,-2.625612,-6.111657,-6.102057,0,0,0,0,0,0,-1.213213,-1.203613,0,0
AT3G21890,BBX31,0,-3.776636,0,-3.769338,0,-2.263577,-2.256279,-0.5600009,-0.5527029,-4.780759,-4.773461,0,0,0,0,-3.234702,-3.227404,-1.213787,-1.206489,-2.04326,-2.035962
AT3G25760,AOC1,0,0,0,0,0,-0.7875039,-0.7797765,0,0,0,0,0,0,-2.623259,-2.615531,-1.316651,-1.308924,0,0,-2.909041,-2.901314
AT3G26180,CYP71B20,0,0,0,0,0,0,0,0,0,0,0,-1.278481,-1.269275,-4.85595,-4.846744,0,0,0,0,0,0
AT3G26230,CYP71B24,0,0,0,0,0,-0.7869714,-0.7774892,-0.5597545,-0.5502723,0,0,0,0,-0.7040322,-0.69455,-4.002565,-3.993083,-1.21322,-1.203738,0,0
AT3G27620,AOX1C,0,0,0,0,0,0,0,0,0,-3.12201,-3.113695,-2.534417,-2.526102,-0.7028934,-0.6945789,0,0,-3.239811,-3.231497,-2.667714,-2.659399
AT3G27660,OLE3,0,0,0,0,0,-5.707478,-5.700001,-4.483347,-4.47587,-4.844765,-4.837288,0,0,-6.062664,-6.055188,-4.838535,-4.831058,-6.832555,-6.825078,-0.769509,-0.7620321
AT3G27940,LBD26,0,0,0,0,0,-6.957615,-6.953212,-7.231634,-7.227231,-7.099923,-7.09552,-6.701089,-6.696686,-4.071911,-4.067507,-6.769188,-6.764785,-5.892028,-5.887625,-6.098569,-6.094166
AT3G30720,QQS,0,-2.642213,0,-2.639953,0,-2.469334,-2.467074,-4.714795,-4.712535,-3.891168,-3.888909,-3.743524,-3.741264,-2.381398,-2.379138,-5.491397,-5.489138,-10.03566,-10.0334,-7.333284,-7.331024
AT3G46660,UGT76E12,0,0,0,0,0,-6.656422,-6.646985,-6.574002,-6.564566,-6.581447,-6.57201,-7.003301,-6.993865,-6.699037,-6.689601,-7.669495,-7.660059,-6.813542,-6.804106,-7.10671,-7.097273
AT3G47870,ASL29,0,0,0,0,0,0,0,-2.627893,-2.618932,0,0,0,0,-0.703521,-0.6945607,-3.01237,-3.00341,0,0,0,0
AT3G50890,AtHB28,0,0,0,0,0,-4.616231,-4.608198,-3.099407,-3.091375,-4.056951,-4.048919,0,0,-3.057451,-3.049419,-3.351096,-3.343064,-4.952913,-4.944881,-3.971007,-3.962975
AT3G53250,SAUR57,0,0,0,0,0,-0.9161692,-0.9116718,-2.255733,-2.251236,0,0,0,0,-3.279296,-3.274798,0,0,-2.521754,-2.517257,0,0
AT3G55090,ABCG16,0,-3.434124,0,-3.423707,0,-4.416422,-4.406006,-5.914065,-5.903649,-3.341883,-3.331467,-4.442192,-4.431776,-6.730467,-6.720051,-5.53851,-5.528094,-5.106793,-5.096377,-6.434086,-6.42367
AT3G55290,SDRd,0,-1.950554,-4.337695,-1.943037,-4.330177,0,0,0,0,-2.398065,-2.390547,-2.193591,-2.186073,-0.7114349,-0.7039172,-4.968305,-4.960788,-3.393856,-3.386338,0,0
AT3G55500,ATEXP16,0,0,0,0,0,0,0,0,0,-3.64636,-3.638385,-3.643661,-3.635686,0,0,0,0,-2.940202,-2.932227,-1.885884,-1.87791
AT3G55800,SBPASE,0,-1.885409,0,-1.876107,0,-4.173717,-4.164416,0,0,-3.989525,-3.980224,-4.149614,-4.140313,-1.555328,-1.546027,0,0,-3.729132,-3.71983,-2.430611,-2.42131
AT3G60100,CSY5,0,0,-3.431974,0,-3.422667,0,0,0,0,-0.6795501,-0.6702436,0,0,-1.995241,-1.985934,0,0,0,0,-3.065332,-3.056026
AT3G60120,BGLU27,0,0,-3.226929,0,-3.217187,0,0,-4.917424,-4.907682,0,0,-5.012662,-5.00292,-3.159257,-3.149515,-1.964844,-1.955102,-4.357724,-4.347982,-5.106769,-5.097027
AT3G60970,ABCC15,0,0,0,0,0,-2.137631,-2.126775,-0.5596165,-0.5487608,-1.831336,-1.82048,-1.119469,-1.108613,-5.072755,-5.061899,0,0,-4.361653,-4.350797,-2.676937,-2.666081
AT3G61510,ACS1,0,0,0,0,0,0,0,-0.559786,-0.5504847,-4.071388,-4.062086,-3.611968,-3.602666,-2.754068,-2.744766,-3.619891,-3.610589,-3.075831,-3.066529,-2.113664,-2.104363
AT3G62750,BGLU8,0,0,0,0,0,-1.534806,-1.525416,-1.927502,-1.918112,0,0,0,0,0,0,0,0,0,0,-3.710008,-3.700617
AT4G00180,YAB3,0,0,0,0,0,-3.874004,-3.865444,0,0,0,0,0,0,-3.793036,-3.784477,0,0,0,0,-0.6424673,-0.6339076
AT4G04030,ATOFP9,0,0,-5.763427,0,-5.757322,0,0,0,0,0,0,0,0,0,0,0,0,-1.181244,-1.175139,0,0
AT4G11460,CRK30,0,-2.492459,-2.783915,-2.482473,-2.773929,0,0,-3.034754,-3.024768,-1.974797,-1.964811,-1.107727,-1.097741,0,0,0,0,0,0,-2.515856,-2.50587
AT4G11470,CRK31,0,0,0,0,0,0,0,0,0,0,0,-4.304666,-4.294709,-1.46759,-1.457633,-1.271985,-1.262028,-3.81752,-3.807563,-2.921681,-2.911724
AT4G11890,ARCK1,0,0,0,0,0,0,0,-2.051928,-2.043592,0,0,-3.350305,-3.341969,-3.022393,-3.014057,-2.881223,-2.872887,-5.216681,-5.208345,-2.285348,-2.277012
AT4G12480,EARLI1,0,0,0,0,0,-4.418034,-4.411829,-0.5601158,-0.5539109,-7.192071,-7.185866,0,0,-6.354085,-6.34788,0,0,-3.684429,-3.678224,-2.32651,-2.320306
AT4G13240,ATROPGEF9,0,-1.138403,0,-1.128749,0,0,0,0,0,0,0,0,0,-1.485351,-1.475698,0,0,-3.144716,-3.135063,-3.026905,-3.017251
AT4G13790,SAUR25,0,-1.949195,0,-1.943607,0,-2.126248,-2.12066,-2.071905,-2.066316,-1.624587,-1.618999,-3.97835,-3.972761,-2.398245,-2.392657,0,0,-2.450616,-2.445028,-4.183747,-4.178158
AT4G15396,CYP702A6,0,-2.746277,0,-2.737433,0,-6.681551,-6.672707,-6.106781,-6.097937,-3.044493,-3.035649,-5.259212,-5.250368,-4.798139,-4.789295,-5.781986,-5.773142,-5.686708,-5.677864,-4.445958,-4.437114
AT4G17980,anac071,0,0,0,0,0,0,0,-3.347124,-3.338873,-2.346944,-2.338693,-5.277565,-5.269315,0,0,0,0,-1.122644,-1.114393,-2.434832,-2.426581
AT4G18190,ATPUP6,0,0,0,0,0,-1.581852,-1.573119,-1.788301,-1.779568,0,0,-4.722659,-4.713927,-3.30973,-3.300998,-5.078518,-5.069786,-1.213425,-1.204693,0,0
AT4G18350,ATNCED2,0,-1.134313,-4.38721,-1.124168,-4.377065,-4.338627,-4.328482,0,0,-3.463264,-3.45312,-3.216948,-3.206803,-0.7046958,-0.6945512,-1.354219,-1.344075,-3.464536,-3.454391,-3.671698,-3.661553
AT4G20370,TSF,0,0,0,0,0,0,0,0,0,0,0,0,0,0,0,-1.321619,-1.316477,-3.993732,-3.98859,-1.527727,-1.522586
AT4G20990,ACA4,0,0,0,0,0,-0.7882976,-0.7830176,-2.988605,-2.983325,-2.702125,-2.696845,0,0,-1.416774,-1.411494,0,0,-1.860746,-1.855466,0,0
AT4G21490,NDB3,0,0,-5.156154,0,-5.14643,0,0,-2.572631,-2.562907,-3.63179,-3.622066,0,0,0,0,0,0,-2.298317,-2.288593,-9.111878,-9.102154
AT4G22200,AKT2,0,0,-2.83209,0,-2.821381,-1.974409,-1.9637,0,0,-2.625788,-2.615079,-1.117099,-1.10639,0,0,0,0,0,0,0,0
AT4G22620,SAUR34,0,-1.927768,0,-1.921043,0,-3.101626,-3.0949,0,0,-1.26747,-1.260744,0,0,-2.410875,-2.404149,0,0,0,0,-1.522537,-1.515812
AT4G23220,CRK14,0,0,0,0,0,0,0,-0.5597341,-0.5500636,0,0,-3.189351,-3.17968,0,0,0,0,-2.352735,-2.343065,-2.993744,-2.984074
AT4G23990,ATCSLG3,0,-2.627127,0,-2.617022,0,-1.388118,-1.378013,0,0,0,0,0,0,-2.234424,-2.224319,-2.554807,-2.544702,0,0,0,0
AT4G24120,ATYSL1,0,0,0,0,0,-0.7868202,-0.7763951,0,0,-1.279578,-1.269153,-2.578569,-2.568144,-2.006834,-1.996409,-2.391289,-2.380864,0,0,-4.446296,-4.435871
AT4G24972,TPD1,0,-3.09099,0,-3.082689,0,0,0,0,0,-3.399857,-3.391556,0,0,0,0,0,0,0,0,0,0
AT4G25490,ATCBF1,0,-4.717231,0,-4.709393,0,-4.214884,-4.207046,0,0,-3.790517,-3.782679,0,0,0,0,0,0,-6.146682,-6.138844,0,0
AT4G25530,FWA,0,0,0,0,0,-1.548079,-1.537866,-2.814171,-2.803957,-1.785481,-1.775267,-1.121682,-1.111469,-0.7047487,-0.6945352,0,0,0,0,-0.6227923,-0.6125788
AT4G33450,ATMYB69,0,-3.214362,0,-3.206285,0,-3.323386,-3.315309,-3.81464,-3.806563,-0.6712944,-0.6632175,-2.633332,-2.625255,-4.3262,-4.318123,-5.327562,-5.319485,-4.358787,-4.35071,0,0
AT4G34770,SAUR1,0,-1.9447,-0.981492,-1.940561,-0.9773523,0,0,0,0,-0.6739143,-0.6697746,-3.430274,-3.426134,-2.422995,-2.418855,0,0,0,0,-2.64796,-2.64382
AT4G37750,ANT,0,-1.915705,-0.9861975,-1.905808,-0.9763006,-0.7869473,-0.7770504,0,0,-2.272537,-2.26264,-4.668082,-4.658186,0,0,0,0,-1.213137,-1.20324,-2.713539,-2.703643
AT4G37770,ACS8,0,-3.628282,-3.378973,-3.618913,-3.369603,-2.87716,-2.86779,-0.5597768,-0.5504073,0,0,-1.110816,-1.101446,-1.814475,-1.805106,0,0,0,0,-3.801092,-3.791722
AT4G37780,ATMYB87,0,-1.15082,0,-1.142628,0,-1.744609,-1.736417,-3.118642,-3.11045,-0.671232,-0.6630397,0,0,-2.014205,-2.006013,-3.306866,-3.298674,-4.856676,-4.848484,-4.033612,-4.025419
AT4G38840,SAUR14,0,-2.818745,0,-2.817454,0,0,0,0,0,-1.767885,-1.766594,0,0,0,0,-1.32914,-1.327848,-2.414914,-2.413623,-1.427265,-1.425974
AT4G38850,ATSAUR15,0,0,0,0,0,0,0,-4.133401,-4.128729,-2.309842,-2.305169,0,0,0,0,-1.322509,-1.317836,0,0,0,0
AT4G39000,AtGH9B17,0,-2.415642,-3.285069,-2.406514,-3.275941,-0.7871954,-0.7780675,0,0,0,0,-3.828816,-3.819688,0,0,0,0,-2.93,-2.920872,-3.558607,-3.549479
AT5G03840,TFL-1,0,0,0,0,0,0,0,-0.560167,-0.5544636,0,0,-2.457466,-2.451763,0,0,-1.32053,-1.314827,-1.214157,-1.208454,-4.772202,-4.766499
AT5G07180,ERL2,0,-4.385846,0,-4.375108,0,0,0,0,0,-3.374219,-3.363481,-2.9971,-2.986362,0,0,0,0,0,0,0,0
AT5G07190,ATS3,0,-3.444666,0,-3.437721,0,0,0,0,0,-1.824208,-1.817264,0,0,0,0,-1.341407,-1.334462,-1.229433,-1.222488,0,0
AT5G08030,AtGDPD6,0,0,0,0,0,0,0,0,0,-2.083774,-2.075658,0,0,-2.007782,-1.999666,-1.320033,-1.311918,0,0,-2.720086,-2.71197
AT5G13320,AtGH3.12,0,0,0,0,0,0,0,-4.291634,-4.281704,0,0,0,0,-3.648859,-3.638929,0,0,0,0,0,0
AT5G13930,ATCHS,0,-11.54103,0,-11.53181,0,-0.7874291,-0.7782111,0,0,-11.65255,-11.64333,-2.609331,-2.600113,0,0,0,0,-10.98688,-10.97766,0,0
AT5G14490,anac085,0,0,-1.064176,0,-1.056218,0,0,-0.4369864,-0.4290285,-3.947126,-3.939168,0,0,-0.5802583,-0.5723005,0,0,0,0,-5.726196,-5.718238
AT5G15800,AGL2,0,0,0,0,0,-0.810173,-0.8014781,-1.87017,-1.861475,-2.488731,-2.480037,-3.433846,-3.425151,-0.7260184,-0.7173235,0,0,-1.236264,-1.227569,0,0
AT5G16080,AtCXE17,0,0,0,0,0,-3.997782,-3.988919,-3.318959,-3.310095,-1.813602,-1.804738,-6.087967,-6.079103,-4.904337,-4.895473,-1.999307,-1.990443,-4.146259,-4.137395,-4.022725,-4.013862
AT5G16580,BGLU2,0,0,-3.905691,0,-3.898159,0,0,0,0,0,0,-2.456278,-2.448746,0,0,0,0,0,0,-0.6273105,-0.6197786
AT5G17170,ENH1,0,-2.6834,0,-2.6755,0,-0.8308779,-0.8229787,0,0,-1.666045,-1.658146,0,0,0,0,-4.07792,-4.070021,0,0,-1.874909,-1.867009
AT5G17860,CAX7,0,0,0,0,0,-2.493328,-2.483611,-3.901464,-3.891747,0,0,-1.893128,-1.883411,-2.454359,-2.444642,-7.493683,-7.483966,0,0,-3.233826,-3.224109
AT5G17880,CSA1,0,-1.101827,0,-1.090882,0,-7.945913,-7.934967,-8.007701,-7.996756,-7.524705,-7.51376,-7.829502,-7.818557,-8.169716,-8.158771,-8.032848,-8.021903,-7.636926,-7.625981,-7.85744,-7.846495
AT5G17890,CHS3,0,0,-0.9873701,0,-0.9760465,-9.475776,-9.464453,-9.255043,-9.243719,-9.225558,-9.214235,-9.988918,-9.977595,-9.542735,-9.531412,-9.643022,-9.631699,-9.705244,-9.69392,-9.714417,-9.703094
AT5G18560,PUCHI,0,-1.915641,-0.9852873,-1.906839,-0.9764859,0,0,0,0,0,0,0,0,0,0,0,0,-1.21339,-1.204588,-3.976085,-3.967283
AT5G20710,BGAL7,0,-4.590042,-1.050865,-4.579782,-1.040604,0,0,-0.6241264,-0.613866,-2.71821,-2.707949,0,0,-4.025789,-4.015529,-5.426025,-5.415765,0,0,-2.92582,-2.915559
AT5G23000,ATMYB37,0,0,0,0,0,-2.845163,-2.836681,-3.754503,-3.746022,0,0,-3.636691,-3.62821,-3.769169,-3.760687,-2.409516,-2.401035,0,0,-4.765253,-4.756771
AT5G24550,BGLU32,0,0,0,0,0,-2.516851,-2.507837,0,0,0,0,0,0,-3.594362,-3.585347,0,0,0,0,-1.312362,-1.303348
AT5G24655,LSU4,0,0,0,0,0,-5.355302,-5.350742,-5.44188,-5.437321,-6.481341,-6.476781,-3.403667,-3.399107,-6.593394,-6.588834,-3.419826,-3.415266,-6.676029,-6.671469,-5.997906,-5.993346
AT5G24660,LSU2,0,0,0,0,0,-4.87756,-4.872311,-6.526299,-6.52105,-6.285374,-6.280126,-6.357642,-6.352393,-6.903181,-6.897932,-5.973331,-5.968082,-7.334653,-7.329404,-6.113147,-6.107899
AT5G24860,ATFPF1,0,0,-2.615391,0,-2.610411,-1.679457,-1.674477,-0.6212473,-0.6162679,-1.619718,-1.614738,-2.750676,-2.745696,-0.6194156,-0.6144362,-5.690747,-5.685768,-5.111935,-5.106956,-3.247801,-3.242822
AT5G26140,ATLOG9,0,0,0,0,0,0,0,0,0,-3.298721,-3.294256,0,0,-1.376838,-1.372373,0,0,-3.684881,-3.680416,0,0
AT5G26220,AtGGCT2;1,0,0,0,0,0,-1.591359,-1.583859,0,0,-0.6768096,-0.6693087,0,0,-1.712115,-1.704614,-4.721054,-4.713553,0,0,0,0
AT5G26950,AGL93,0,0,0,0,0,-4.041209,-4.03531,-2.283706,-2.277806,-4.207165,-4.201266,0,0,-0.7005383,-0.694639,-4.394996,-4.389096,-2.918281,-2.912382,-2.111034,-2.105134
AT5G27060,AtRLP53,0,0,0,0,0,-3.417054,-3.406428,-3.788481,-3.777854,-3.523257,-3.51263,0,0,-3.541337,-3.53071,-2.784233,-2.773606,-2.85212,-2.841493,-5.479051,-5.468424
AT5G28030,DES1,0,0,0,0,0,-2.996382,-2.986746,-1.833809,-1.824173,-1.801487,-1.791851,-3.674065,-3.664429,-1.732708,-1.723072,-3.504803,-3.495167,-4.152324,-4.142688,-3.339593,-3.329957
AT5G36110,CYP716A1,0,-1.157784,0,-1.148678,0,-0.8018894,-0.7927833,-3.345362,-3.336256,0,0,-5.422723,-5.413617,-5.159262,-5.150156,-7.077589,-7.068483,-5.737531,-5.728424,-4.933184,-4.924078
AT5G36970,NHL25,0,0,0,0,0,0,0,-3.885395,-3.878492,0,0,-2.633774,-2.626872,0,0,0,0,0,0,0,0
AT5G37820,NIP4;2,0,0,0,0,0,0,0,0,0,-0.7458789,-0.7389133,-4.232643,-4.225677,0,0,-2.835219,-2.828254,0,0,-4.174497,-4.167532
AT5G38430,RBCS1B,0,-4.558798,0,-4.550412,0,0,0,0,0,-5.500846,-5.49246,0,0,0,0,0,0,-1.528858,-1.520472,0,0
AT5G38800,AtbZIP43,0,0,0,0,0,0,0,0,0,0,0,-2.856181,-2.851809,0,0,-4.188908,-4.184536,0,0,0,0
AT5G39190,ATGER2,0,0,0,0,0,0,0,-6.315126,-6.308739,-2.300159,-2.293771,-3.392702,-3.386315,0,0,-4.639708,-4.63332,-5.816147,-5.809759,-7.513583,-7.507195
AT5G42120,LecRK-S.6,0,-2.699473,-3.124639,-2.689619,-3.114785,-2.940474,-2.93062,0,0,-4.1943,-4.184445,-3.457303,-3.447449,0,0,0,0,0,0,-2.097959,-2.088105
AT5G42410,SAUR43,0,-1.957072,0,-1.955067,0,0,0,0,0,-0.6753879,-0.6733824,0,0,0,0,-2.407253,-2.405248,-2.827695,-2.82569,-1.88667,-1.884665
AT5G42600,MRN1,0,0,-27.8777,0,-27.85845,0,0,0,0,0,0,-30.98104,-30.96179,-24.72458,-24.70533,-27.48654,-27.46729,-28.53704,-28.51779,-31.87924,-31.85998
AT5G43650,BHLH92,0,0,0,0,0,0,0,-3.793668,-3.786563,0,0,-1.174761,-1.167656,-3.116646,-3.109542,-1.391765,-1.38466,0,0,-3.313241,-3.306136
AT5G45070,AtPP2-A8,0,0,0,0,0,-8.156973,-8.148223,-8.959237,-8.950487,-8.430055,-8.421304,-8.322333,-8.313582,-10.09836,-10.08961,-10.14893,-10.14018,-9.339966,-9.331216,-9.710059,-9.701308
AT5G45080,AtPP2-A6,0,0,0,0,0,-7.845929,-7.837115,-8.091173,-8.082359,-7.670883,-7.662069,-7.508931,-7.500117,-9.466288,-9.457474,-9.372079,-9.363264,-8.613124,-8.60431,-7.755054,-7.74624
AT5G45090,AtPP2-A7,0,0,0,0,0,-3.482926,-3.475519,-3.08446,-3.077052,-1.297604,-1.290196,-3.192749,-3.185341,-5.937909,-5.930501,-4.915883,-4.908475,-1.979007,-1.971599,-3.948146,-3.940738
AT5G46510,VICTL,0,0,0,0,0,-8.030641,-8.019383,-7.883396,-7.872138,-7.627234,-7.615976,-8.477771,-8.466513,-7.631798,-7.62054,-8.856927,-8.84567,-8.437197,-8.425939,-8.035521,-8.024263
AT5G46520,VICTR,0,0,0,0,0,-6.729658,-6.718594,-6.637589,-6.626525,-6.665489,-6.654426,-6.035276,-6.024213,-7.243032,-7.231968,-7.082885,-7.071821,-7.284986,-7.273923,-6.765905,-6.754841
AT5G47470,UMAMIT7,0,-2.196124,-2.851316,-2.187711,-2.842903,-1.926375,-1.917962,0,0,-0.796376,-0.7879632,0,0,-2.412093,-2.403681,-1.145823,-1.13741,0,0,-3.124565,-3.116152
AT5G50580,AT-SAE1-2,0,-29.03941,-34.19762,-29.03188,-34.19008,0,0,-35.03629,-35.02875,-33.61326,-33.60573,-35.01855,-35.01101,0,0,0,0,0,0,-33.40917,-33.40163
AT5G51330,DYAD,0,0,0,0,0,-3.719225,-3.709396,-4.445097,-4.435268,-1.775575,-1.765745,-1.915274,-1.905444,0,0,-2.46,-2.450171,-1.18838,-1.178551,-2.84618,-2.83635
AT5G51480,SKS2,0,-1.134211,-4.022871,-1.124058,-4.012717,-1.572322,-1.562168,0,0,-3.219018,-3.208864,0,0,0,0,0,0,-3.147988,-3.137835,0,0
AT5G52320,CYP96A4,0,-4.784328,-0.994769,-4.774987,-0.9854279,-1.511902,-1.502561,-2.282713,-2.273372,-0.6616474,-0.6523063,-1.943154,-1.933813,-1.693447,-1.684106,0,0,0,0,0,0
AT5G53950,ANAC098,0,0,0,0,0,-3.92756,-3.918933,-2.378909,-2.370282,-4.100603,-4.091976,0,0,0,0,-4.054012,-4.045385,-1.213454,-1.204827,-0.6254754,-0.6168488
AT5G56510,APUM12,0,0,0,0,0,-0.7916958,-0.7818787,-1.758046,-1.748229,0,0,-1.266152,-1.256335,0,0,0,0,-3.461379,-3.451562,-4.099781,-4.089964
AT5G58780,AtcPT5,0,0,-2.854886,0,-2.847619,0,0,0,0,-2.994866,-2.9876,0,0,-2.864486,-2.85722,0,0,0,0,-0.6277588,-0.6204926
AT5G59320,LTP3,0,0,-1.625802,0,-1.621179,0,0,0,0,0,0,-2.632836,-2.628213,-0.6992675,-0.6946448,-4.053452,-4.04883,-1.214422,-1.209799,0,0
AT5G59370,ACT4,0,0,-3.344581,0,-3.335391,-0.8085249,-0.7993355,0,0,-2.957835,-2.948646,0,0,0,0,0,0,0,0,-1.948484,-1.939295
AT5G63560,FACT,0,0,0,0,0,-5.228521,-5.219365,-6.96573,-6.956574,0,0,-6.843289,-6.834132,-7.296999,-7.287842,-8.364459,-8.355303,-7.404913,-7.395757,-2.100349,-2.091192
AT5G63580,ATFLS2,0,-1.169298,0,-1.161022,0,0,0,-3.871561,-3.863285,-3.201116,-3.19284,0,0,0,0,0,0,0,0,0,0
AT5G63750,ARI13,0,-3.135289,0,-3.125941,0,-2.544844,-2.535496,-2.89026,-2.880912,0,0,0,0,0,0,0,0,0,0,0,0
ATMG00040,ORF315,0,0,0,0,0,-2.586425,-2.580083,-4.051138,-4.044796,-3.463888,-3.457546,-2.689526,-2.683184,-2.567648,-2.561306,-4.639374,-4.633032,-2.861763,-2.855421,-2.404673,-2.398331
ATMG00050,ORF131,0,0,-0.9725995,0,-0.9794611,-3.033968,-3.040829,-2.428238,-2.435099,-1.84036,-1.847222,-1.124937,-1.131798,-1.658193,-1.665055,-3.236393,-3.243254,-1.215154,-1.222016,-0.651227,-0.6580885
ATMG00600,ORF106C,0,-2.007866,-3.200124,-2.021708,-3.213966,0,0,-0.5588578,-0.5727,0,0,0,0,-0.6770053,-0.6908475,-2.541485,-2.555327,0,0,0,0
ATMG01110,ORF251,0,-1.942314,-4.587852,-1.937849,-4.583387,-2.954662,-2.950197,0,0,0,0,-1.720039,-1.715574,0,0,-2.553188,-2.548723,0,0,0,0
