_MEMBER_hits,_LogP_hits,GO,_PATTERN_,_RANK_,GiniIndex,Category,CategoryID,Description,PARENT_GO,LogP,Enrichment,Z-score,#TotalGeneInLibrary,#GeneInGO,#GeneInHitList,#GeneInGOAndHitList,%InGO,STDV %InGO,GeneID,Hits,Log(q-value),EvidenceCutoff,GROUP_ID,FirstInGroupByEnrichment,FirstInGroupByLogP,BestLogPInGroup,BestEnrichmentInGroup,URL
1,-10.354934825082017,GO:0006310,M1,1,0,GO Biological Processes,19,DNA recombination,19_GO:0008152 metabolic process,-10.354934825082017,2.751845363938387,7.746474748168418,18982,175,1892,48,2.536997885835095,0.36150922070501207,815890|816716|816748|817930|819743|820123|820506|820589|821180|821254|822040|822331|824375|825124|827058|827156|827577|827651|827854|828016|829211|829352|829406|829727|830284|830659|831710|832240|832338|834339|835166|835495|835822|835850|836267|836473|836489|836573|836584|837893|838834|839457|839681|840448|841279|841684|842384|842815,MCM9|EME1A|EME1B|AT2G33640|RECQI1|MCM8|ATSPO11-1|NAP1;4|AT3G02930|NBS1|MSH7|AT3G27120|GR1|SYN3|PRD1|AT4G14970|SNI1|AT4G19130|BRCA1|FDM2|MUS81|AT4G32190|AT4G32700|RecQl3|AT5G04050|SMC6A|BRCA2B|emb1379|RAD5|AT5G43210|AT5G50930|AT5G54090|ATLIG4|XRCC3|MIM|RMI1|AT5G63690|XRCC2|FAS2|AHP2|ZYP1b|AT1G04650|AT1G27880|FANCM|AT1G48580|AT1G52530|RECQ4B|AT1G65070,-6.551614301503263,0,1,1,1,-10.354934825082017,2.957026816512741,
1,-9.053609514259978,GO:0006302,M1,1,0,GO Biological Processes,19,double-strand break repair,19_GO:0050896 response to stimulus,-9.053609514259978,2.8560438882116017,7.2543671749380545,18982,137,1892,39,2.061310782241015,0.3266542515320006,815890|817930|819743|820123|820506|820589|821254|822331|824375|825124|827156|827651|827854|828016|828049|829211|829727|830631|830659|831710|832240|832338|834082|834339|835822|835850|836267|836473|836489|836573|836584|837592|837726|838484|839681|840448|841684|842384|842991,MCM9|AT2G33640|RECQI1|MCM8|ATSPO11-1|NAP1;4|NBS1|AT3G27120|GR1|SYN3|AT4G14970|AT4G19130|BRCA1|FDM2|PARP2|MUS81|RecQl3|AT5G07400|SMC6A|BRCA2B|emb1379|RAD5|ATR|AT5G43210|ATLIG4|XRCC3|MIM|RMI1|AT5G63690|XRCC2|FAS2|Pol{lambda}|AT1G11800|AT1G19025|AT1G27880|FANCM|AT1G52530|RECQ4B|LIG6,-5.566619882036144,0,1,0,0,-10.354934825082017,2.957026816512741,
1,-8.892819150895235,GO:0006974,M1,1,0,GO Biological Processes,19,cellular response to DNA damage stimulus,19_GO:0050896 response to stimulus,-8.892819150895235,2.033307963354475,6.724442907876729,18982,375,1892,76,4.016913319238901,0.4514223113994051,815890|816391|816716|816748|817744|817745|817930|819743|820123|820506|820589|821254|822040|822331|822385|823937|824001|824051|824375|825124|826886|827156|827497|827577|827651|827854|828016|828049|829077|829206|829211|829727|830631|830659|830705|831710|832240|832250|832338|834082|834138|834339|834503|834601|834970|835150|835166|835372|835495|835822|835850|836267|836473|836489|836573|836584|836745|837100|837406|837592|837726|837792|838228|838484|838492|839681|840448|841202|841279|841422|841684|842042|842384|842815|842991|844095,MCM9|CHR8|EME1A|EME1B|PARG2|TEJ|AT2G33640|RECQI1|MCM8|ATSPO11-1|NAP1;4|NBS1|MSH7|AT3G27120|AT3G27630|AT3G47830|AT3G48425|AT3G48900|GR1|SYN3|AT4G12740|AT4G14970|AT4G17760|SNI1|AT4G19130|BRCA1|FDM2|PARP2|AT4G29560|AT4G30825|MUS81|RecQl3|AT5G07400|SMC6A|AT5G08110|BRCA2B|emb1379|AT5G21900|RAD5|ATR|XPB2|AT5G43210|POLH|SUV2|AT5G49110|AT5G50780|AT5G50930|AT5G52950|AT5G54090|ATLIG4|XRCC3|MIM|RMI1|AT5G63690|XRCC2|FAS2|ATRAD17|NTH2|emb2411|Pol{lambda}|AT1G11800|PHR1|REV7|AT1G19025|DMS11|AT1G27880|FANCM|ATE2F2|AT1G48580|AT1G49980|AT1G52530|AT1G55915|RECQ4B|AT1G65070|LIG6|AT1G77600,-5.566619882036144,0,1,0,0,-10.354934825082017,2.957026816512741,
1,-8.712069511483378,GO:0006281,M1,1,0,GO Biological Processes,19,DNA repair,19_GO:0050896 response to stimulus,-8.712069511483378,2.0839580680171395,6.680290029237455,18982,337,1892,70,3.699788583509514,0.4339518140870137,815890|816391|816716|816748|817744|817745|817930|819743|820123|820506|820589|821254|822040|822331|823937|824001|824051|824375|825124|826886|827156|827497|827651|827854|828016|828049|829077|829206|829211|829727|830631|830659|830705|831710|832240|832250|832338|834082|834138|834339|834503|834970|835150|835166|835495|835822|835850|836267|836473|836489|836573|836584|836745|837100|837406|837592|837726|837792|838484|838492|839681|840448|841279|841422|841684|842042|842384|842815|842991|844095,MCM9|CHR8|EME1A|EME1B|PARG2|TEJ|AT2G33640|RECQI1|MCM8|ATSPO11-1|NAP1;4|NBS1|MSH7|AT3G27120|AT3G47830|AT3G48425|AT3G48900|GR1|SYN3|AT4G12740|AT4G14970|AT4G17760|AT4G19130|BRCA1|FDM2|PARP2|AT4G29560|AT4G30825|MUS81|RecQl3|AT5G07400|SMC6A|AT5G08110|BRCA2B|emb1379|AT5G21900|RAD5|ATR|XPB2|AT5G43210|POLH|AT5G49110|AT5G50780|AT5G50930|AT5G54090|ATLIG4|XRCC3|MIM|RMI1|AT5G63690|XRCC2|FAS2|ATRAD17|NTH2|emb2411|Pol{lambda}|AT1G11800|PHR1|AT1G19025|DMS11|AT1G27880|FANCM|AT1G48580|AT1G49980|AT1G52530|AT1G55915|RECQ4B|AT1G65070|LIG6|AT1G77600,-5.5108089792325865,0,1,0,0,-10.354934825082017,2.957026816512741,
1,-7.197756792142939,GO:0006259,M1,1,0,GO Biological Processes,19,DNA metabolic process,19_GO:0008152 metabolic process,-7.197756792142939,1.7001841026150375,5.778842090181438,18982,596,1892,101,5.338266384778013,0.5168050892311908,815890|816391|816716|816748|816875|817744|817745|817892|817930|818083|819743|820123|820506|820589|821180|821254|822040|822331|822385|823508|823937|824001|824006|824051|824375|825124|826886|827058|827156|827497|827577|827651|827854|828016|828049|828244|828245|829077|829206|829211|829254|829352|829406|829727|830284|830631|830659|830705|831018|831710|831792|832240|832250|832338|832610|834044|834082|834138|834339|834503|834970|835150|835166|835372|835495|835780|835822|835850|836267|836473|836489|836573|836584|836745|837100|837238|837339|837406|837592|837726|837792|837893|838484|838492|838834|839457|839681|840340|840448|841202|841279|841422|841559|841684|841923|842042|842384|842815|842991|843305|844095,MCM9|CHR8|EME1A|EME1B|ICK1|PARG2|TEJ|SUVH2|AT2G33640|SUVH5|RECQI1|MCM8|ATSPO11-1|NAP1;4|AT3G02930|NBS1|MSH7|AT3G27120|AT3G27630|DCL3|AT3G47830|AT3G48425|EMB2423|AT3G48900|GR1|SYN3|AT4G12740|PRD1|AT4G14970|AT4G17760|SNI1|AT4G19130|BRCA1|FDM2|PARP2|ENDO4|ENDO3|AT4G29560|AT4G30825|MUS81|AT4G31270|AT4G32190|AT4G32700|RecQl3|AT5G04050|AT5G07400|SMC6A|AT5G08110|AT5G11470|BRCA2B|AT5G02220|emb1379|AT5G21900|RAD5|CYCA2;1|AT5G40460|ATR|XPB2|AT5G43210|POLH|AT5G49110|AT5G50780|AT5G50930|AT5G52950|AT5G54090|ET2|ATLIG4|XRCC3|MIM|RMI1|AT5G63690|XRCC2|FAS2|ATRAD17|NTH2|AT1G07270|AT1G08180|emb2411|Pol{lambda}|AT1G11800|PHR1|AHP2|AT1G19025|DMS11|ZYP1b|AT1G04650|AT1G27880|AT1G34380|FANCM|ATE2F2|AT1G48580|AT1G49980|AT1G51355|AT1G52530|AT1G54840|AT1G55915|RECQ4B|AT1G65070|LIG6|TCP15|AT1G77600,-4.093406272900204,0,1,0,0,-10.354934825082017,2.957026816512741,
1,-7.100550941265459,GO:0000725,M1,1,0,GO Biological Processes,19,recombinational repair,19_GO:0050896 response to stimulus,-7.100550941265459,2.909503171247357,6.370088507803223,18982,100,1892,29,1.53276955602537,0.28243839071749466,815890|819743|820123|820589|821254|822331|824375|825124|827651|827854|828016|829211|829727|830659|831710|832240|832338|834339|835850|836267|836473|836489|836573|836584|839681|840448|841279|841684|842384,MCM9|RECQI1|MCM8|NAP1;4|NBS1|AT3G27120|GR1|SYN3|AT4G19130|BRCA1|FDM2|MUS81|RecQl3|SMC6A|BRCA2B|emb1379|RAD5|AT5G43210|XRCC3|MIM|RMI1|AT5G63690|XRCC2|FAS2|AT1G27880|FANCM|AT1G48580|AT1G52530|RECQ4B,-4.085471114349872,0,1,0,0,-10.354934825082017,2.957026816512741,
1,-7.043693597914369,GO:0000724,M1,1,0,GO Biological Processes,19,double-strand break repair via homologous recombination,19_GO:0050896 response to stimulus,-7.043693597914369,2.957026816512741,6.362476165625821,18982,95,1892,28,1.4799154334038056,0.27760051762182997,815890|819743|820123|820589|821254|822331|824375|825124|827651|827854|828016|829211|829727|830659|831710|832240|832338|834339|835850|836267|836473|836489|836573|836584|839681|840448|841684|842384,MCM9|RECQI1|MCM8|NAP1;4|NBS1|AT3G27120|GR1|SYN3|AT4G19130|BRCA1|FDM2|MUS81|RecQl3|SMC6A|BRCA2B|emb1379|RAD5|AT5G43210|XRCC3|MIM|RMI1|AT5G63690|XRCC2|FAS2|AT1G27880|FANCM|AT1G52530|RECQ4B,-4.085471114349872,0,1,0,0,-10.354934825082017,2.957026816512741,
1,-6.409876392619873,GO:0009658,M1,1,0,GO Biological Processes,19,chloroplast organization,19_GO:0071840 cellular component organization or biogenesis,-6.409876392619873,2.1008790950651415,5.637923262202234,18982,234,1892,49,2.5898520084566594,0.3651564779559757,816304|818173|818237|819295|819961|821298|822052|822157|823848|824576|824664|825211|827922|828697|828977|829266|829555|829626|830684|831222|831259|831647|832438|832458|832685|833476|834025|834442|834902|835388|835506|835652|836364|836619|837376|837455|839753|839941|841248|842491|842492|842496|842672|842789|843064|843251|843752|843839|844263,AT2G17940|EMB3114|AT2G36650|PSI-P|AT3G07700|COL2|RSY3|CHUP1|AT3G46950|FLN1|SMZ|SHOT1|AGY1|NFU3|MRL7|ACDO1|AT4G34090|ASE2|AT5G07900|AT5G13770|ABCI11|VAR3|RUP2|AT5G23930|AT5G26160|EGY1|AT5G40270|GLK2|AT5G48470|AT5G53080|PTAC15|AT5G55580|CDF1|AT5G64950|SIG2|CRB|AT1G28530|EMB2279|AT1G48280|AT1G61960|AT1G61970|AT1G62010|MURE|APO1|emb1688|FLN2|AT1G74120|ARC3|AT1G79220,-3.5096458560330626,0,2,1,1,-6.409876392619873,2.1008790950651415,
1,-6.327518206819186,GO:0009657,M1,1,0,GO Biological Processes,19,plastid organization,19_GO:0071840 cellular component organization or biogenesis,-6.327518206819186,1.940765258378678,5.510953041746235,18982,305,1892,59,3.1183932346723044,0.3996000558044663,816304|818173|818237|819185|819295|819961|821298|822052|822157|823814|823848|823899|824576|824664|825211|825304|827144|827922|828697|828977|829266|829555|829626|830684|831222|831259|831647|832376|832438|832458|832685|833476|834025|834442|834902|835388|835506|835652|835994|836364|836619|837376|837455|839753|839941|841248|842491|842492|842496|842672|842789|843064|843189|843251|843502|843752|843839|844263|10723110,AT2G17940|EMB3114|AT2G36650|CPFTSY|PSI-P|AT3G07700|COL2|RSY3|CHUP1|AT3G46610|AT3G46950|NOA1|FLN1|SMZ|SHOT1|AT3G61320|SECE1|AGY1|NFU3|MRL7|ACDO1|AT4G34090|ASE2|AT5G07900|AT5G13770|ABCI11|VAR3|HCF136|RUP2|AT5G23930|AT5G26160|EGY1|AT5G40270|GLK2|AT5G48470|AT5G53080|PTAC15|AT5G55580|AT5G58784|CDF1|AT5G64950|SIG2|CRB|AT1G28530|EMB2279|AT1G48280|AT1G61960|AT1G61970|AT1G62010|MURE|APO1|emb1688|PSRP3/1|FLN2|PDE338|AT1G74120|ARC3|AT1G79220|AT5G60335,-3.478440192679757,0,2,0,0,-6.409876392619873,2.1008790950651415,
1,-5.403185013763995,GO:0015979,M1,1,0,GO Biological Processes,19,photosynthesis,19_GO:0008152 metabolic process,-5.403185013763995,2.0880383339951276,5.107645997820717,18982,197,1892,41,2.1670190274841437,0.33474449194164907,815111|816078|818005|818056|818622|819185|819195|819295|819705|823814|824559|824699|825304|825866|826626|826803|827223|827922|828096|828489|828697|829266|829678|833476|835168|835506|835515|836059|836789|837040|837358|838151|839871|841984|842446|842789|842794|843029|843215|843491|6240517,PGR5|OTP51|LHB1B2|AT2G34910|FER4|CPFTSY|AT2G45870|PSI-P|AT3G05410|AT3G46610|SIGC|PPL1|AT3G61320|PSBQ-2|LHCB5|PGRL1B|PPD1|AGY1|RSH1|NdhS|NFU3|ACDO1|HCF244|EGY1|FUM2|PTAC15|LHCB3|AT5G59400|PSBO1|LPA19|PSAO|LHCB6|CAB1|NDF5|LHCA3|APO1|SIGA|RBCS1A|STN7|AT1G71500|WTF1,-2.599864490185241,0,3,1,1,-5.403185013763995,2.348095002474023,
1,-4.8655650993196025,GO:0019684,M1,1,0,GO Biological Processes,19,"photosynthesis, light reaction",19_GO:0008152 metabolic process,-4.8655650993196025,2.309129500989966,4.905600492536681,18982,126,1892,29,1.53276955602537,0.28243839071749466,815111|816078|818005|818056|819185|819195|819295|823814|825304|825866|826626|826803|827223|828489|828697|829266|829678|833476|835515|836059|836789|837040|837358|838151|839871|841984|842446|843215|843491,PGR5|OTP51|LHB1B2|AT2G34910|CPFTSY|AT2G45870|PSI-P|AT3G46610|AT3G61320|PSBQ-2|LHCB5|PGRL1B|PPD1|NdhS|NFU3|ACDO1|HCF244|EGY1|LHCB3|AT5G59400|PSBO1|LPA19|PSAO|LHCB6|CAB1|NDF5|LHCA3|STN7|AT1G71500,-2.2125256461918332,0,3,0,0,-5.403185013763995,2.348095002474023,
1,-2.254792447610271,GO:0009767,M1,1,0,GO Biological Processes,19,photosynthetic electron transport chain,19_GO:0008152 metabolic process,-2.254792447610271,2.348095002474023,3.0788310107139405,18982,47,1892,11,0.5813953488372093,0.17478696536696944,815111|819185|819295|825866|826803|828489|829266|836059|836789|837358|841984,PGR5|CPFTSY|PSI-P|PSBQ-2|PGRL1B|NdhS|ACDO1|AT5G59400|PSBO1|PSAO|NDF5,-0.3431766848015235,0,3,0,0,-5.403185013763995,2.348095002474023,
1,-5.346012349738628,GO:0009451,M1,1,0,GO Biological Processes,19,RNA modification,19_GO:0008152 metabolic process,-5.346012349738628,1.7947183076760924,4.927253235679721,18982,341,1892,61,3.2241014799154333,0.40609476552012963,814804|815830|815845|816576|816772|817933|819880|820459|820653|821642|821914|822194|822262|822494|822496|823832|823907|824800|825486|825526|825800|827041|827142|827584|827878|828187|828375|828842|829193|829380|829871|829892|831168|831549|831647|832021|832343|833731|833931|834446|834949|835172|835362|836782|837123|837510|838888|839121|839283|839402|841092|841167|841424|842088|842970|843343|843487|843585|843800|844054|3768581,AT2G02750|AT2G13440|SLO2|MEF21|SLO1|AT2G33680|AT3G06950|MEF22|AT3G14330|AT3G20930|AT3G23330|AT3G25970|AT3G26540|AT3G28640|AT3G28660|CRR2|AT3G47530|AT3G56330|IPT3|AT3G63510|AT4G04670|AT4G14050|LOI1|AT4G18520|AT4G21300|AT4G02750|AT4G22760|AT4G27340|MEF29|MEF8S|AT4G37170|AT4G37380|RARE1|AT5G16860|VAR3|MEF18|EMB1030|AT5G37530|AT5G39350|AT5G44230|LPA66|AT5G50990|AT5G52850|AT5G66500|MEF3|AT1G09800|AT1G22830|AT1G25360|PFC1|AT1G04840|AT1G45231|DYW1|AT1G50000|AT1G56345|pde194|EMB25|AT1G71460|AT1G72530|OTP87|AT1G77170|AT2G35382,-2.5840845113180992,0,4,1,1,-5.346012349738628,1.7947183076760924,
1,-5.033668197202691,GO:0045786,M1,1,0,GO Biological Processes,19,negative regulation of cell cycle,19_GO:0048519 negative regulation of biological process,-5.033668197202691,2.7249497559575078,5.176374000338032,18982,81,1892,22,1.1627906976744187,0.2464622708056519,816875|821254|822331|822385|827156|827497|827854|829211|831792|834044|834082|834601|835372|836489|836745|837238|837339|839453|839457|840448|841559|841684,ICK1|NBS1|AT3G27120|AT3G27630|AT4G14970|AT4G17760|BRCA1|MUS81|AT5G02220|AT5G40460|ATR|SUV2|AT5G52950|AT5G63690|ATRAD17|AT1G07270|AT1G08180|WEE1|AT1G04650|FANCM|AT1G51355|AT1G52530,-2.309528919671562,0,5,1,1,-5.033668197202691,6.019661733615221,
1,-3.9907149481081703,GO:0000077,M1,1,0,GO Biological Processes,19,DNA damage checkpoint,19_GO:0048519 negative regulation of biological process,-3.9907149481081703,4.7213033204825265,5.107309620510536,18982,17,1892,8,0.42283298097251587,0.14917764423271737,821254|827156|827497|829211|834082|835372|836745|841684,NBS1|AT4G14970|AT4G17760|MUS81|ATR|AT5G52950|ATRAD17|AT1G52530,-1.41784334590769,0,5,0,0,-5.033668197202691,6.019661733615221,
1,-3.9506986411407117,GO:0031570,M1,1,0,GO Biological Processes,19,DNA integrity checkpoint,19_GO:0048519 negative regulation of biological process,-3.9506986411407117,3.8587575215482195,4.853328899516679,18982,26,1892,10,0.5285412262156448,0.1666971256775977,821254|827156|827497|829211|834082|835372|836745|837238|839453|841684,NBS1|AT4G14970|AT4G17760|MUS81|ATR|AT5G52950|ATRAD17|AT1G07270|WEE1|AT1G52530,-1.4026506226652637,0,5,0,0,-5.033668197202691,6.019661733615221,
1,-3.3764075836558702,GO:0045930,M1,1,0,GO Biological Processes,19,negative regulation of mitotic cell cycle,19_GO:0048519 negative regulation of biological process,-3.3764075836558702,2.701130265083754,4.087078839885157,18982,52,1892,14,0.7399577167019028,0.1970289821134053,821254|822385|827156|829211|831792|834044|835372|836489|836745|837238|837339|839453|841559|841684,NBS1|AT3G27630|AT4G14970|MUS81|AT5G02220|AT5G40460|AT5G52950|AT5G63690|ATRAD17|AT1G07270|AT1G08180|WEE1|AT1G51355|AT1G52530,-0.9275308068671154,0,5,0,0,-5.033668197202691,6.019661733615221,
1,-2.9424552922913363,GO:0044774,M1,1,0,GO Biological Processes,19,mitotic DNA integrity checkpoint,19_GO:0048519 negative regulation of biological process,-2.9424552922913363,3.901632605120978,4.097913445612975,18982,18,1892,7,0.3699788583509514,0.1395799373889205,821254|827156|829211|835372|836745|837238|841684,NBS1|AT4G14970|MUS81|AT5G52950|ATRAD17|AT1G07270|AT1G52530,-0.6968971691884595,0,5,0,0,-5.033668197202691,6.019661733615221,
1,-2.9320159687002185,GO:0010948,M1,1,0,GO Biological Processes,19,negative regulation of cell cycle process,19_GO:0048519 negative regulation of biological process,-2.9320159687002185,2.5573726319280357,3.705441217113798,18982,51,1892,13,0.6871035940803383,0.1899124200886558,821254|822331|822385|831792|834044|835372|836745|837238|837339|839457|840448|841559|841684,NBS1|AT3G27120|AT3G27630|AT5G02220|AT5G40460|AT5G52950|ATRAD17|AT1G07270|AT1G08180|AT1G04650|FANCM|AT1G51355|AT1G52530,-0.6968971691884595,0,5,0,0,-5.033668197202691,6.019661733615221,
1,-2.6632551083453855,GO:0000075,M1,1,0,GO Biological Processes,19,cell cycle checkpoint,19_GO:0048519 negative regulation of biological process,-2.6632551083453855,2.6276301218161686,3.513495937150826,18982,42,1892,11,0.5813953488372093,0.17478696536696944,821254|827156|827497|829211|834082|835372|836489|836745|837238|839453|841684,NBS1|AT4G14970|AT4G17760|MUS81|ATR|AT5G52950|AT5G63690|ATRAD17|AT1G07270|WEE1|AT1G52530,-0.5442502855883188,0,5,0,0,-5.033668197202691,6.019661733615221,
1,-2.5683975432367605,GO:0044773,M1,1,0,GO Biological Processes,19,mitotic DNA damage checkpoint,19_GO:0048519 negative regulation of biological process,-2.5683975432367605,4.56034979819335,3.9300038748119746,18982,11,1892,5,0.2642706131078224,0.11802914310682612,821254|827156|829211|835372|841684,NBS1|AT4G14970|MUS81|AT5G52950|AT1G52530,-0.4640470239940252,0,5,0,0,-5.033668197202691,6.019661733615221,
1,-2.213088541742697,GO:0007093,M1,1,0,GO Biological Processes,19,mitotic cell cycle checkpoint,19_GO:0048519 negative regulation of biological process,-2.213088541742697,2.579855028692238,3.1126487192176433,18982,35,1892,9,0.47568710359408034,0.15818478793713323,821254|827156|829211|835372|836489|836745|837238|839453|841684,NBS1|AT4G14970|MUS81|AT5G52950|AT5G63690|ATRAD17|AT1G07270|WEE1|AT1G52530,-0.3233318405629896,0,5,0,0,-5.033668197202691,6.019661733615221,
1,-2.197233438427451,GO:0000076,M1,1,0,GO Biological Processes,19,DNA replication checkpoint,19_GO:0048519 negative regulation of biological process,-2.197233438427451,3.8587575215482195,3.4306456116592545,18982,13,1892,5,0.2642706131078224,0.11802914310682612,835372|836745|837238|839453|841684,AT5G52950|ATRAD17|AT1G07270|WEE1|AT1G52530,-0.3233318405629896,0,5,0,0,-5.033668197202691,6.019661733615221,
1,-2.197233438427451,GO:0010972,M1,1,0,GO Biological Processes,19,negative regulation of G2/M transition of mitotic cell cycle,19_GO:0048519 negative regulation of biological process,-2.197233438427451,3.8587575215482195,3.4306456116592545,18982,13,1892,5,0.2642706131078224,0.11802914310682612,821254|835372|836745|837238|841684,NBS1|AT5G52950|ATRAD17|AT1G07270|AT1G52530,-0.3233318405629896,0,5,0,0,-5.033668197202691,6.019661733615221,
1,-2.197233438427451,GO:0044818,M1,1,0,GO Biological Processes,19,mitotic G2/M transition checkpoint,19_GO:0048519 negative regulation of biological process,-2.197233438427451,3.8587575215482195,3.4306456116592545,18982,13,1892,5,0.2642706131078224,0.11802914310682612,821254|835372|836745|837238|841684,NBS1|AT5G52950|ATRAD17|AT1G07270|AT1G52530,-0.3233318405629896,0,5,0,0,-5.033668197202691,6.019661733615221,
1,-2.197233438427451,GO:1902750,M1,1,0,GO Biological Processes,19,negative regulation of cell cycle G2/M phase transition,19_GO:0048519 negative regulation of biological process,-2.197233438427451,3.8587575215482195,3.4306456116592545,18982,13,1892,5,0.2642706131078224,0.11802914310682612,821254|835372|836745|837238|841684,NBS1|AT5G52950|ATRAD17|AT1G07270|AT1G52530,-0.3233318405629896,0,5,0,0,-5.033668197202691,6.019661733615221,
1,-2.1200441092654057,GO:0044839,M1,1,0,GO Biological Processes,19,cell cycle G2/M phase transition,19_GO:0009987 cellular process,-2.1200441092654057,2.6754052149400986,3.0556390088690226,18982,30,1892,8,0.42283298097251587,0.14917764423271737,821254|821404|829406|831001|835372|836745|837238|841684,NBS1|TSK|AT4G32700|CYC3B|AT5G52950|ATRAD17|AT1G07270|AT1G52530,-0.2899509789355716,0,5,0,0,-5.033668197202691,6.019661733615221,
1,-2.1200441092654057,GO:0051784,M1,1,0,GO Biological Processes,19,negative regulation of nuclear division,19_GO:0048519 negative regulation of biological process,-2.1200441092654057,2.6754052149400986,3.0556390088690226,18982,30,1892,8,0.42283298097251587,0.14917764423271737,822331|822385|831792|834044|837339|839457|840448|841559,AT3G27120|AT3G27630|AT5G02220|AT5G40460|AT1G08180|AT1G04650|FANCM|AT1G51355,-0.2899509789355716,0,5,0,0,-5.033668197202691,6.019661733615221,
1,-2.0852787931464394,GO:0033314,M1,1,0,GO Biological Processes,19,mitotic DNA replication checkpoint,19_GO:0048519 negative regulation of biological process,-2.0852787931464394,4.459008691566831,3.4534564517755633,18982,9,1892,4,0.21141649048625794,0.10559644378906206,835372|836745|837238|841684,AT5G52950|ATRAD17|AT1G07270|AT1G52530,-0.2899509789355716,0,5,0,0,-5.033668197202691,6.019661733615221,
1,-2.0720822034443875,GO:0031573,M1,1,0,GO Biological Processes,19,intra-S DNA damage checkpoint,19_GO:0048519 negative regulation of biological process,-2.0720822034443875,6.019661733615221,3.735035675789059,18982,5,1892,3,0.15856236786469344,0.0914734182034641,827156|829211|841684,AT4G14970|MUS81|AT1G52530,-0.2899509789355716,0,5,0,0,-5.033668197202691,6.019661733615221,
1,-4.8733195520933785,GO:0000959,M1,1,0,GO Biological Processes,19,mitochondrial RNA metabolic process,19_GO:0008152 metabolic process,-4.8733195520933785,3.009830866807611,5.188008717647097,18982,60,1892,18,0.9513742071881607,0.22317181617118792,815830|815845|816576|816946|817349|820459|829193|830284|832021|833980|835506|836619|837123|837784|839880|842952|843585|843800,AT2G13440|SLO2|MEF21|SCA3|AT2G28050|MEF22|MEF29|AT5G04050|MEF18|AT5G39840|PTAC15|AT5G64950|MEF3|AT1G12300|nMAT1|AT1G66345|AT1G72530|OTP87,-2.2125256461918332,0,6,1,1,-4.8733195520933785,5.016384778012685,
1,-3.5088096885201563,GO:0000963,M1,1,0,GO Biological Processes,19,mitochondrial RNA processing,19_GO:0008152 metabolic process,-3.5088096885201563,3.762288583509514,4.505339150628387,18982,24,1892,9,0.47568710359408034,0.15818478793713323,815830|817349|829193|830284|833980|836619|837784|839880|842952,AT2G13440|AT2G28050|MEF29|AT5G04050|AT5G39840|AT5G64950|AT1G12300|nMAT1|AT1G66345,-1.0277084596753214,0,6,0,0,-4.8733195520933785,5.016384778012685,
1,-2.4658122075958926,GO:0140053,M1,1,0,GO Biological Processes,19,mitochondrial gene expression,19_GO:0008152 metabolic process,-2.4658122075958926,2.288175512777716,3.2407356176098334,18982,57,1892,13,0.6871035940803383,0.1899124200886558,815830|816946|817349|829193|830284|833980|835506|836553|836619|837784|838157|839880|842952,AT2G13440|SCA3|AT2G28050|MEF29|AT5G04050|AT5G39840|PTAC15|AT5G64320|AT5G64950|AT1G12300|AT1G15870|nMAT1|AT1G66345,-0.4393754310409047,0,6,0,0,-4.8733195520933785,5.016384778012685,
1,-2.3050832977812656,GO:0090615,M1,1,0,GO Biological Processes,19,mitochondrial mRNA processing,19_GO:0008152 metabolic process,-2.3050832977812656,5.016384778012685,3.7805060471560514,18982,8,1892,4,0.21141649048625794,0.10559644378906206,817349|830284|837784|839880,AT2G28050|AT5G04050|AT1G12300|nMAT1,-0.3686724659994185,0,6,0,0,-4.8733195520933785,5.016384778012685,
1,-4.839754910714906,GO:0010212,M1,1,0,GO Biological Processes,19,response to ionizing radiation,19_GO:0050896 response to stimulus,-4.839754910714906,4.013107822410148,5.495368951930845,18982,30,1892,12,0.6342494714587738,0.1825104977632244,816391|821254|824375|827854|830659|834082|834601|835372|835822|836267|836489|842991,CHR8|NBS1|GR1|BRCA1|SMC6A|ATR|SUV2|AT5G52950|ATLIG4|MIM|AT5G63690|LIG6,-2.2125256461918332,0,7,1,1,-4.839754910714906,4.459008691566831,
1,-3.3090340763384485,GO:0000726,M1,1,0,GO Biological Processes,19,non-recombinational repair,19_GO:0050896 response to stimulus,-3.3090340763384485,4.3893366807611,4.512694245881408,18982,16,1892,7,0.3699788583509514,0.1395799373889205,824375|828049|834082|835822|837592|838484|842991,GR1|PARP2|ATR|ATLIG4|Pol{lambda}|AT1G19025|LIG6,-0.9206869007305124,0,7,0,0,-4.839754910714906,4.459008691566831,
1,-2.657374729138559,GO:0006303,M1,1,0,GO Biological Processes,19,double-strand break repair via nonhomologous end joining,19_GO:0050896 response to stimulus,-2.657374729138559,4.013107822410148,3.884275804973612,18982,15,1892,6,0.3171247357293869,0.12926018444490595,828049|834082|835822|837592|838484|842991,PARP2|ATR|ATLIG4|Pol{lambda}|AT1G19025|LIG6,-0.5442502855883188,0,7,0,0,-4.839754910714906,4.459008691566831,
1,-2.0852787931464394,GO:0010165,M1,1,0,GO Biological Processes,19,response to X-ray,19_GO:0050896 response to stimulus,-2.0852787931464394,4.459008691566831,3.4534564517755633,18982,9,1892,4,0.21141649048625794,0.10559644378906206,830659|835822|836267|842991,SMC6A|ATLIG4|MIM|LIG6,-0.2899509789355716,0,7,0,0,-4.839754910714906,4.459008691566831,
1,-4.312414677206391,GO:0010088,M1,1,0,GO Biological Processes,19,phloem development,19_GO:0032502 developmental process,-4.312414677206391,5.852448907681467,5.594573812958841,18982,12,1892,7,0.3699788583509514,0.1395799373889205,818385|821096|821097|831732|840078|843105|5007842,AT2G38070|SEOa|SEOR1|AT5G01170|BRX|AT1G67790|CLE45,-1.7132141362835616,0,8,1,1,-4.312414677206391,5.852448907681467,
1,-2.8409739112703774,GO:0010087,M1,1,0,GO Biological Processes,19,phloem or xylem histogenesis,19_GO:0032502 developmental process,-2.8409739112703774,2.006553911205074,3.441234605901414,18982,105,1892,21,1.109936575052854,0.24086008929137454,818385|821096|821097|827152|828084|828569|829773|831302|831732|831745|832610|835780|836269|836359|836414|837069|840078|842568|843105|843524|5007842,AT2G38070|SEOa|SEOR1|AO1|JLO|TAR2|NAC076|AT5G14510|AT5G01170|RPL|CYCA2;1|ET2|PXY|NAC101|HCA2|5PTASE13|BRX|ANAC026|AT1G67790|VND7|CLE45,-0.6287179947181225,0,8,0,0,-4.312414677206391,5.852448907681467,
1,-3.7244916500420766,GO:0007131,M1,1,0,GO Biological Processes,19,reciprocal meiotic recombination,19_GO:0022414 reproductive process,-3.7244916500420766,2.6754052149400986,4.3247504077330285,18982,60,1892,16,0.8456659619450317,0.2105206538697968,817930|820506|821180|821254|822331|827058|827156|829211|829352|835166|836473|836573|837893|838834|839457|840448,AT2G33640|ATSPO11-1|AT3G02930|NBS1|AT3G27120|PRD1|AT4G14970|MUS81|AT4G32190|AT5G50930|RMI1|XRCC2|AHP2|ZYP1b|AT1G04650|FANCM,-1.2222011221273037,0,9,1,1,-3.7244916500420766,2.9508145753015795,
1,-3.7244916500420766,GO:0035825,M1,1,0,GO Biological Processes,19,homologous recombination,19_GO:0008152 metabolic process,-3.7244916500420766,2.6754052149400986,4.3247504077330285,18982,60,1892,16,0.8456659619450317,0.2105206538697968,817930|820506|821180|821254|822331|827058|827156|829211|829352|835166|836473|836573|837893|838834|839457|840448,AT2G33640|ATSPO11-1|AT3G02930|NBS1|AT3G27120|PRD1|AT4G14970|MUS81|AT4G32190|AT5G50930|RMI1|XRCC2|AHP2|ZYP1b|AT1G04650|FANCM,-1.2222011221273037,0,9,0,0,-3.7244916500420766,2.9508145753015795,
1,-3.3691234944282766,GO:0061982,M1,1,0,GO Biological Processes,19,meiosis I cell cycle process,19_GO:0022414 reproductive process,-3.3691234944282766,2.296658091138338,3.9390744328074194,18982,83,1892,19,1.0042283298097252,0.22922606072321472,817930|820506|821180|821254|822040|822331|825124|825523|827058|827156|829211|829352|835166|836473|836573|837893|838834|839457|840448,AT2G33640|ATSPO11-1|AT3G02930|NBS1|MSH7|AT3G27120|SYN3|AT3G63480|PRD1|AT4G14970|MUS81|AT4G32190|AT5G50930|RMI1|XRCC2|AHP2|ZYP1b|AT1G04650|FANCM,-0.9275308068671154,0,9,0,0,-3.7244916500420766,2.9508145753015795,
1,-3.2672451307201524,GO:0007127,M1,1,0,GO Biological Processes,19,meiosis I,19_GO:0022414 reproductive process,-3.2672451307201524,2.3152545129289317,3.872837964401576,18982,78,1892,18,0.9513742071881607,0.22317181617118792,817930|820506|821180|821254|822331|825124|825523|827058|827156|829211|829352|835166|836473|836573|837893|838834|839457|840448,AT2G33640|ATSPO11-1|AT3G02930|NBS1|AT3G27120|SYN3|AT3G63480|PRD1|AT4G14970|MUS81|AT4G32190|AT5G50930|RMI1|XRCC2|AHP2|ZYP1b|AT1G04650|FANCM,-0.8952883713003856,0,9,0,0,-3.7244916500420766,2.9508145753015795,
1,-2.880582859687371,GO:0007129,M1,1,0,GO Biological Processes,19,synapsis,19_GO:0022414 reproductive process,-2.880582859687371,2.9508145753015795,3.788112266222955,18982,34,1892,10,0.5285412262156448,0.1666971256775977,820506|821254|825124|825523|827058|827156|829211|835166|837893|838834,ATSPO11-1|NBS1|SYN3|AT3G63480|PRD1|AT4G14970|MUS81|AT5G50930|AHP2|ZYP1b,-0.6570459327254271,0,9,0,0,-3.7244916500420766,2.9508145753015795,
1,-2.7534746580209073,GO:0051321,M1,1,0,GO Biological Processes,19,meiotic cell cycle,19_GO:0022414 reproductive process,-2.7534746580209073,1.7278658679821468,3.2646352228027045,18982,180,1892,31,1.6384778012684988,0.29185849280283377,817930|818174|820123|820208|820506|821180|821254|822040|822331|824375|825124|825523|827058|827156|827271|827651|828396|829211|829352|834082|835166|835850|835888|836473|836573|837893|838834|839457|840448|841684|844075,AT2G33640|E2F3|MCM8|AT3G10440|ATSPO11-1|AT3G02930|NBS1|MSH7|AT3G27120|GR1|SYN3|AT3G63480|PRD1|AT4G14970|AT4G15890|AT4G19130|ESP|MUS81|AT4G32190|ATR|AT5G50930|XRCC3|AT5G57790|RMI1|XRCC2|AHP2|ZYP1b|AT1G04650|FANCM|AT1G52530|CYCA1;2,-0.6033666482174969,0,9,0,0,-3.7244916500420766,2.9508145753015795,
1,-2.4837287401333343,GO:0045143,M1,1,0,GO Biological Processes,19,homologous chromosome segregation,19_GO:0022414 reproductive process,-2.4837287401333343,2.6402025147435184,3.367460486625815,18982,38,1892,10,0.5285412262156448,0.1666971256775977,820506|821254|825124|825523|827058|827156|829211|835166|837893|838834,ATSPO11-1|NBS1|SYN3|AT3G63480|PRD1|AT4G14970|MUS81|AT5G50930|AHP2|ZYP1b,-0.4393754310409047,0,9,0,0,-3.7244916500420766,2.9508145753015795,
1,-2.3600920130502296,GO:0140013,M1,1,0,GO Biological Processes,19,meiotic nuclear division,19_GO:0022414 reproductive process,-2.3600920130502296,1.8091879527258865,2.983373025747928,18982,122,1892,22,1.1627906976744187,0.2464622708056519,817930|820123|820208|820506|821180|821254|822331|825124|825523|827058|827156|828396|829211|829352|835166|836473|836573|837893|838834|839457|840448|844075,AT2G33640|MCM8|AT3G10440|ATSPO11-1|AT3G02930|NBS1|AT3G27120|SYN3|AT3G63480|PRD1|AT4G14970|ESP|MUS81|AT4G32190|AT5G50930|RMI1|XRCC2|AHP2|ZYP1b|AT1G04650|FANCM|CYCA1;2,-0.382846292172302,0,9,0,0,-3.7244916500420766,2.9508145753015795,
1,-2.130984441677368,GO:1903046,M1,1,0,GO Biological Processes,19,meiotic cell cycle process,19_GO:0022414 reproductive process,-2.130984441677368,1.6318360121246083,2.720469406933058,18982,166,1892,27,1.427061310782241,0.27267140883358504,817930|820123|820208|820506|821180|821254|822040|822331|824375|825124|825523|827058|827156|827271|828396|829211|829352|835166|835888|836473|836573|837893|838834|839457|840448|841684|844075,AT2G33640|MCM8|AT3G10440|ATSPO11-1|AT3G02930|NBS1|MSH7|AT3G27120|GR1|SYN3|AT3G63480|PRD1|AT4G14970|AT4G15890|ESP|MUS81|AT4G32190|AT5G50930|AT5G57790|RMI1|XRCC2|AHP2|ZYP1b|AT1G04650|FANCM|AT1G52530|CYCA1;2,-0.2899509789355716,0,9,0,0,-3.7244916500420766,2.9508145753015795,
1,-2.026788612639097,GO:0070192,M1,1,0,GO Biological Processes,19,chromosome organization involved in meiotic cell cycle,19_GO:0022414 reproductive process,-2.026788612639097,2.1121620117948146,2.797928549661849,18982,57,1892,12,0.6342494714587738,0.1825104977632244,820208|820506|821254|825124|825523|827058|827156|827271|829211|835166|837893|838834,AT3G10440|ATSPO11-1|NBS1|SYN3|AT3G63480|PRD1|AT4G14970|AT4G15890|MUS81|AT5G50930|AHP2|ZYP1b,-0.264860774218568,0,9,0,0,-3.7244916500420766,2.9508145753015795,
1,-3.3090340763384485,GO:0046855,M1,1,0,GO Biological Processes,19,inositol phosphate dephosphorylation,19_GO:0008152 metabolic process,-3.3090340763384485,4.3893366807611,4.512694245881408,18982,16,1892,7,0.3699788583509514,0.1395799373889205,817740|818994|827526|836521|837069|840007|840311,5PTase14|5PTase12|IP5PII|SAL2|5PTASE13|IMPL1|IP5PI,-0.9206869007305124,0,10,1,1,-3.3090340763384485,4.3893366807611,
1,-3.3090340763384485,GO:0071545,M1,1,0,GO Biological Processes,19,inositol phosphate catabolic process,19_GO:0008152 metabolic process,-3.3090340763384485,4.3893366807611,4.512694245881408,18982,16,1892,7,0.3699788583509514,0.1395799373889205,817740|818994|827526|836521|837069|840007|840311,5PTase14|5PTase12|IP5PII|SAL2|5PTASE13|IMPL1|IP5PI,-0.9206869007305124,0,10,0,0,-3.3090340763384485,4.3893366807611,
1,-3.074111330926312,GO:0046856,M1,1,0,GO Biological Processes,19,phosphatidylinositol dephosphorylation,19_GO:0008152 metabolic process,-3.074111330926312,3.3442565186751234,4.055778225680978,18982,27,1892,9,0.47568710359408034,0.15818478793713323,814721|817740|817761|818321|818994|827526|830380|837069|840311,AT2G01900|5PTase14|CVL1|AT2G37440|5PTase12|IP5PII|AT5G04980|5PTASE13|IP5PI,-0.7574316586595103,0,10,0,0,-3.3090340763384485,4.3893366807611,
1,-2.9917147864214453,GO:0043647,M1,1,0,GO Biological Processes,19,inositol phosphate metabolic process,19_GO:0008152 metabolic process,-2.9917147864214453,3.040233198795567,3.902947517947169,18982,33,1892,10,0.5285412262156448,0.1666971256775977,816757|817740|818994|827526|831359|836521|837069|840007|840311|842233,MIPS2|5PTase14|5PTase12|IP5PII|AT5G15070|SAL2|5PTASE13|IMPL1|IP5PI|AT1G59171,-0.7198731798849464,0,10,0,0,-3.3090340763384485,4.3893366807611,
1,-2.9424552922913363,GO:0046838,M1,1,0,GO Biological Processes,19,phosphorylated carbohydrate dephosphorylation,19_GO:0008152 metabolic process,-2.9424552922913363,3.901632605120978,4.097913445612975,18982,18,1892,7,0.3699788583509514,0.1395799373889205,817740|818994|827526|836521|837069|840007|840311,5PTase14|5PTase12|IP5PII|SAL2|5PTASE13|IMPL1|IP5PI,-0.6968971691884595,0,10,0,0,-3.3090340763384485,4.3893366807611,
1,-2.8239048464826,GO:0046839,M1,1,0,GO Biological Processes,19,phospholipid dephosphorylation,19_GO:0008152 metabolic process,-2.8239048464826,3.113618138076839,3.7899687070345376,18982,29,1892,9,0.47568710359408034,0.15818478793713323,814721|817740|817761|818321|818994|827526|830380|837069|840311,AT2G01900|5PTase14|CVL1|AT2G37440|5PTase12|IP5PII|AT5G04980|5PTASE13|IP5PI,-0.6226443142318085,0,10,0,0,-3.3090340763384485,4.3893366807611,
1,-2.5033436387691004,GO:0019751,M1,1,0,GO Biological Processes,19,polyol metabolic process,19_GO:0008152 metabolic process,-2.5033436387691004,2.229504345783416,3.252372898584254,18982,63,1892,14,0.7399577167019028,0.1970289821134053,816757|817740|818379|818994|827526|831359|834037|835185|836015|836521|837069|840007|840311|842233,MIPS2|5PTase14|AT2G38010|5PTase12|IP5PII|AT5G15070|SIP1|AT5G51110|AT5G58980|SAL2|5PTASE13|IMPL1|IP5PI|AT1G59171,-0.4393754310409047,0,10,0,0,-3.3090340763384485,4.3893366807611,
1,-3.123738644394228,GO:0071417,M1,1,0,GO Biological Processes,19,cellular response to organonitrogen compound,19_GO:0050896 response to stimulus,-3.123738644394228,2.7998426667977774,3.9313284381368594,18982,43,1892,12,0.6342494714587738,0.1825104977632244,816231|816909|817800|817801|819566|820768|824311|827024|830991|831681|831979|840859,GLR2|LYK4|GLR3.5|GLR5|GLR1.1|AT3G15356|GLR3.6|EDA36|GLR2.5|RAPTOR2|AT5G18610|GLR3.3,-0.7675761521576933,0,11,1,1,-3.123738644394228,3.64827983855468,
1,-3.0693904884039918,GO:0071230,M1,1,0,GO Biological Processes,19,cellular response to amino acid stimulus,19_GO:0050896 response to stimulus,-3.0693904884039918,3.64827983855468,4.135281965592186,18982,22,1892,8,0.42283298097251587,0.14917764423271737,816231|817800|817801|819566|824311|830991|831681|840859,GLR2|GLR3.5|GLR5|GLR1.1|GLR3.6|GLR2.5|RAPTOR2|GLR3.3,-0.7574316586595103,0,11,0,0,-3.123738644394228,3.64827983855468,
1,-2.6773403176219963,GO:0006816,M1,1,0,GO Biological Processes,19,calcium ion transport,19_GO:0051179 localization,-2.6773403176219963,2.246142437916127,3.399781404621081,18982,67,1892,15,0.7928118393234672,0.2038900666043432,816231|817800|817801|819566|821671|824311|824349|825513|827984|830991|831393|836256|836303|837484|840859,GLR2|GLR3.5|GLR5|GLR1.1|ACA9|GLR3.6|CAX3|AT3G63380|ECA2|GLR2.5|DND1|AT5G61350|APC1|AT1G09575|GLR3.3,-0.5461176519789597,0,11,0,0,-3.123738644394228,3.64827983855468,
1,-2.3027612698471964,GO:0043200,M1,1,0,GO Biological Processes,19,response to amino acid,19_GO:0050896 response to stimulus,-2.3027612698471964,2.6557331177714216,3.2151199875323284,18982,34,1892,9,0.47568710359408034,0.15818478793713323,816231|817800|817801|819566|824311|826407|830991|831681|840859,GLR2|GLR3.5|GLR5|GLR1.1|GLR3.6|MAPKKK9|GLR2.5|RAPTOR2|GLR3.3,-0.3686724659994185,0,11,0,0,-3.123738644394228,3.64827983855468,
1,-2.078287543110273,GO:1901699,M1,1,0,GO Biological Processes,19,cellular response to nitrogen compound,19_GO:0050896 response to stimulus,-2.078287543110273,2.0702540353703145,2.8311125789644174,18982,63,1892,13,0.6871035940803383,0.1899124200886558,816231|816909|817800|817801|819566|820768|824311|827024|830991|831308|831681|831979|840859,GLR2|LYK4|GLR3.5|GLR5|GLR1.1|AT3G15356|GLR3.6|EDA36|GLR2.5|NRT2.7|RAPTOR2|AT5G18610|GLR3.3,-0.2899509789355716,0,11,0,0,-3.123738644394228,3.64827983855468,
1,-3.074111330926312,GO:1900865,M1,1,0,GO Biological Processes,19,chloroplast RNA modification,19_GO:0008152 metabolic process,-3.074111330926312,3.3442565186751234,4.055778225680978,18982,27,1892,9,0.47568710359408034,0.15818478793713323,816772|820653|821642|823907|827584|829892|831647|841167|844054,SLO1|AT3G14330|AT3G20930|AT3G47530|AT4G18520|AT4G37380|VAR3|DYW1|AT1G77170,-0.7574316586595103,0,12,1,1,-3.074111330926312,7.524577167019027,
1,-2.4365159806357717,GO:1900871,M1,1,0,GO Biological Processes,19,chloroplast mRNA modification,19_GO:0008152 metabolic process,-2.4365159806357717,7.524577167019027,4.34216403350349,18982,4,1892,3,0.15856236786469344,0.0914734182034641,821642|831647|841167,AT3G20930|VAR3|DYW1,-0.4393754310409047,0,12,0,0,-3.074111330926312,7.524577167019027,
1,-3.0048828012387823,GO:0043335,M1,1,0,GO Biological Processes,19,protein unfolding,19_GO:0009987 cellular process,-3.0048828012387823,10.03276955602537,5.205877858519191,18982,3,1892,3,0.15856236786469344,0.0914734182034641,817620|835615|843771,AT2G30695|AT5G55220|HSP101,-0.7200762175379157,0,13,1,1,-3.0048828012387823,10.03276955602537,
1,-3.0048828012387823,GO:0080165,M1,1,0,GO Biological Processes,19,callose deposition in phloem sieve plate,19_GO:0051179 localization,-3.0048828012387823,10.03276955602537,5.205877858519191,18982,3,1892,3,0.15856236786469344,0.0914734182034641,833692|837160|843672,SUS5|CalS7|SUS6,-0.7200762175379157,0,14,1,1,-3.0048828012387823,10.03276955602537,
1,-2.7945887509165726,GO:2001289,M1,1,0,GO Biological Processes,19,lipid X metabolic process,19_GO:0008152 metabolic process,-2.7945887509165726,5.016384778012685,4.226957037540628,18982,10,1892,5,0.2642706131078224,0.11802914310682612,814998|825869|827871|829075|10723064,LpxB|LpxD1|LpxD2|LpxA|LpxC4,-0.6046915675893272,0,15,1,1,-2.7945887509165726,5.016384778012685,
1,-2.7745436355884947,GO:0006040,M1,1,0,GO Biological Processes,19,amino sugar metabolic process,19_GO:0008152 metabolic process,-2.7745436355884947,2.86650558743582,3.6774109779894544,18982,35,1892,10,0.5285412262156448,0.1666971256775977,814998|818962|823908|824770|825869|827743|827871|829075|831433|10723064,LpxB|AT2G43600|AT3G47540|UGP3|LpxD1|AT4G19985|LpxD2|LpxA|GNA1|LpxC4,-0.6046915675893272,0,15,0,0,-2.7945887509165726,5.016384778012685,
1,-2.7816513862771535,GO:0036297,M1,1,0,GO Biological Processes,19,interstrand cross-link repair,19_GO:0050896 response to stimulus,-2.7816513862771535,3.6962835206409266,3.9123519333339276,18982,19,1892,7,0.3699788583509514,0.1395799373889205,822040|827156|829077|830705|832338|835166|838484,MSH7|AT4G14970|AT4G29560|AT5G08110|RAD5|AT5G50930|AT1G19025,-0.6046915675893272,0,16,1,1,-2.7816513862771535,3.6962835206409266,
1,-2.754177947924846,GO:0016556,M1,1,0,GO Biological Processes,19,mRNA modification,19_GO:0008152 metabolic process,-2.754177947924846,2.5615581845171156,3.5663464034079464,18982,47,1892,12,0.6342494714587738,0.1825104977632244,815845|816576|820459|821642|829193|831647|832021|837123|839283|841167|843585|843800,SLO2|MEF21|MEF22|AT3G20930|MEF29|VAR3|MEF18|MEF3|PFC1|DYW1|AT1G72530|OTP87,-0.6033666482174969,0,17,1,1,-2.754177947924846,2.86650558743582,
1,-2.3968203043974787,GO:1900864,M1,1,0,GO Biological Processes,19,mitochondrial RNA modification,19_GO:0008152 metabolic process,-2.3968203043974787,2.73620987891601,3.321353677388911,18982,33,1892,9,0.47568710359408034,0.15818478793713323,815830|815845|816576|820459|829193|832021|837123|843585|843800,AT2G13440|SLO2|MEF21|MEF22|MEF29|MEF18|MEF3|AT1G72530|OTP87,-0.41304371636059334,0,17,0,0,-2.754177947924846,2.86650558743582,
1,-2.317012284885956,GO:0080156,M1,1,0,GO Biological Processes,19,mitochondrial mRNA modification,19_GO:0008152 metabolic process,-2.317012284885956,2.86650558743582,3.2885689437185524,18982,28,1892,8,0.42283298097251587,0.14917764423271737,815845|816576|820459|829193|832021|837123|843585|843800,SLO2|MEF21|MEF22|MEF29|MEF18|MEF3|AT1G72530|OTP87,-0.3686724659994185,0,17,0,0,-2.754177947924846,2.86650558743582,
1,-2.738642195790696,GO:0071478,M1,1,0,GO Biological Processes,19,cellular response to radiation,19_GO:0050896 response to stimulus,-2.738642195790696,1.9361485108119136,3.3356718653750264,18982,114,1892,22,1.1627906976744187,0.2464622708056519,814823|815111|816538|818273|818374|819292|819311|821254|824440|824559|825382|827854|828638|829541|834383|837376|837479|841202|842288|842794|842991|843330,PKS1|PGR5|PIL5|SIGF|SOUL-1|PRR9|PIL1|NBS1|AT3G52740|SIGC|PIL2|BRCA1|SHB1|OST1|TZP|SIG2|PIF3|ATE2F2|ARR3|SIGA|LIG6|SHW1,-0.598079503893516,0,18,1,1,-2.738642195790696,1.9361485108119136,
1,-2.278164831939362,GO:0071214,M1,1,0,GO Biological Processes,19,cellular response to abiotic stimulus,19_GO:0050896 response to stimulus,-2.278164831939362,1.5972568447403575,2.8323628355808945,18982,201,1892,32,1.6913319238900635,0.2964488453747377,814721|814823|815111|816538|817761|818273|818374|819292|819311|819743|821254|821941|824440|824559|825382|827778|827854|828638|828641|829115|829541|834383|837376|837455|837479|838207|839681|841202|842288|842794|842991|843330,AT2G01900|PKS1|PGR5|PIL5|CVL1|SIGF|SOUL-1|PRR9|PIL1|RECQI1|NBS1|DSPTP1|AT3G52740|SIGC|PIL2|AT4G20310|BRCA1|SHB1|SAP10|AT4G29920|OST1|TZP|SIG2|CRB|PIF3|OCT6|AT1G27880|ATE2F2|ARR3|SIGA|LIG6|SHW1,-0.35565790064139935,0,18,0,0,-2.738642195790696,1.9361485108119136,
1,-2.278164831939362,GO:0104004,M1,1,0,GO Biological Processes,19,cellular response to environmental stimulus,19_GO:0050896 response to stimulus,-2.278164831939362,1.5972568447403575,2.8323628355808945,18982,201,1892,32,1.6913319238900635,0.2964488453747377,814721|814823|815111|816538|817761|818273|818374|819292|819311|819743|821254|821941|824440|824559|825382|827778|827854|828638|828641|829115|829541|834383|837376|837455|837479|838207|839681|841202|842288|842794|842991|843330,AT2G01900|PKS1|PGR5|PIL5|CVL1|SIGF|SOUL-1|PRR9|PIL1|RECQI1|NBS1|DSPTP1|AT3G52740|SIGC|PIL2|AT4G20310|BRCA1|SHB1|SAP10|AT4G29920|OST1|TZP|SIG2|CRB|PIF3|OCT6|AT1G27880|ATE2F2|ARR3|SIGA|LIG6|SHW1,-0.35565790064139935,0,18,0,0,-2.738642195790696,1.9361485108119136,
1,-2.0412420954491868,GO:0071482,M1,1,0,GO Biological Processes,19,cellular response to light stimulus,19_GO:0050896 response to stimulus,-2.0412420954491868,1.7815198277054396,2.6973511549303844,18982,107,1892,19,1.0042283298097252,0.22922606072321472,814823|815111|816538|818273|818374|819292|819311|824440|824559|825382|828638|829541|834383|837376|837479|841202|842288|842794|843330,PKS1|PGR5|PIL5|SIGF|SOUL-1|PRR9|PIL1|AT3G52740|SIGC|PIL2|SHB1|OST1|TZP|SIG2|PIF3|ATE2F2|ARR3|SIGA|SHW1,-0.2673053495556423,0,18,0,0,-2.738642195790696,1.9361485108119136,
1,-2.537577229423905,GO:0009956,M1,1,0,GO Biological Processes,19,radial pattern formation,19_GO:0032501 multicellular organismal process,-2.537577229423905,3.087006017238575,3.543121982393125,18982,26,1892,8,0.42283298097251587,0.14917764423271737,818336|820027|821240|830976|835648|835845|836414|839756,DOF2.4|SIEL|RPK2|AT5G02460|TRN1|AIL5|HCA2|SRD2,-0.44914714085278606,0,19,1,1,-2.537577229423905,4.459008691566831,
1,-2.0852787931464394,GO:0090057,M1,1,0,GO Biological Processes,19,root radial pattern formation,19_GO:0032501 multicellular organismal process,-2.0852787931464394,4.459008691566831,3.4534564517755633,18982,9,1892,4,0.21141649048625794,0.10559644378906206,818336|820027|830976|836414,DOF2.4|SIEL|AT5G02460|HCA2,-0.2899509789355716,0,19,0,0,-2.537577229423905,4.459008691566831,
1,-2.528191794830751,ath00195,M1,1,0,KEGG Pathway,24,Photosynthesis,,-2.528191794830751,2.1121620117948146,3.232392611414586,18982,76,1892,16,0.8456659619450317,0.2105206538697968,816545|824699|825866|827146|836789|837358|837639|838400|839918|840149|844733|844773|844781|844787|844790|844802,PSAE-2|PPL1|PSBQ-2|FdC1|PSBO1|PSAO|FD1|PSAD-2|PSAK|FdC2|psbB|psbC|psbM|atpI|atpA|psbA,-0.44914714085278606,0,20,1,1,-2.528191794830751,2.1121620117948146,
1,-2.528191794830751,ko00195,M1,1,0,KEGG Pathway,24,Photosynthesis,,-2.528191794830751,2.1121620117948146,3.232392611414586,18982,76,1892,16,0.8456659619450317,0.2105206538697968,816545|824699|825866|827146|836789|837358|837639|838400|839918|840149|844733|844773|844781|844787|844790|844802,PSAE-2|PPL1|PSBQ-2|FdC1|PSBO1|PSAO|FD1|PSAD-2|PSAK|FdC2|psbB|psbC|psbM|atpI|atpA|psbA,-0.44914714085278606,0,20,0,0,-2.528191794830751,2.1121620117948146,
1,-2.4618589572524976,GO:0009793,M1,1,0,GO Biological Processes,19,embryo development ending in seed dormancy,19_GO:0022414 reproductive process,-2.4618589572524976,1.3631480375034468,2.880976077210941,18982,552,1892,75,3.964059196617336,0.4485660464964722,814691|815029|816200|816380|816708|816757|817437|818088|818368|818771|819135|819239|819562|820616|820719|820732|821240|821336|821589|822052|822389|822586|823778|824006|824078|824537|824637|825111|825383|825755|826648|826715|827009|827107|827740|827751|827760|827867|828396|828569|829132|829546|829706|830116|831533|831717|831845|832000|832240|832343|832459|833967|834014|835093|835642|835726|836269|836414|836419|836579|837406|837941|838363|838738|839756|839941|841768|841807|841947|842311|842379|843064|843303|843343|844287,MEE11|EMB2761|MEE15|MEE16|EMB2219|MIPS2|emb1997|RPA|emb1513|EMB2654|GCP1|CRF5|NAC047|NF-YA6|EMB3120|TCP4|RPK2|EMB1270|EMB2729|RSY3|RST1|emb2076|MEE39|EMB2423|EMB2261|MEE40|AMP1|CR4|IAA30|EMB2369|MEE53|CRF1|NOV|emb2739|KUP9|EMB1895|GSO1|emb1417|ESP|TAR2|AT4G30090|EMB2758|AT4G35540|EMB2453|EMB2247|EMB175|PCS1|Cpn60alpha2|emb1379|EMB1030|PEL3|EMB2745|EMB506|EMB1006|GEX1|WRKY2|PXY|HCA2|emb1692|EMB3144|emb2411|FAC19|ABCG11|emb2170|SRD2|EMB2279|AT1G53330|WAG1|AT1G55040|AT1G60160|MEE9|emb1688|CUL3B|EMB25|EMB2217,-0.4393754310409047,0,21,1,1,-2.4618589572524976,1.3631480375034468,
1,-2.1833548197663935,GO:0009790,M1,1,0,GO Biological Processes,19,embryo development,19_GO:0032501 multicellular organismal process,-2.1833548197663935,1.3228137942019753,2.6364666367117517,18982,584,1892,77,4.069767441860465,0.4542573668829731,814691|815029|816200|816380|816708|816757|817437|818088|818368|818771|819135|819239|819562|820616|820719|820732|821240|821336|821589|822052|822389|822586|823778|824006|824078|824537|824637|825111|825383|825755|826648|826715|827009|827107|827740|827751|827760|827867|828396|828569|829132|829546|829706|830116|831533|831717|831845|832000|832240|832343|832459|833967|834014|834197|835093|835642|835726|835845|836269|836414|836419|836579|837406|837941|838363|838738|839756|839941|841768|841807|841947|842311|842379|843064|843303|843343|844287,MEE11|EMB2761|MEE15|MEE16|EMB2219|MIPS2|emb1997|RPA|emb1513|EMB2654|GCP1|CRF5|NAC047|NF-YA6|EMB3120|TCP4|RPK2|EMB1270|EMB2729|RSY3|RST1|emb2076|MEE39|EMB2423|EMB2261|MEE40|AMP1|CR4|IAA30|EMB2369|MEE53|CRF1|NOV|emb2739|KUP9|EMB1895|GSO1|emb1417|ESP|TAR2|AT4G30090|EMB2758|AT4G35540|EMB2453|EMB2247|EMB175|PCS1|Cpn60alpha2|emb1379|EMB1030|PEL3|EMB2745|EMB506|AT5G41920|EMB1006|GEX1|WRKY2|AIL5|PXY|HCA2|emb1692|EMB3144|emb2411|FAC19|ABCG11|emb2170|SRD2|EMB2279|AT1G53330|WAG1|AT1G55040|AT1G60160|MEE9|emb1688|CUL3B|EMB25|EMB2217,-0.31801760047911926,0,21,0,0,-2.4618589572524976,1.3631480375034468,
1,-2.4365159806357717,GO:0045128,M1,1,0,GO Biological Processes,19,negative regulation of reciprocal meiotic recombination,19_GO:0048519 negative regulation of biological process,-2.4365159806357717,7.524577167019027,4.34216403350349,18982,4,1892,3,0.15856236786469344,0.0914734182034641,822331|839457|840448,AT3G27120|AT1G04650|FANCM,-0.4393754310409047,0,22,1,1,-2.4365159806357717,7.524577167019027,
1,-2.4365159806357717,GO:0110029,M1,1,0,GO Biological Processes,19,negative regulation of meiosis I,19_GO:0048519 negative regulation of biological process,-2.4365159806357717,7.524577167019027,4.34216403350349,18982,4,1892,3,0.15856236786469344,0.0914734182034641,822331|839457|840448,AT3G27120|AT1G04650|FANCM,-0.4393754310409047,0,22,0,0,-2.4365159806357717,7.524577167019027,
1,-2.0720822034443875,GO:0010520,M1,1,0,GO Biological Processes,19,regulation of reciprocal meiotic recombination,19_GO:0022414 reproductive process,-2.0720822034443875,6.019661733615221,3.735035675789059,18982,5,1892,3,0.15856236786469344,0.0914734182034641,822331|839457|840448,AT3G27120|AT1G04650|FANCM,-0.2899509789355716,0,22,0,0,-2.4365159806357717,7.524577167019027,
1,-2.0720822034443875,GO:0045835,M1,1,0,GO Biological Processes,19,negative regulation of meiotic nuclear division,19_GO:0048519 negative regulation of biological process,-2.0720822034443875,6.019661733615221,3.735035675789059,18982,5,1892,3,0.15856236786469344,0.0914734182034641,822331|839457|840448,AT3G27120|AT1G04650|FANCM,-0.2899509789355716,0,22,0,0,-2.4365159806357717,7.524577167019027,
1,-2.0720822034443875,GO:0051447,M1,1,0,GO Biological Processes,19,negative regulation of meiotic cell cycle,19_GO:0048519 negative regulation of biological process,-2.0720822034443875,6.019661733615221,3.735035675789059,18982,5,1892,3,0.15856236786469344,0.0914734182034641,822331|839457|840448,AT3G27120|AT1G04650|FANCM,-0.2899509789355716,0,22,0,0,-2.4365159806357717,7.524577167019027,
1,-2.4365159806357717,GO:0019367,M1,1,0,GO Biological Processes,19,"fatty acid elongation, saturated fatty acid",19_GO:0008152 metabolic process,-2.4365159806357717,7.524577167019027,4.34216403350349,18982,4,1892,3,0.15856236786469344,0.0914734182034641,819823|829836|843838,AT3G06460|HOS3-1|AT1G75000,-0.4393754310409047,0,23,1,1,-2.4365159806357717,7.524577167019027,
1,-2.4365159806357717,GO:0019368,M1,1,0,GO Biological Processes,19,"fatty acid elongation, unsaturated fatty acid",19_GO:0008152 metabolic process,-2.4365159806357717,7.524577167019027,4.34216403350349,18982,4,1892,3,0.15856236786469344,0.0914734182034641,819823|829836|843838,AT3G06460|HOS3-1|AT1G75000,-0.4393754310409047,0,23,0,0,-2.4365159806357717,7.524577167019027,
1,-2.4365159806357717,GO:0034625,M1,1,0,GO Biological Processes,19,"fatty acid elongation, monounsaturated fatty acid",19_GO:0008152 metabolic process,-2.4365159806357717,7.524577167019027,4.34216403350349,18982,4,1892,3,0.15856236786469344,0.0914734182034641,819823|829836|843838,AT3G06460|HOS3-1|AT1G75000,-0.4393754310409047,0,23,0,0,-2.4365159806357717,7.524577167019027,
1,-2.4365159806357717,GO:0034626,M1,1,0,GO Biological Processes,19,"fatty acid elongation, polyunsaturated fatty acid",19_GO:0008152 metabolic process,-2.4365159806357717,7.524577167019027,4.34216403350349,18982,4,1892,3,0.15856236786469344,0.0914734182034641,819823|829836|843838,AT3G06460|HOS3-1|AT1G75000,-0.4393754310409047,0,23,0,0,-2.4365159806357717,7.524577167019027,
1,-2.4090070446284284,GO:0007166,M1,1,0,GO Biological Processes,19,cell surface receptor signaling pathway,19_GO:0023052 signaling,-2.4090070446284284,2.4524547803617573,3.2456550944641442,18982,45,1892,11,0.5813953488372093,0.17478696536696944,824551|824942|824945|831776|834624|836812|838180|838721|842432|842826|843068,AT3G53840|AT3G57730|AT3G57760|AT5G02070|AT5G45840|AT5G66790|WAKL6|WAK1|SD1-29|AT1G65190|AT1G67470,-0.4185998776925299,0,24,1,1,-2.4090070446284284,2.4524547803617573,
1,-2.352329784458196,GO:0009834,M1,1,0,GO Biological Processes,19,plant-type secondary cell wall biogenesis,19_GO:0071840 cellular component organization or biogenesis,-2.352329784458196,1.983221888981759,3.0406392915687905,18982,86,1892,17,0.8985200845665962,0.21694187961335273,816036|818230|821397|824184|827152|828593|828968|829469|829773|836858|837488|838219|839747|842568|842938|842999|843676,AT2G15440|AT2G36570|PGSIP1|IRX15|AO1|AT4G24910|NAC073|PGSIP3|NAC076|IRX14-L|GXM3|MYB58|NAC010|ANAC026|MYB20|AT1G66810|MYB54,-0.3815181735856781,0,25,1,1,-2.352329784458196,2.6754052149400986,
1,-2.3304754233701432,GO:1903338,M1,1,0,GO Biological Processes,19,regulation of cell wall organization or biogenesis,19_GO:0050789 regulation of biological process,-2.3304754233701432,2.3991405460060666,3.1611508069190597,18982,46,1892,11,0.5813953488372093,0.17478696536696944,828968|829773|830378|831831|836359|838219|839747|842568|842938|842999|843676,NAC073|NAC076|AT5G04960|FRB1|NAC101|MYB58|NAC010|ANAC026|MYB20|AT1G66810|MYB54,-0.3686724659994185,0,25,0,0,-2.352329784458196,2.6754052149400986,
1,-2.1200441092654057,GO:2000652,M1,1,0,GO Biological Processes,19,regulation of secondary cell wall biogenesis,19_GO:0071840 cellular component organization or biogenesis,-2.1200441092654057,2.6754052149400986,3.0556390088690226,18982,30,1892,8,0.42283298097251587,0.14917764423271737,828968|829773|838219|839747|842568|842938|842999|843676,NAC073|NAC076|MYB58|NAC010|ANAC026|MYB20|AT1G66810|MYB54,-0.2899509789355716,0,25,0,0,-2.352329784458196,2.6754052149400986,
1,-2.3098608283328073,GO:0000723,M1,1,0,GO Biological Processes,19,telomere maintenance,19_GO:0071840 cellular component organization or biogenesis,-2.3098608283328073,2.5081923890063424,3.1770416154781613,18982,40,1892,10,0.5285412262156448,0.1666971256775977,821254|824006|824051|827651|829211|834082|835822|835850|838484|841684,NBS1|EMB2423|AT3G48900|AT4G19130|MUS81|ATR|ATLIG4|XRCC3|AT1G19025|AT1G52530,-0.3686724659994185,0,26,1,1,-2.3098608283328073,2.5081923890063424,
1,-2.3098608283328073,GO:0032200,M1,1,0,GO Biological Processes,19,telomere organization,19_GO:0071840 cellular component organization or biogenesis,-2.3098608283328073,2.5081923890063424,3.1770416154781613,18982,40,1892,10,0.5285412262156448,0.1666971256775977,821254|824006|824051|827651|829211|834082|835822|835850|838484|841684,NBS1|EMB2423|AT3G48900|AT4G19130|MUS81|ATR|ATLIG4|XRCC3|AT1G19025|AT1G52530,-0.3686724659994185,0,26,0,0,-2.3098608283328073,2.5081923890063424,
1,-2.248870117089836,GO:0031425,M1,1,0,GO Biological Processes,19,chloroplast RNA processing,19_GO:0008152 metabolic process,-2.248870117089836,3.053451604007722,3.278609974450369,18982,23,1892,7,0.3699788583509514,0.1395799373889205,816078|817526|818771|823832|830772|835388|839941,OTP51|OTP81|EMB2654|CRR2|AT5G08720|AT5G53080|EMB2279,-0.3431766848015235,0,27,1,1,-2.248870117089836,4.459008691566831,
1,-2.0852787931464394,GO:0010239,M1,1,0,GO Biological Processes,19,chloroplast mRNA processing,19_GO:0008152 metabolic process,-2.0852787931464394,4.459008691566831,3.4534564517755633,18982,9,1892,4,0.21141649048625794,0.10559644378906206,816078|818771|830772|839941,OTP51|EMB2654|AT5G08720|EMB2279,-0.2899509789355716,0,27,0,0,-2.248870117089836,4.459008691566831,
1,-2.248870117089836,GO:0009768,M1,1,0,GO Biological Processes,19,"photosynthesis, light harvesting in photosystem I",19_GO:0008152 metabolic process,-2.248870117089836,3.053451604007722,3.278609974450369,18982,23,1892,7,0.3699788583509514,0.1395799373889205,818005|826626|835515|837358|838151|839871|842446,LHB1B2|LHCB5|LHCB3|PSAO|LHCB6|CAB1|LHCA3,-0.3431766848015235,0,28,1,1,-2.248870117089836,3.053451604007722,
1,-2.201627832165779,GO:0015996,M1,1,0,GO Biological Processes,19,chlorophyll catabolic process,19_GO:0008152 metabolic process,-2.201627832165779,3.344256518675123,3.310743162621764,18982,18,1892,6,0.3171247357293869,0.12926018444490595,819561|823622|828391|829266|829854|830372,NAC046|ACD1|NYE1|ACDO1|ACD2|NOL,-0.3233318405629896,0,29,1,1,-2.201627832165779,3.344256518675123,
1,-2.074475049788761,GO:0046149,M1,1,0,GO Biological Processes,19,pigment catabolic process,19_GO:0008152 metabolic process,-2.074475049788761,3.168243017692222,3.1461564398796984,18982,19,1892,6,0.3171247357293869,0.12926018444490595,819561|823622|828391|829266|829854|830372,NAC046|ACD1|NYE1|ACDO1|ACD2|NOL,-0.2899509789355716,0,29,0,0,-2.201627832165779,3.344256518675123,
1,-2.181818871439255,GO:0006458,M1,1,0,GO Biological Processes,19,'de novo' protein folding,19_GO:0009987 cellular process,-2.181818871439255,2.299176356589147,2.998586765741025,18982,48,1892,11,0.5813953488372093,0.17478696536696944,816577|816578|816768|817620|817771|831856|832628|835615|838174|844343|6241015,AT2G20550|AT2G20560|AT2G22360|AT2G30695|HSP70T-2|Hsp70-2|AT5G25530|AT5G55220|Hsp70b|AT1G80030|AT4G32208,-0.31801760047911926,0,30,1,1,-2.181818871439255,2.299176356589147,
1,-2.127512982239398,GO:1901661,M1,1,0,GO Biological Processes,19,quinone metabolic process,19_GO:0008152 metabolic process,-2.127512982239398,2.5081923890063424,3.0136881329302323,18982,36,1892,9,0.47568710359408034,0.15818478793713323,818703|830842|834953|838945|839932|840114|843810|844150|844187,AT2G41040|AT5G09820|DHNAT2|MENG|AAE14|AT1G32220|EDS16|AT1G78140|SPS1,-0.2899509789355716,0,31,1,1,-2.127512982239398,2.5081923890063424,
1,-2.127512982239398,GO:1901663,M1,1,0,GO Biological Processes,19,quinone biosynthetic process,19_GO:0008152 metabolic process,-2.127512982239398,2.5081923890063424,3.0136881329302323,18982,36,1892,9,0.47568710359408034,0.15818478793713323,818703|830842|834953|838945|839932|840114|843810|844150|844187,AT2G41040|AT5G09820|DHNAT2|MENG|AAE14|AT1G32220|EDS16|AT1G78140|SPS1,-0.2899509789355716,0,31,0,0,-2.127512982239398,2.5081923890063424,
1,-2.0457727774660865,GO:0042181,M1,1,0,GO Biological Processes,19,ketone biosynthetic process,19_GO:0008152 metabolic process,-2.0457727774660865,2.4404034055196844,2.918010000677269,18982,37,1892,9,0.47568710359408034,0.15818478793713323,818703|830842|834953|838945|839932|840114|843810|844150|844187,AT2G41040|AT5G09820|DHNAT2|MENG|AAE14|AT1G32220|EDS16|AT1G78140|SPS1,-0.2677581191521027,0,31,0,0,-2.127512982239398,2.5081923890063424,
1,-2.1200441092654057,GO:0007163,M1,1,0,GO Biological Processes,19,establishment or maintenance of cell polarity,19_GO:0009987 cellular process,-2.1200441092654057,2.6754052149400986,3.0556390088690226,18982,30,1892,8,0.42283298097251587,0.14917764423271737,819077|819744|824293|828396|829016|832970|834637|835726,ARAC9|TRM6|ROP1|ESP|ROP9|WVD2|RAC2|WRKY2,-0.2899509789355716,0,32,1,1,-2.1200441092654057,2.6754052149400986,
1,-2.0720822034443875,GO:0090603,M1,1,0,GO Biological Processes,19,sieve element differentiation,19_GO:0032502 developmental process,-2.0720822034443875,6.019661733615221,3.735035675789059,18982,5,1892,3,0.15856236786469344,0.0914734182034641,821226|831591|840078,NAC045|NAC086|BRX,-0.2899509789355716,0,33,1,1,-2.0720822034443875,6.019661733615221,
1,-2.033148364736834,GO:0000373,M1,1,0,GO Biological Processes,19,Group II intron splicing,19_GO:0008152 metabolic process,-2.033148364736834,2.809175475687104,3.011722618502116,18982,25,1892,7,0.3699788583509514,0.1395799373889205,816078|816521|839880|842789|842952|843343|6240517,OTP51|CAF1|nMAT1|APO1|AT1G66345|EMB25|WTF1,-0.264860774218568,0,34,1,1,-2.033148364736834,2.809175475687104,
1,-2.029263127514031,GO:0006282,M1,1,0,GO Biological Processes,19,regulation of DNA repair,19_GO:0050789 regulation of biological process,-2.029263127514031,2.589101820909773,2.946222797282167,18982,31,1892,8,0.42283298097251587,0.14917764423271737,817744|817745|822331|828016|834082|835150|836745|838492,PARG2|TEJ|AT3G27120|FDM2|ATR|AT5G50780|ATRAD17|DMS11,-0.264860774218568,0,35,1,1,-2.029263127514031,2.589101820909773,
