"","WS_c1.which.mclass....4...1."
"1","AT1G01040"
"2","AT1G01050"
"3","AT1G01470"
"4","AT1G01510"
"5","AT1G01540"
"6","AT1G01720"
"7","AT1G01910"
"8","AT1G02100"
"9","AT1G02560"
"10","AT1G02640"
"11","AT1G02690"
"12","AT1G03140"
"13","AT1G03230"
"14","AT1G03290"
"15","AT1G03370"
"16","AT1G03740"
"17","AT1G03820"
"18","AT1G03910"
"19","AT1G04180"
"20","AT1G04190"
"21","AT1G04200"
"22","AT1G04210"
"23","AT1G04220"
"24","AT1G04300"
"25","AT1G04833"
"26","AT1G04860"
"27","AT1G04870"
"28","AT1G05150"
"29","AT1G05270"
"30","AT1G05333"
"31","AT1G05380"
"32","AT1G05520"
"33","AT1G05620"
"34","AT1G05830"
"35","AT1G05890"
"36","AT1G05910"
"37","AT1G05940"
"38","AT1G06110"
"39","AT1G06230"
"40","AT1G06470"
"41","AT1G06680"
"42","AT1G06720"
"43","AT1G06900"
"44","AT1G07080"
"45","AT1G07135"
"46","AT1G07200"
"47","AT1G07240"
"48","AT1G07360"
"49","AT1G07420"
"50","AT1G07790"
"51","AT1G07820"
"52","AT1G07990"
"53","AT1G08110"
"54","AT1G08450"
"55","AT1G08570"
"56","AT1G08580"
"57","AT1G08600"
"58","AT1G08650"
"59","AT1G08800"
"60","AT1G08830"
"61","AT1G08920"
"62","AT1G09010"
"63","AT1G09200"
"64","AT1G09330"
"65","AT1G09660"
"66","AT1G09750"
"67","AT1G09760"
"68","AT1G10170"
"69","AT1G10370"
"70","AT1G10900"
"71","AT1G11545"
"72","AT1G11660"
"73","AT1G12090"
"74","AT1G12140"
"75","AT1G12200"
"76","AT1G12380"
"77","AT1G12470"
"78","AT1G12760"
"79","AT1G12780"
"80","AT1G13210"
"81","AT1G13320"
"82","AT1G13340"
"83","AT1G13730"
"84","AT1G14040"
"85","AT1G14120"
"86","AT1G14360"
"87","AT1G14450"
"88","AT1G14480"
"89","AT1G14650"
"90","AT1G14810"
"91","AT1G14850"
"92","AT1G15240"
"93","AT1G15280"
"94","AT1G15290"
"95","AT1G15340"
"96","AT1G15350"
"97","AT1G15430"
"98","AT1G15440"
"99","AT1G16240"
"100","AT1G16270"
"101","AT1G16710"
"102","AT1G16890"
"103","AT1G16920"
"104","AT1G17110"
"105","AT1G17380"
"106","AT1G18140"
"107","AT1G18250"
"108","AT1G18260"
"109","AT1G18450"
"110","AT1G18470"
"111","AT1G18640"
"112","AT1G18670"
"113","AT1G18870"
"114","AT1G18890"
"115","AT1G18910"
"116","AT1G18950"
"117","AT1G19110"
"118","AT1G19130"
"119","AT1G19520"
"120","AT1G19660"
"121","AT1G19880"
"122","AT1G20090"
"123","AT1G20100"
"124","AT1G20510"
"125","AT1G20560"
"126","AT1G20823"
"127","AT1G20920"
"128","AT1G21000"
"129","AT1G21050"
"130","AT1G21080"
"131","AT1G21100"
"132","AT1G21170"
"133","AT1G21660"
"134","AT1G21720"
"135","AT1G21780"
"136","AT1G21910"
"137","AT1G22200"
"138","AT1G22610"
"139","AT1G23230"
"140","AT1G23900"
"141","AT1G24190"
"142","AT1G24300"
"143","AT1G24430"
"144","AT1G24460"
"145","AT1G24560"
"146","AT1G24706"
"147","AT1G24764"
"148","AT1G25220"
"149","AT1G25260"
"150","AT1G25280"
"151","AT1G25400"
"152","AT1G25560"
"153","AT1G25570"
"154","AT1G26460"
"155","AT1G26670"
"156","AT1G27130"
"157","AT1G27190"
"158","AT1G27200"
"159","AT1G27430"
"160","AT1G27530"
"161","AT1G27595"
"162","AT1G27650"
"163","AT1G27970"
"164","AT1G28330"
"165","AT1G28350"
"166","AT1G28370"
"167","AT1G29340"
"168","AT1G29850"
"169","AT1G30370"
"170","AT1G30450"
"171","AT1G30470"
"172","AT1G30820"
"173","AT1G30870"
"174","AT1G30970"
"175","AT1G31120"
"176","AT1G31180"
"177","AT1G31930"
"178","AT1G32100"
"179","AT1G32170"
"180","AT1G32210"
"181","AT1G32440"
"182","AT1G32490"
"183","AT1G32750"
"184","AT1G33240"
"185","AT1G33680"
"186","AT1G33700"
"187","AT1G34430"
"188","AT1G34550"
"189","AT1G35140"
"190","AT1G35220"
"191","AT1G36060"
"192","AT1G36980"
"193","AT1G42440"
"194","AT1G42470"
"195","AT1G42960"
"196","AT1G43190"
"197","AT1G43850"
"198","AT1G44100"
"199","AT1G44750"
"200","AT1G45145"
"201","AT1G45160"
"202","AT1G47490"
"203","AT1G47500"
"204","AT1G48110"
"205","AT1G48230"
"206","AT1G48440"
"207","AT1G48490"
"208","AT1G48620"
"209","AT1G48650"
"210","AT1G48790"
"211","AT1G48800"
"212","AT1G48900"
"213","AT1G49040"
"214","AT1G49140"
"215","AT1G49480"
"216","AT1G49670"
"217","AT1G50030"
"218","AT1G50250"
"219","AT1G50370"
"220","AT1G50490"
"221","AT1G50600"
"222","AT1G50640"
"223","AT1G50745"
"224","AT1G51160"
"225","AT1G51510"
"226","AT1G51630"
"227","AT1G51660"
"228","AT1G51690"
"229","AT1G52410"
"230","AT1G52820"
"231","AT1G52980"
"232","AT1G53050"
"233","AT1G53570"
"234","AT1G53590"
"235","AT1G54690"
"236","AT1G54710"
"237","AT1G55090"
"238","AT1G55310"
"239","AT1G55325"
"240","AT1G55490"
"241","AT1G55740"
"242","AT1G55850"
"243","AT1G56140"
"244","AT1G57990"
"245","AT1G58230"
"246","AT1G58290"
"247","AT1G58360"
"248","AT1G58440"
"249","AT1G58684"
"250","AT1G59359"
"251","AT1G59750"
"252","AT1G59760"
"253","AT1G59890"
"254","AT1G59910"
"255","AT1G59960"
"256","AT1G60190"
"257","AT1G60490"
"258","AT1G60770"
"259","AT1G60960"
"260","AT1G61340"
"261","AT1G61670"
"262","AT1G61740"
"263","AT1G62300"
"264","AT1G62740"
"265","AT1G63050"
"266","AT1G63660"
"267","AT1G63700"
"268","AT1G63840"
"269","AT1G64460"
"270","AT1G64590"
"271","AT1G64880"
"272","AT1G65270"
"273","AT1G65280"
"274","AT1G65970"
"275","AT1G66160"
"276","AT1G66400"
"277","AT1G66680"
"278","AT1G67120"
"279","AT1G67310"
"280","AT1G67328"
"281","AT1G67330"
"282","AT1G67750"
"283","AT1G67785"
"284","AT1G67880"
"285","AT1G68140"
"286","AT1G68300"
"287","AT1G68410"
"288","AT1G68720"
"289","AT1G68790"
"290","AT1G69340"
"291","AT1G69460"
"292","AT1G69890"
"293","AT1G70090"
"294","AT1G70620"
"295","AT1G70940"
"296","AT1G70980"
"297","AT1G71040"
"298","AT1G71270"
"299","AT1G71400"
"300","AT1G71710"
"301","AT1G71730"
"302","AT1G71820"
"303","AT1G71960"
"304","AT1G72130"
"305","AT1G72410"
"306","AT1G72450"
"307","AT1G72510"
"308","AT1G72550"
"309","AT1G72940"
"310","AT1G73030"
"311","AT1G73080"
"312","AT1G73220"
"313","AT1G73260"
"314","AT1G73500"
"315","AT1G73590"
"316","AT1G73660"
"317","AT1G73920"
"318","AT1G73940"
"319","AT1G73960"
"320","AT1G74020"
"321","AT1G74470"
"322","AT1G74510"
"323","AT1G74910"
"324","AT1G74930"
"325","AT1G74950"
"326","AT1G75080"
"327","AT1G75280"
"328","AT1G75820"
"329","AT1G76600"
"330","AT1G76650"
"331","AT1G76880"
"332","AT1G76950"
"333","AT1G77030"
"334","AT1G77300"
"335","AT1G77740"
"336","AT1G77750"
"337","AT1G77800"
"338","AT1G77840"
"339","AT1G78120"
"340","AT1G78580"
"341","AT1G78670"
"342","AT1G79090"
"343","AT1G79150"
"344","AT1G79350"
"345","AT1G79560"
"346","AT1G79570"
"347","AT1G79650"
"348","AT1G80040"
"349","AT1G80280"
"350","AT1G80325"
"351","AT1G80380"
"352","AT1G80530"
"353","AT1G80560"
"354","AT1G80680"
"355","AT1G80780"
"356","AT1G80840"
"357","AT1G80930"
"358","AT2G01100"
"359","AT2G01180"
"360","AT2G01190"
"361","AT2G01270"
"362","AT2G01350"
"363","AT2G01420"
"364","AT2G01530"
"365","AT2G01680"
"366","AT2G01890"
"367","AT2G02120"
"368","AT2G02220"
"369","AT2G03150"
"370","AT2G03200"
"371","AT2G03510"
"372","AT2G03820"
"373","AT2G04350"
"374","AT2G04390"
"375","AT2G05170"
"376","AT2G05790"
"377","AT2G05830"
"378","AT2G06990"
"379","AT2G08780"
"380","AT2G11910"
"381","AT2G13370"
"382","AT2G13540"
"383","AT2G14835"
"384","AT2G14910"
"385","AT2G16485"
"386","AT2G16720"
"387","AT2G16750"
"388","AT2G16780"
"389","AT2G16940"
"390","AT2G17130"
"391","AT2G17190"
"392","AT2G17265"
"393","AT2G17380"
"394","AT2G17410"
"395","AT2G17440"
"396","AT2G17520"
"397","AT2G17790"
"398","AT2G17840"
"399","AT2G17980"
"400","AT2G17990"
"401","AT2G18090"
"402","AT2G18700"
"403","AT2G18730"
"404","AT2G18790"
"405","AT2G18980"
"406","AT2G19520"
"407","AT2G19570"
"408","AT2G19572"
"409","AT2G19590"
"410","AT2G19830"
"411","AT2G20060"
"412","AT2G20280"
"413","AT2G20450"
"414","AT2G20530"
"415","AT2G20860"
"416","AT2G21580"
"417","AT2G21790"
"418","AT2G22010"
"419","AT2G22720"
"420","AT2G22795"
"421","AT2G22900"
"422","AT2G22970"
"423","AT2G23980"
"424","AT2G24170"
"425","AT2G24180"
"426","AT2G24420"
"427","AT2G24765"
"428","AT2G24790"
"429","AT2G25070"
"430","AT2G25140"
"431","AT2G25250"
"432","AT2G25660"
"433","AT2G25760"
"434","AT2G25870"
"435","AT2G26190"
"436","AT2G26510"
"437","AT2G26570"
"438","AT2G26780"
"439","AT2G26980"
"440","AT2G26990"
"441","AT2G27100"
"442","AT2G27210"
"443","AT2G27350"
"444","AT2G27450"
"445","AT2G27500"
"446","AT2G27550"
"447","AT2G27830"
"448","AT2G28310"
"449","AT2G28370"
"450","AT2G28520"
"451","AT2G28800"
"452","AT2G28950"
"453","AT2G29140"
"454","AT2G29190"
"455","AT2G29200"
"456","AT2G29210"
"457","AT2G29420"
"458","AT2G29440"
"459","AT2G29490"
"460","AT2G29960"
"461","AT2G29970"
"462","AT2G30050"
"463","AT2G30200"
"464","AT2G30360"
"465","AT2G30362"
"466","AT2G30500"
"467","AT2G30600"
"468","AT2G31060"
"469","AT2G31350"
"470","AT2G31510"
"471","AT2G31670"
"472","AT2G32150"
"473","AT2G32260"
"474","AT2G33170"
"475","AT2G33410"
"476","AT2G33580"
"477","AT2G33730"
"478","AT2G33850"
"479","AT2G34040"
"480","AT2G34357"
"481","AT2G34470"
"482","AT2G34490"
"483","AT2G35040"
"484","AT2G35190"
"485","AT2G35620"
"486","AT2G35880"
"487","AT2G35920"
"488","AT2G35940"
"489","AT2G36060"
"490","AT2G36170"
"491","AT2G36320"
"492","AT2G36390"
"493","AT2G36490"
"494","AT2G36720"
"495","AT2G37080"
"496","AT2G37230"
"497","AT2G37280"
"498","AT2G37360"
"499","AT2G37460"
"500","AT2G37570"
"501","AT2G37860"
"502","AT2G38020"
"503","AT2G38170"
"504","AT2G38440"
"505","AT2G38550"
"506","AT2G38670"
"507","AT2G38770"
"508","AT2G39260"
"509","AT2G39340"
"510","AT2G39350"
"511","AT2G39430"
"512","AT2G39450"
"513","AT2G39510"
"514","AT2G39580"
"515","AT2G39650"
"516","AT2G39750"
"517","AT2G39800"
"518","AT2G39970"
"519","AT2G40080"
"520","AT2G40270"
"521","AT2G40430"
"522","AT2G40540"
"523","AT2G40840"
"524","AT2G41100"
"525","AT2G41310"
"526","AT2G41530"
"527","AT2G41620"
"528","AT2G41640"
"529","AT2G41790"
"530","AT2G41960"
"531","AT2G42247"
"532","AT2G42790"
"533","AT2G42810"
"534","AT2G42910"
"535","AT2G43360"
"536","AT2G43420"
"537","AT2G43535"
"538","AT2G43610"
"539","AT2G43650"
"540","AT2G43710"
"541","AT2G43790"
"542","AT2G43800"
"543","AT2G44090"
"544","AT2G44450"
"545","AT2G44490"
"546","AT2G44520"
"547","AT2G44620"
"548","AT2G44670"
"549","AT2G44840"
"550","AT2G44940"
"551","AT2G45140"
"552","AT2G45160"
"553","AT2G45240"
"554","AT2G45430"
"555","AT2G45620"
"556","AT2G45680"
"557","AT2G45685"
"558","AT2G45810"
"559","AT2G45830"
"560","AT2G45970"
"561","AT2G45980"
"562","AT2G46170"
"563","AT2G46510"
"564","AT2G46520"
"565","AT2G46600"
"566","AT2G46750"
"567","AT2G46890"
"568","AT2G46900"
"569","AT2G47060"
"570","AT2G47160"
"571","AT2G47410"
"572","AT2G47600"
"573","AT2G47890"
"574","AT2G47900"
"575","AT2G47960"
"576","AT2G47970"
"577","AT2G48010"
"578","AT2G48100"
"579","AT3G01100"
"580","AT3G01340"
"581","AT3G01460"
"582","AT3G01670"
"583","AT3G02420"
"584","AT3G02520"
"585","AT3G02540"
"586","AT3G02580"
"587","AT3G02630"
"588","AT3G02750"
"589","AT3G03070"
"590","AT3G03160"
"591","AT3G03270"
"592","AT3G03990"
"593","AT3G04080"
"594","AT3G04340"
"595","AT3G04570"
"596","AT3G04600"
"597","AT3G04740"
"598","AT3G04880"
"599","AT3G04930"
"600","AT3G05090"
"601","AT3G05200"
"602","AT3G05280"
"603","AT3G05670"
"604","AT3G05680"
"605","AT3G05690"
"606","AT3G05910"
"607","AT3G05970"
"608","AT3G06035"
"609","AT3G06130"
"610","AT3G06170"
"611","AT3G06390"
"612","AT3G06510"
"613","AT3G06530"
"614","AT3G06550"
"615","AT3G06580"
"616","AT3G06670"
"617","AT3G06810"
"618","AT3G06930"
"619","AT3G07090"
"620","AT3G07270"
"621","AT3G07560"
"622","AT3G07660"
"623","AT3G07790"
"624","AT3G07950"
"625","AT3G08730"
"626","AT3G08943"
"627","AT3G08960"
"628","AT3G09070"
"629","AT3G09090"
"630","AT3G09100"
"631","AT3G09470"
"632","AT3G09570"
"633","AT3G09850"
"634","AT3G09875"
"635","AT3G10650"
"636","AT3G11320"
"637","AT3G11590"
"638","AT3G11960"
"639","AT3G12020"
"640","AT3G12050"
"641","AT3G12360"
"642","AT3G12500"
"643","AT3G12570"
"644","AT3G12590"
"645","AT3G12600"
"646","AT3G12670"
"647","AT3G12740"
"648","AT3G12810"
"649","AT3G13235"
"650","AT3G13320"
"651","AT3G13360"
"652","AT3G13520"
"653","AT3G13710"
"654","AT3G13860"
"655","AT3G14050"
"656","AT3G14100"
"657","AT3G14205"
"658","AT3G14290"
"659","AT3G14390"
"660","AT3G14400"
"661","AT3G14920"
"662","AT3G15010"
"663","AT3G15020"
"664","AT3G15410"
"665","AT3G15610"
"666","AT3G15640"
"667","AT3G16060"
"668","AT3G16270"
"669","AT3G16310"
"670","AT3G16480"
"671","AT3G16510"
"672","AT3G16785"
"673","AT3G16840"
"674","AT3G16910"
"675","AT3G16940"
"676","AT3G17205"
"677","AT3G17340"
"678","AT3G17410"
"679","AT3G17420"
"680","AT3G17440"
"681","AT3G17465"
"682","AT3G17510"
"683","AT3G17900"
"684","AT3G18035"
"685","AT3G18520"
"686","AT3G18600"
"687","AT3G18860"
"688","AT3G18990"
"689","AT3G19050"
"690","AT3G19170"
"691","AT3G19190"
"692","AT3G19580"
"693","AT3G19640"
"694","AT3G19680"
"695","AT3G19740"
"696","AT3G20100"
"697","AT3G20260"
"698","AT3G20310"
"699","AT3G20510"
"700","AT3G20920"
"701","AT3G21230"
"702","AT3G21250"
"703","AT3G21560"
"704","AT3G21865"
"705","AT3G22120"
"706","AT3G22170"
"707","AT3G22290"
"708","AT3G22310"
"709","AT3G22330"
"710","AT3G22520"
"711","AT3G22550"
"712","AT3G22800"
"713","AT3G23050"
"714","AT3G23280"
"715","AT3G23310"
"716","AT3G23400"
"717","AT3G23530"
"718","AT3G23620"
"719","AT3G23660"
"720","AT3G23690"
"721","AT3G23890"
"722","AT3G23900"
"723","AT3G24080"
"724","AT3G24300"
"725","AT3G24518"
"726","AT3G24520"
"727","AT3G25040"
"728","AT3G25110"
"729","AT3G25150"
"730","AT3G25560"
"731","AT3G25710"
"732","AT3G25830"
"733","AT3G25840"
"734","AT3G26560"
"735","AT3G26890"
"736","AT3G26950"
"737","AT3G27060"
"738","AT3G27260"
"739","AT3G27280"
"740","AT3G27325"
"741","AT3G27530"
"742","AT3G27570"
"743","AT3G27740"
"744","AT3G27960"
"745","AT3G28200"
"746","AT3G28345"
"747","AT3G28720"
"748","AT3G28730"
"749","AT3G29000"
"750","AT3G29160"
"751","AT3G29250"
"752","AT3G43190"
"753","AT3G44540"
"754","AT3G44730"
"755","AT3G44750"
"756","AT3G45030"
"757","AT3G45090"
"758","AT3G45160"
"759","AT3G45190"
"760","AT3G45640"
"761","AT3G45850"
"762","AT3G46000"
"763","AT3G46010"
"764","AT3G46040"
"765","AT3G46280"
"766","AT3G46640"
"767","AT3G46830"
"768","AT3G47210"
"769","AT3G47620"
"770","AT3G47910"
"771","AT3G48100"
"772","AT3G48680"
"773","AT3G48760"
"774","AT3G48860"
"775","AT3G49220"
"776","AT3G49390"
"777","AT3G49670"
"778","AT3G49680"
"779","AT3G49800"
"780","AT3G49810"
"781","AT3G49870"
"782","AT3G50380"
"783","AT3G50740"
"784","AT3G50950"
"785","AT3G51000"
"786","AT3G51238"
"787","AT3G51630"
"788","AT3G51670"
"789","AT3G51720"
"790","AT3G51740"
"791","AT3G51770"
"792","AT3G51850"
"793","AT3G52250"
"794","AT3G52430"
"795","AT3G52450"
"796","AT3G52640"
"797","AT3G52710"
"798","AT3G52870"
"799","AT3G52890"
"800","AT3G53190"
"801","AT3G53510"
"802","AT3G54030"
"803","AT3G54190"
"804","AT3G54200"
"805","AT3G54230"
"806","AT3G54280"
"807","AT3G54400"
"808","AT3G54540"
"809","AT3G54560"
"810","AT3G54650"
"811","AT3G54660"
"812","AT3G54670"
"813","AT3G54760"
"814","AT3G54920"
"815","AT3G55050"
"816","AT3G55120"
"817","AT3G55200"
"818","AT3G55270"
"819","AT3G55620"
"820","AT3G56050"
"821","AT3G56090"
"822","AT3G56480"
"823","AT3G56590"
"824","AT3G56860"
"825","AT3G57300"
"826","AT3G57550"
"827","AT3G57630"
"828","AT3G57650"
"829","AT3G58460"
"830","AT3G58510"
"831","AT3G58660"
"832","AT3G59080"
"833","AT3G59540"
"834","AT3G60250"
"835","AT3G60320"
"836","AT3G60330"
"837","AT3G60550"
"838","AT3G61110"
"839","AT3G61140"
"840","AT3G61240"
"841","AT3G61260"
"842","AT3G61600"
"843","AT3G61690"
"844","AT3G61850"
"845","AT3G62130"
"846","AT3G62560"
"847","AT3G62650"
"848","AT3G62740"
"849","AT3G63000"
"850","AT3G63070"
"851","AT3G63130"
"852","AT3G63210"
"853","AT3G63250"
"854","AT3G63310"
"855","AT3G63400"
"856","AT3G63410"
"857","AT3G63520"
"858","AT4G00340"
"859","AT4G00440"
"860","AT4G00660"
"861","AT4G00740"
"862","AT4G00830"
"863","AT4G00900"
"864","AT4G01210"
"865","AT4G01320"
"866","AT4G01395"
"867","AT4G01560"
"868","AT4G01810"
"869","AT4G01860"
"870","AT4G01870"
"871","AT4G02010"
"872","AT4G02020"
"873","AT4G02120"
"874","AT4G02150"
"875","AT4G02450"
"876","AT4G02640"
"877","AT4G02710"
"878","AT4G02860"
"879","AT4G02920"
"880","AT4G02940"
"881","AT4G03190"
"882","AT4G03520"
"883","AT4G04340"
"884","AT4G04720"
"885","AT4G04920"
"886","AT4G04950"
"887","AT4G05020"
"888","AT4G05160"
"889","AT4G05200"
"890","AT4G07410"
"891","AT4G08460"
"892","AT4G08685"
"893","AT4G08690"
"894","AT4G08780"
"895","AT4G08810"
"896","AT4G08850"
"897","AT4G08920"
"898","AT4G09630"
"899","AT4G10450"
"900","AT4G10710"
"901","AT4G10730"
"902","AT4G10930"
"903","AT4G11240"
"904","AT4G11830"
"905","AT4G12230"
"906","AT4G12400"
"907","AT4G12560"
"908","AT4G12610"
"909","AT4G12720"
"910","AT4G12770"
"911","AT4G12780"
"912","AT4G13010"
"913","AT4G13020"
"914","AT4G13505"
"915","AT4G13850"
"916","AT4G14000"
"917","AT4G14040"
"918","AT4G14060"
"919","AT4G14300"
"920","AT4G14360"
"921","AT4G14570"
"922","AT4G14800"
"923","AT4G15180"
"924","AT4G15393"
"925","AT4G15610"
"926","AT4G15780"
"927","AT4G15900"
"928","AT4G16380"
"929","AT4G16630"
"930","AT4G17040"
"931","AT4G17090"
"932","AT4G17230"
"933","AT4G17270"
"934","AT4G17490"
"935","AT4G17530"
"936","AT4G17640"
"937","AT4G17770"
"938","AT4G17800"
"939","AT4G17870"
"940","AT4G18010"
"941","AT4G18040"
"942","AT4G18060"
"943","AT4G18360"
"944","AT4G18640"
"945","AT4G18880"
"946","AT4G18950"
"947","AT4G19020"
"948","AT4G19120"
"949","AT4G19490"
"950","AT4G19640"
"951","AT4G19670"
"952","AT4G20110"
"953","AT4G20140"
"954","AT4G20320"
"955","AT4G20362"
"956","AT4G20820"
"957","AT4G21580"
"958","AT4G21600"
"959","AT4G21830"
"960","AT4G21910"
"961","AT4G21980"
"962","AT4G22010"
"963","AT4G22220"
"964","AT4G22820"
"965","AT4G23640"
"966","AT4G24020"
"967","AT4G24060"
"968","AT4G24140"
"969","AT4G24160"
"970","AT4G24380"
"971","AT4G24550"
"972","AT4G24680"
"973","AT4G24740"
"974","AT4G24800"
"975","AT4G25130"
"976","AT4G25470"
"977","AT4G25500"
"978","AT4G25620"
"979","AT4G25900"
"980","AT4G25970"
"981","AT4G26190"
"982","AT4G26300"
"983","AT4G26480"
"984","AT4G26540"
"985","AT4G26570"
"986","AT4G26760"
"987","AT4G26840"
"988","AT4G26870"
"989","AT4G26940"
"990","AT4G27080"
"991","AT4G27654"
"992","AT4G28400"
"993","AT4G28440"
"994","AT4G28470"
"995","AT4G28600"
"996","AT4G28650"
"997","AT4G28710"
"998","AT4G28910"
"999","AT4G29160"
"1000","AT4G29690"
"1001","AT4G29720"
"1002","AT4G30850"
"1003","AT4G30890"
"1004","AT4G30950"
"1005","AT4G31160"
"1006","AT4G31300"
"1007","AT4G31570"
"1008","AT4G31580"
"1009","AT4G31800"
"1010","AT4G31810"
"1011","AT4G31880"
"1012","AT4G31920"
"1013","AT4G32010"
"1014","AT4G32070"
"1015","AT4G32130"
"1016","AT4G32390"
"1017","AT4G32400"
"1018","AT4G32420"
"1019","AT4G32480"
"1020","AT4G32620"
"1021","AT4G32640"
"1022","AT4G32650"
"1023","AT4G32660"
"1024","AT4G32910"
"1025","AT4G33070"
"1026","AT4G33080"
"1027","AT4G33150"
"1028","AT4G33240"
"1029","AT4G33380"
"1030","AT4G33580"
"1031","AT4G33680"
"1032","AT4G34030"
"1033","AT4G34150"
"1034","AT4G34410"
"1035","AT4G35000"
"1036","AT4G35380"
"1037","AT4G35785"
"1038","AT4G35850"
"1039","AT4G35890"
"1040","AT4G35920"
"1041","AT4G36040"
"1042","AT4G36080"
"1043","AT4G36380"
"1044","AT4G36430"
"1045","AT4G36500"
"1046","AT4G36710"
"1047","AT4G36980"
"1048","AT4G37070"
"1049","AT4G37180"
"1050","AT4G37250"
"1051","AT4G37270"
"1052","AT4G37520"
"1053","AT4G37640"
"1054","AT4G37680"
"1055","AT4G38200"
"1056","AT4G38360"
"1057","AT4G38500"
"1058","AT4G38550"
"1059","AT4G38710"
"1060","AT4G38760"
"1061","AT4G38790"
"1062","AT4G38890"
"1063","AT4G39270"
"1064","AT4G39280"
"1065","AT4G39420"
"1066","AT4G39460"
"1067","AT4G39520"
"1068","AT4G39690"
"1069","AT4G39800"
"1070","AT4G39838"
"1071","AT4G39850"
"1072","AT4G40050"
"1073","AT4G40090"
"1074","AT5G01040"
"1075","AT5G01215"
"1076","AT5G01400"
"1077","AT5G01460"
"1078","AT5G01530"
"1079","AT5G01590"
"1080","AT5G01750"
"1081","AT5G01870"
"1082","AT5G02050"
"1083","AT5G02240"
"1084","AT5G02310"
"1085","AT5G02530"
"1086","AT5G02790"
"1087","AT5G03460"
"1088","AT5G03610"
"1089","AT5G03740"
"1090","AT5G04340"
"1091","AT5G04560"
"1092","AT5G04600"
"1093","AT5G04830"
"1094","AT5G04860"
"1095","AT5G04990"
"1096","AT5G05100"
"1097","AT5G05140"
"1098","AT5G05370"
"1099","AT5G05410"
"1100","AT5G05440"
"1101","AT5G05570"
"1102","AT5G05660"
"1103","AT5G05730"
"1104","AT5G05780"
"1105","AT5G05980"
"1106","AT5G06110"
"1107","AT5G06120"
"1108","AT5G06140"
"1109","AT5G06460"
"1110","AT5G06700"
"1111","AT5G06750"
"1112","AT5G06865"
"1113","AT5G06970"
"1114","AT5G07340"
"1115","AT5G07470"
"1116","AT5G07920"
"1117","AT5G07940"
"1118","AT5G08080"
"1119","AT5G08420"
"1120","AT5G09330"
"1121","AT5G09400"
"1122","AT5G09410"
"1123","AT5G09440"
"1124","AT5G09595"
"1125","AT5G09600"
"1126","AT5G09620"
"1127","AT5G10010"
"1128","AT5G10020"
"1129","AT5G10170"
"1130","AT5G10210"
"1131","AT5G10330"
"1132","AT5G10560"
"1133","AT5G10750"
"1134","AT5G10830"
"1135","AT5G11040"
"1136","AT5G11070"
"1137","AT5G11110"
"1138","AT5G11720"
"1139","AT5G11850"
"1140","AT5G11980"
"1141","AT5G12040"
"1142","AT5G12080"
"1143","AT5G12120"
"1144","AT5G12290"
"1145","AT5G12350"
"1146","AT5G12430"
"1147","AT5G12850"
"1148","AT5G12940"
"1149","AT5G12950"
"1150","AT5G13020"
"1151","AT5G13100"
"1152","AT5G13120"
"1153","AT5G13280"
"1154","AT5G13390"
"1155","AT5G13490"
"1156","AT5G13500"
"1157","AT5G13520"
"1158","AT5G13590"
"1159","AT5G13640"
"1160","AT5G13650"
"1161","AT5G13680"
"1162","AT5G13810"
"1163","AT5G14240"
"1164","AT5G14250"
"1165","AT5G14730"
"1166","AT5G14950"
"1167","AT5G15020"
"1168","AT5G15400"
"1169","AT5G15470"
"1170","AT5G15530"
"1171","AT5G15550"
"1172","AT5G15730"
"1173","AT5G15740"
"1174","AT5G15810"
"1175","AT5G15950"
"1176","AT5G16270"
"1177","AT5G16360"
"1178","AT5G16390"
"1179","AT5G16440"
"1180","AT5G16680"
"1181","AT5G16750"
"1182","AT5G16760"
"1183","AT5G16780"
"1184","AT5G16830"
"1185","AT5G16840"
"1186","AT5G17530"
"1187","AT5G17760"
"1188","AT5G17910"
"1189","AT5G18110"
"1190","AT5G18190"
"1191","AT5G18230"
"1192","AT5G18410"
"1193","AT5G18480"
"1194","AT5G18525"
"1195","AT5G18620"
"1196","AT5G18680"
"1197","AT5G19000"
"1198","AT5G19090"
"1199","AT5G19120"
"1200","AT5G19140"
"1201","AT5G19180"
"1202","AT5G19350"
"1203","AT5G19450"
"1204","AT5G19530"
"1205","AT5G19890"
"1206","AT5G19900"
"1207","AT5G20000"
"1208","AT5G20070"
"1209","AT5G20350"
"1210","AT5G21274"
"1211","AT5G21990"
"1212","AT5G22250"
"1213","AT5G22450"
"1214","AT5G22640"
"1215","AT5G22770"
"1216","AT5G22780"
"1217","AT5G23050"
"1218","AT5G23150"
"1219","AT5G23250"
"1220","AT5G23890"
"1221","AT5G23980"
"1222","AT5G24260"
"1223","AT5G24350"
"1224","AT5G24530"
"1225","AT5G24690"
"1226","AT5G24740"
"1227","AT5G24810"
"1228","AT5G25060"
"1229","AT5G25265"
"1230","AT5G25270"
"1231","AT5G25620"
"1232","AT5G25754"
"1233","AT5G25770"
"1234","AT5G26742"
"1235","AT5G26860"
"1236","AT5G26880"
"1237","AT5G27420"
"1238","AT5G27540"
"1239","AT5G28740"
"1240","AT5G30510"
"1241","AT5G35430"
"1242","AT5G35460"
"1243","AT5G35580"
"1244","AT5G35620"
"1245","AT5G35680"
"1246","AT5G35700"
"1247","AT5G35910"
"1248","AT5G36210"
"1249","AT5G37020"
"1250","AT5G37370"
"1251","AT5G37475"
"1252","AT5G37540"
"1253","AT5G38200"
"1254","AT5G38280"
"1255","AT5G38530"
"1256","AT5G38830"
"1257","AT5G38880"
"1258","AT5G39670"
"1259","AT5G39730"
"1260","AT5G39950"
"1261","AT5G40250"
"1262","AT5G40480"
"1263","AT5G40510"
"1264","AT5G40580"
"1265","AT5G41180"
"1266","AT5G41370"
"1267","AT5G41400"
"1268","AT5G41940"
"1269","AT5G42100"
"1270","AT5G42180"
"1271","AT5G42270"
"1272","AT5G42540"
"1273","AT5G42580"
"1274","AT5G42590"
"1275","AT5G42650"
"1276","AT5G42820"
"1277","AT5G42890"
"1278","AT5G42970"
"1279","AT5G43010"
"1280","AT5G43330"
"1281","AT5G43460"
"1282","AT5G43620"
"1283","AT5G43630"
"1284","AT5G43960"
"1285","AT5G44090"
"1286","AT5G44100"
"1287","AT5G44750"
"1288","AT5G44800"
"1289","AT5G45100"
"1290","AT5G45280"
"1291","AT5G45340"
"1292","AT5G45350"
"1293","AT5G45390"
"1294","AT5G45470"
"1295","AT5G45620"
"1296","AT5G46020"
"1297","AT5G46070"
"1298","AT5G46760"
"1299","AT5G46780"
"1300","AT5G46840"
"1301","AT5G46860"
"1302","AT5G47060"
"1303","AT5G47220"
"1304","AT5G47430"
"1305","AT5G47435"
"1306","AT5G47540"
"1307","AT5G47620"
"1308","AT5G47880"
"1309","AT5G48020"
"1310","AT5G48070"
"1311","AT5G48180"
"1312","AT5G48560"
"1313","AT5G48880"
"1314","AT5G49160"
"1315","AT5G49280"
"1316","AT5G49650"
"1317","AT5G50000"
"1318","AT5G50310"
"1319","AT5G50320"
"1320","AT5G50460"
"1321","AT5G50900"
"1322","AT5G51060"
"1323","AT5G51300"
"1324","AT5G51400"
"1325","AT5G51780"
"1326","AT5G52040"
"1327","AT5G52280"
"1328","AT5G52320"
"1329","AT5G52530"
"1330","AT5G52540"
"1331","AT5G52820"
"1332","AT5G53160"
"1333","AT5G53170"
"1334","AT5G53440"
"1335","AT5G53570"
"1336","AT5G53620"
"1337","AT5G53850"
"1338","AT5G54280"
"1339","AT5G54310"
"1340","AT5G54430"
"1341","AT5G54440"
"1342","AT5G54830"
"1343","AT5G55040"
"1344","AT5G55050"
"1345","AT5G55160"
"1346","AT5G55230"
"1347","AT5G55300"
"1348","AT5G55390"
"1349","AT5G55500"
"1350","AT5G55600"
"1351","AT5G55660"
"1352","AT5G56220"
"1353","AT5G56290"
"1354","AT5G56340"
"1355","AT5G56530"
"1356","AT5G56630"
"1357","AT5G56750"
"1358","AT5G56760"
"1359","AT5G56980"
"1360","AT5G57020"
"1361","AT5G57090"
"1362","AT5G57120"
"1363","AT5G57130"
"1364","AT5G57460"
"1365","AT5G57580"
"1366","AT5G57630"
"1367","AT5G57940"
"1368","AT5G58000"
"1369","AT5G58220"
"1370","AT5G58300"
"1371","AT5G58375"
"1372","AT5G58450"
"1373","AT5G58470"
"1374","AT5G58490"
"1375","AT5G59450"
"1376","AT5G59690"
"1377","AT5G59960"
"1378","AT5G60160"
"1379","AT5G60450"
"1380","AT5G60550"
"1381","AT5G60580"
"1382","AT5G60670"
"1383","AT5G60960"
"1384","AT5G61140"
"1385","AT5G61230"
"1386","AT5G61240"
"1387","AT5G61970"
"1388","AT5G62020"
"1389","AT5G62050"
"1390","AT5G62670"
"1391","AT5G62710"
"1392","AT5G62740"
"1393","AT5G63160"
"1394","AT5G63195"
"1395","AT5G63570"
"1396","AT5G63680"
"1397","AT5G63810"
"1398","AT5G63850"
"1399","AT5G63860"
"1400","AT5G63890"
"1401","AT5G63980"
"1402","AT5G64200"
"1403","AT5G64250"
"1404","AT5G64290"
"1405","AT5G64330"
"1406","AT5G64430"
"1407","AT5G64670"
"1408","AT5G64813"
"1409","AT5G64940"
"1410","AT5G64960"
"1411","AT5G65010"
"1412","AT5G65360"
"1413","AT5G65440"
"1414","AT5G65640"
"1415","AT5G65650"
"1416","AT5G65683"
"1417","AT5G65750"
"1418","AT5G65760"
"1419","AT5G65770"
"1420","AT5G65780"
"1421","AT5G65810"
"1422","AT5G65930"
"1423","AT5G66170"
"1424","AT5G66210"
"1425","AT5G66280"
"1426","AT5G66570"
"1427","AT5G66860"
"1428","AT5G67240"
"1429","AT5G67250"
"1430","AT5G67320"
"1431","AT5G67400"
"1432","AT5G67510"
