"","X","WS_c1.which.mclass....3...1."
"2894",2894,"AT4G29540"
"2676",2676,"AT4G16710"
"67",67,"AT1G04778"
"3906",3906,"AT5G63135"
"3079",3079,"AT5G01670"
"2400",2400,"AT3G60040"
"2455",2455,"AT4G00070"
"2913",2913,"AT4G30700"
"2478",2478,"AT4G01600"
"19",19,"AT1G02020"
"1136",1136,"AT2G05760"
"2733",2733,"AT4G20010"
"2175",2175,"AT3G45420"
"492",492,"AT1G31940"
"3283",3283,"AT5G12920"
"2856",2856,"AT4G27390"
"1916",1916,"AT3G14330"
"3390",3390,"AT5G19855"
"448",448,"AT1G29060"
"1168",1168,"AT2G14850"
"135",135,"AT1G08000"
"400",400,"AT1G24030"
"410",410,"AT1G25290"
"3373",3373,"AT5G19025"
"2764",2764,"AT4G21903"
"1011",1011,"AT1G77290"
"274",274,"AT1G15510"
"629",629,"AT1G53530"
"1217",1217,"AT2G18735"
"2528",2528,"AT4G04925"
"3485",3485,"AT5G27100"
"3599",3599,"AT5G42780"
"2848",2848,"AT4G26770"
"2219",2219,"AT3G48185"
"3477",3477,"AT5G26040"
"1158",1158,"AT2G13690"
"1384",1384,"AT2G30170"
"652",652,"AT1G54960"
"2612",2612,"AT4G13670"
"2863",2863,"AT4G27700"
"1475",1475,"AT2G35760"
"3542",3542,"AT5G39250"
"2403",2403,"AT3G60310"
"1341",1341,"AT2G27340"
"3038",3038,"AT4G39040"
"506",506,"AT1G33540"
"1327",1327,"AT2G26410"
"608",608,"AT1G52330"
"3325",3325,"AT5G16310"
"3717",3717,"AT5G50530"
"872",872,"AT1G69080"
"903",903,"AT1G70790"
"1544",1544,"AT2G39530"
"860",860,"AT1G68230"
"1838",1838,"AT3G09240"
"3522",3522,"AT5G37360"
"1110",1110,"AT2G03260"
"165",165,"AT1G09863"
"3332",3332,"AT5G16870"
"647",647,"AT1G54780"
"1632",1632,"AT2G45210"
"2414",2414,"AT3G61100"
"1066",1066,"AT1G80610"
"98",98,"AT1G06050"
"1227",1227,"AT2G19660"
"3190",3190,"AT5G06810"
"3708",3708,"AT5G50160"
"556",556,"AT1G48140"
"646",646,"AT1G54650"
"347",347,"AT1G20020"
"59",59,"AT1G04580"
"1258",1258,"AT2G21550"
"593",593,"AT1G51310"
"808",808,"AT1G64970"
"2531",2531,"AT4G05120"
"3345",3345,"AT5G17570"
"112",112,"AT1G06460"
"2078",2078,"AT3G24820"
"3596",3596,"AT5G42630"
"1568",1568,"AT2G41170"
"2879",2879,"AT4G28640"
"2597",2597,"AT4G12760"
"3490",3490,"AT5G27390"
"3478",3478,"AT5G26160"
"2739",2739,"AT4G20480"
"1344",1344,"AT2G27430"
"2332",2332,"AT3G55800"
"3273",3273,"AT5G11690"
"3660",3660,"AT5G46870"
"1777",1777,"AT3G05980"
"261",261,"AT1G14580"
"452",452,"AT1G29355"
"1883",1883,"AT3G12540"
"2204",2204,"AT3G47400"
"3931",3931,"AT5G65060"
"2294",2294,"AT3G52630"
"1271",1271,"AT2G22630"
"1636",1636,"AT2G45320"
"1782",1782,"AT3G06180"
"2522",2522,"AT4G04370"
"115",115,"AT1G06510"
"3250",3250,"AT5G10600"
"811",811,"AT1G65120"
"1478",1478,"AT2G35960"
"1378",1378,"AT2G30000"
"3923",3923,"AT5G64690"
"424",424,"AT1G26970"
"3323",3323,"AT5G16235"
"144",144,"AT1G08710"
"731",731,"AT1G61215"
"3161",3161,"AT5G05740"
"3006",3006,"AT4G36840"
"2",2,"AT1G01170"
"670",670,"AT1G55673"
"870",870,"AT1G68795"
"2778",2778,"AT4G22710"
"1263",1263,"AT2G21880"
"2189",2189,"AT3G46580"
"3413",3413,"AT5G22290"
"2861",2861,"AT4G27480"
"2792",2792,"AT4G23515"
"2462",2462,"AT4G00770"
"2088",2088,"AT3G25580"
"908",908,"AT1G70895"
"2977",2977,"AT4G34412"
"2961",2961,"AT4G33690"
"1132",1132,"AT2G05180"
"3245",3245,"AT5G10278"
"2450",2450,"AT3G63480"
"124",124,"AT1G07150"
"2971",2971,"AT4G34190"
"3814",3814,"AT5G56620"
"313",313,"AT1G17840"
"1043",1043,"AT1G79080"
"1607",1607,"AT2G43570"
"1390",1390,"AT2G30480"
"1474",1474,"AT2G35750"
"466",466,"AT1G30290"
"2594",2594,"AT4G12680"
"3513",3513,"AT5G35960"
"789",789,"AT1G64110"
"3173",3173,"AT5G06270"
"265",265,"AT1G14770"
"2549",2549,"AT4G09225"
"523",523,"AT1G35420"
"2398",2398,"AT3G59900"
"3253",3253,"AT5G10625"
"222",222,"AT1G12340"
"1904",1904,"AT3G13682"
"47",47,"AT1G03760"
"3329",3329,"AT5G16570"
"1694",1694,"AT3G01900"
"3916",3916,"AT5G64120"
"2108",2108,"AT3G26740"
"2348",2348,"AT3G57140"
"3174",3174,"AT5G06280"
"1301",1301,"AT2G24040"
"2581",2581,"AT4G11440"
"1285",1285,"AT2G23093"
"2059",2059,"AT3G23605"
"1282",1282,"AT2G22990"
"2740",2740,"AT4G20740"
"1922",1922,"AT3G14530"
"3774",3774,"AT5G54090"
"3205",3205,"AT5G07660"
"2563",2563,"AT4G10170"
"3647",3647,"AT5G45660"
"1246",1246,"AT2G20770"
"1719",1719,"AT3G02990"
"2060",2060,"AT3G23610"
"696",696,"AT1G58210"
"3804",3804,"AT5G55840"
"3084",3084,"AT5G01895"
"3795",3795,"AT5G55590"
"950",950,"AT1G73410"
"690",690,"AT1G56720"
"2677",2677,"AT4G16765"
"769",769,"AT1G62914"
"897",897,"AT1G70420"
"736",736,"AT1G61420"
"1076",1076,"AT2G01275"
"1586",1586,"AT2G42290"
"3099",3099,"AT5G02370"
"1149",1149,"AT2G08650"
"2254",2254,"AT3G50130"
"861",861,"AT1G68260"
"1447",1447,"AT2G34200"
"1275",1275,"AT2G22760"
"2543",2543,"AT4G08570"
"3352",3352,"AT5G17840"
"3172",3172,"AT5G06240"
"943",943,"AT1G73210"
"1666",1666,"AT2G47485"
"2910",2910,"AT4G30510"
"2585",2585,"AT4G11980"
"1527",1527,"AT2G38500"
"1045",1045,"AT1G79160"
"709",709,"AT1G59860"
"397",397,"AT1G23880"
"915",915,"AT1G71430"
"977",977,"AT1G74590"
"2703",2703,"AT4G18372"
"1321",1321,"AT2G25920"
"1908",1908,"AT3G13880"
"3310",3310,"AT5G15390"
"3344",3344,"AT5G17490"
"1669",1669,"AT2G47560"
"167",167,"AT1G09900"
"3377",3377,"AT5G19160"
"99",99,"AT1G06080"
"1494",1494,"AT2G37290"
"3179",3179,"AT5G06570"
"3892",3892,"AT5G61930"
"3401",3401,"AT5G20850"
"1484",1484,"AT2G36730"
"3455",3455,"AT5G24680"
"1643",1643,"AT2G45740"
"396",396,"AT1G23790"
"31",31,"AT1G02750"
"795",795,"AT1G64405"
"3613",3613,"AT5G43540"
"1975",1975,"AT3G17950"
"1995",1995,"AT3G19020"
"1228",1228,"AT2G19690"
"2179",2179,"AT3G45750"
"2862",2862,"AT4G27620"
"1932",1932,"AT3G15130"
"3443",3443,"AT5G24000"
"604",604,"AT1G51965"
"5",5,"AT1G01370"
"3642",3642,"AT5G45440"
"3840",3840,"AT5G58690"
"3580",3580,"AT5G41612"
"2729",2729,"AT4G19890"
"3015",3015,"AT4G37670"
"1148",1148,"AT2G08635"
"3956",3956,"AT5G66360"
"3894",3894,"AT5G61950"
"668",668,"AT1G55510"
"2968",2968,"AT4G33990"
"1433",1433,"AT2G33510"
"243",243,"AT1G13635"
"2475",2475,"AT4G01510"
"1720",1720,"AT3G03000"
"1652",1652,"AT2G46570"
"3618",3618,"AT5G43870"
"1072",1072,"AT1G80880"
"1279",1279,"AT2G22850"
"472",472,"AT1G30545"
"2704",2704,"AT4G18375"
"2404",2404,"AT3G60370"
"1506",1506,"AT2G37580"
"1067",1067,"AT1G80630"
"62",62,"AT1G04635"
"2949",2949,"AT4G32970"
"2787",2787,"AT4G23000"
"2239",2239,"AT3G49400"
"2708",2708,"AT4G18520"
"2593",2593,"AT4G12670"
"3758",3758,"AT5G52960"
"2098",2098,"AT3G26040"
"896",896,"AT1G70360"
"3063",3063,"AT5G01050"
"251",251,"AT1G13990"
"1791",1791,"AT3G06740"
"1710",1710,"AT3G02400"
"996",996,"AT1G76250"
"352",352,"AT1G20550"
"3947",3947,"AT5G65830"
"988",988,"AT1G75590"
"1896",1896,"AT3G13277"
"775",775,"AT1G63240"
"310",310,"AT1G17665"
"494",494,"AT1G32310"
"883",883,"AT1G69526"
"3339",3339,"AT5G17280"
"3767",3767,"AT5G53580"
"3705",3705,"AT5G49780"
"1162",1162,"AT2G14210"
"156",156,"AT1G09540"
"1596",1596,"AT2G43190"
"3145",3145,"AT5G04820"
"1501",1501,"AT2G37450"
"2257",2257,"AT3G50230"
"1928",1928,"AT3G14780"
"395",395,"AT1G23740"
"1563",1563,"AT2G40810"
"2535",2535,"AT4G06534"
"2296",2296,"AT3G52820"
"2283",2283,"AT3G52072"
"3842",3842,"AT5G58784"
"970",970,"AT1G74370"
"3699",3699,"AT5G49320"
"3115",3115,"AT5G03030"
"93",93,"AT1G05785"
"3725",3725,"AT5G50970"
"1681",1681,"AT3G01210"
"590",590,"AT1G51130"
"2932",2932,"AT4G31870"
"2123",2123,"AT3G27520"
"3571",3571,"AT5G41170"
"3257",3257,"AT5G10970"
"140",140,"AT1G08530"
"2815",2815,"AT4G24890"
"619",619,"AT1G52870"
"535",535,"AT1G44050"
"3508",3508,"AT5G35520"
"628",628,"AT1G53520"
"947",947,"AT1G73350"
"288",288,"AT1G16500"
"372",372,"AT1G22150"
"692",692,"AT1G57790"
"2286",2286,"AT3G52180"
"3501",3501,"AT5G28520"
"3139",3139,"AT5G04250"
"1746",1746,"AT3G04380"
"3500",3500,"AT5G28510"
"1987",1987,"AT3G18750"
"2791",2791,"AT4G23493"
"291",291,"AT1G16790"
"1017",1017,"AT1G77855"
"3818",3818,"AT5G57000"
"1603",1603,"AT2G43480"
"3388",3388,"AT5G19840"
"1737",1737,"AT3G03880"
"480",480,"AT1G31190"
"3076",3076,"AT5G01610"
"571",571,"AT1G49170"
"1892",1892,"AT3G13000"
"200",200,"AT1G11270"
"241",241,"AT1G13620"
"322",322,"AT1G18180"
"3567",3567,"AT5G40700"
"1755",1755,"AT3G04860"
"2580",2580,"AT4G11310"
"2069",2069,"AT3G24420"
"2293",2293,"AT3G52605"
"2872",2872,"AT4G28070"
"1062",1062,"AT1G80290"
"2711",2711,"AT4G18593"
"1448",1448,"AT2G34350"
"1107",1107,"AT2G02950"
"3932",3932,"AT5G65120"
"22",22,"AT1G02300"
"2772",2772,"AT4G22250"
"625",625,"AT1G53170"
"534",534,"AT1G43605"
"2048",2048,"AT3G22690"
"2477",2477,"AT4G01590"
"2826",2826,"AT4G25400"
"3260",3260,"AT5G11100"
"1380",1380,"AT2G30080"
"2231",2231,"AT3G48810"
"3854",3854,"AT5G59490"
"2752",2752,"AT4G21340"
"3220",3220,"AT5G08360"
"1813",1813,"AT3G07580"
"404",404,"AT1G24140"
"2679",2679,"AT4G16860"
"3404",3404,"AT5G21080"
"3267",3267,"AT5G11460"
"349",349,"AT1G20060"
"1757",1757,"AT3G04950"
"3235",3235,"AT5G09540"
"952",952,"AT1G73470"
"1138",1138,"AT2G06005"
"748",748,"AT1G61950"
"2668",2668,"AT4G16470"
"2411",2411,"AT3G60720"
"285",285,"AT1G16430"
"3184",3184,"AT5G06670"
"362",362,"AT1G21350"
"121",121,"AT1G06910"
"3000",3000,"AT4G36550"
"1589",1589,"AT2G42640"
"1863",1863,"AT3G10880"
"254",254,"AT1G14180"
"102",102,"AT1G06160"
"2652",2652,"AT4G15563"
"3614",3614,"AT5G43680"
"342",342,"AT1G19740"
"965",965,"AT1G74170"
"2929",2929,"AT4G31560"
"137",137,"AT1G08230"
"3600",3600,"AT5G42785"
"1",1,"AT1G01140"
"118",118,"AT1G06690"
"134",134,"AT1G07880"
"1221",1221,"AT2G19240"
"3304",3304,"AT5G14710"
"2732",2732,"AT4G19985"
"3937",3937,"AT5G65230"
"1820",1820,"AT3G08505"
"77",77,"AT1G05220"
"2351",2351,"AT3G57200"
"1208",1208,"AT2G18050"
"1616",1616,"AT2G44360"
"1521",1521,"AT2G38320"
"3561",3561,"AT5G40470"
"2138",2138,"AT3G28580"
"3663",3663,"AT5G47455"
"3301",3301,"AT5G14600"
"2350",2350,"AT3G57190"
"78",78,"AT1G05280"
"783",783,"AT1G63730"
"1291",1291,"AT2G23470"
"1830",1830,"AT3G09032"
"1284",1284,"AT2G23040"
"249",249,"AT1G13830"
"1977",1977,"AT3G18050"
"214",214,"AT1G12060"
"768",768,"AT1G62850"
"2256",2256,"AT3G50220"
"2685",2685,"AT4G17540"
"3598",3598,"AT5G42770"
"3550",3550,"AT5G39980"
"3041",3041,"AT4G39320"
"984",984,"AT1G75030"
"1082",1082,"AT2G01510"
"3841",3841,"AT5G58780"
"3887",3887,"AT5G61650"
"2659",2659,"AT4G15955"
"3921",3921,"AT5G64620"
"2771",2771,"AT4G22235"
"3753",3753,"AT5G52830"
"755",755,"AT1G62110"
"3543",3543,"AT5G39350"
"525",525,"AT1G35530"
"1946",1946,"AT3G16010"
"2305",2305,"AT3G53700"
"644",644,"AT1G54500"
"3632",3632,"AT5G44650"
"1804",1804,"AT3G07215"
"2933",2933,"AT4G31875"
"94",94,"AT1G05820"
"1060",1060,"AT1G80190"
"907",907,"AT1G70880"
"1953",1953,"AT3G16490"
"3009",3009,"AT4G36910"
"3648",3648,"AT5G45730"
"258",258,"AT1G14270"
"2418",2418,"AT3G61350"
"3117",3117,"AT5G03100"
"422",422,"AT1G26840"
"2378",2378,"AT3G59150"
"1372",1372,"AT2G29650"
"2516",2516,"AT4G03935"
"2770",2770,"AT4G22233"
"2314",2314,"AT3G54450"
"1487",1487,"AT2G36895"
"1015",1015,"AT1G77540"
"1289",1289,"AT2G23200"
"2153",2153,"AT3G29680"
"336",336,"AT1G19340"
"2857",2857,"AT4G27400"
"171",171,"AT1G10040"
"3572",3572,"AT5G41270"
"2442",2442,"AT3G63090"
"3048",3048,"AT4G39630"
"2379",2379,"AT3G59200"
"1089",1089,"AT2G01913"
"807",807,"AT1G64930"
"2343",2343,"AT3G56730"
"3579",3579,"AT5G41590"
"859",859,"AT1G68185"
"315",315,"AT1G17920"
"1259",1259,"AT2G21590"
"3050",3050,"AT4G39740"
"3073",3073,"AT5G01510"
"1085",1085,"AT2G01740"
"2843",2843,"AT4G26490"
"3639",3639,"AT5G45030"
"2249",2249,"AT3G49840"
"1366",1366,"AT2G29480"
"3493",3493,"AT5G27610"
"3374",3374,"AT5G19030"
"1619",1619,"AT2G44578"
"380",380,"AT1G22830"
"2987",2987,"AT4G35440"
"72",72,"AT1G05087"
"2503",2503,"AT4G03010"
"2200",2200,"AT3G47110"
"1862",1862,"AT3G10820"
"3222",3222,"AT5G08400"
"850",850,"AT1G67810"
"2583",2583,"AT4G11920"
"3928",3928,"AT5G64950"
"1780",1780,"AT3G06110"
"2184",2184,"AT3G46200"
"911",911,"AT1G71130"
"3637",3637,"AT5G44870"
"739",739,"AT1G61500"
"2112",2112,"AT3G27050"
"2012",2012,"AT3G20200"
"2916",2916,"AT4G30940"
"3886",3886,"AT5G61590"
"3428",3428,"AT5G23330"
"2158",2158,"AT3G42150"
"3883",3883,"AT5G61540"
"3020",3020,"AT4G38160"
"1988",1988,"AT3G18770"
"2331",2331,"AT3G55720"
"1660",1660,"AT2G47200"
"467",467,"AT1G30475"
"1872",1872,"AT3G11440"
"3696",3696,"AT5G49010"
"2541",2541,"AT4G08230"
"1949",1949,"AT3G16280"
"1278",1278,"AT2G22830"
"3524",3524,"AT5G37890"
"3059",3059,"AT4G40045"
"2885",2885,"AT4G28840"
"1358",1358,"AT2G28830"
"1276",1276,"AT2G22790"
"1502",1502,"AT2G37510"
"297",297,"AT1G17232"
"3464",3464,"AT5G25010"
"1577",1577,"AT2G41950"
"2599",2599,"AT4G13030"
"2514",2514,"AT4G03540"
"3248",3248,"AT5G10400"
"194",194,"AT1G11120"
"2015",2015,"AT3G20270"
"3158",3158,"AT5G05580"
"3569",3569,"AT5G40860"
"3279",3279,"AT5G12300"
"3003",3003,"AT4G36670"
"951",951,"AT1G73440"
"2912",2912,"AT4G30640"
"1339",1339,"AT2G27140"
"343",343,"AT1G19840"
"1504",1504,"AT2G37540"
"1367",1367,"AT2G29500"
"1745",1745,"AT3G04370"
"2162",2162,"AT3G43920"
"1646",1646,"AT2G46210"
"3359",3359,"AT5G18250"
"2355",2355,"AT3G57430"
"2761",2761,"AT4G21750"
"1784",1784,"AT3G06355"
"1095",1095,"AT2G02148"
"60",60,"AT1G04610"
"1146",1146,"AT2G07850"
"779",779,"AT1G63330"
"2509",2509,"AT4G03410"
"699",699,"AT1G58420"
"3523",3523,"AT5G37680"
"3297",3297,"AT5G14285"
"3845",3845,"AT5G58990"
"3806",3806,"AT5G56020"
"3350",3350,"AT5G17680"
"1269",1269,"AT2G22370"
"3296",3296,"AT5G14140"
"1287",1287,"AT2G23130"
"726",726,"AT1G60989"
"238",238,"AT1G13520"
"3838",3838,"AT5G58600"
"3915",3915,"AT5G64010"
"1074",1074,"AT1G80940"
"3211",3211,"AT5G07800"
"159",159,"AT1G09627"
"429",429,"AT1G27420"
"3486",3486,"AT5G27110"
"653",653,"AT1G55080"
"980",980,"AT1G74730"
"3261",3261,"AT5G11160"
"2614",2614,"AT4G13870"
"3646",3646,"AT5G45650"
"1055",1055,"AT1G79890"
"2936",2936,"AT4G32175"
"2666",2666,"AT4G16444"
"3967",3967,"AT5G66790"
"1938",1938,"AT3G15390"
"378",378,"AT1G22740"
"949",949,"AT1G73400"
"3294",3294,"AT5G13910"
"1885",1885,"AT3G12690"
"320",320,"AT1G18030"
"1718",1718,"AT3G02980"
"2806",2806,"AT4G24310"
"3504",3504,"AT5G28750"
"3255",3255,"AT5G10800"
"1509",1509,"AT2G37700"
"905",905,"AT1G70810"
"488",488,"AT1G31814"
"3815",3815,"AT5G56780"
"197",197,"AT1G11175"
"1115",1115,"AT2G03720"
"2991",2991,"AT4G35900"
"3447",3447,"AT5G24160"
"3624",3624,"AT5G44150"
"1927",1927,"AT3G14750"
"3592",3592,"AT5G42370"
"1676",1676,"AT2G48090"
"921",921,"AT1G71865"
"1503",1503,"AT2G37530"
"1576",1576,"AT2G41880"
"1231",1231,"AT2G19900"
"1286",1286,"AT2G23100"
"2493",2493,"AT4G02405"
"1773",1773,"AT3G05800"
"973",973,"AT1G74440"
"3970",3970,"AT5G66960"
"1794",1794,"AT3G06890"
"3553",3553,"AT5G40090"
"3212",3212,"AT5G07900"
"1620",1620,"AT2G44580"
"2441",2441,"AT3G62910"
"592",592,"AT1G51260"
"3215",3215,"AT5G08270"
"2137",2137,"AT3G28540"
"2205",2205,"AT3G47450"
"3072",3072,"AT5G01490"
"1778",1778,"AT3G06020"
"3002",3002,"AT4G36650"
"3238",3238,"AT5G09790"
"1075",1075,"AT2G01090"
"2132",2132,"AT3G28360"
"3093",3093,"AT5G02140"
"185",185,"AT1G10530"
"205",205,"AT1G11460"
"2295",2295,"AT3G52790"
"2193",2193,"AT3G46780"
"1273",1273,"AT2G22650"
"1965",1965,"AT3G17611"
"246",246,"AT1G13780"
"2109",2109,"AT3G26830"
"2850",2850,"AT4G26810"
"1580",1580,"AT2G42110"
"3990",3990,"ATMG01360"
"3135",3135,"AT5G04000"
"852",852,"AT1G67850"
"1840",1840,"AT3G09275"
"1241",1241,"AT2G20495"
"1697",1697,"AT3G01990"
"2736",2736,"AT4G20090"
"2218",2218,"AT3G48160"
"2428",2428,"AT3G62020"
"1184",1184,"AT2G16586"
"1684",1684,"AT3G01430"
"2444",2444,"AT3G63290"
"353",353,"AT1G20630"
"857",857,"AT1G68130"
"1023",1023,"AT1G78210"
"1311",1311,"AT2G24860"
"1355",1355,"AT2G28460"
"2678",2678,"AT4G16800"
"2422",2422,"AT3G61410"
"1472",1472,"AT2G35710"
"1552",1552,"AT2G40205"
"3969",3969,"AT5G66900"
"500",500,"AT1G32940"
"4",4,"AT1G01225"
"3772",3772,"AT5G53940"
"304",304,"AT1G17480"
"914",914,"AT1G71380"
"518",518,"AT1G34540"
"85",85,"AT1G05640"
"3694",3694,"AT5G48990"
"3275",3275,"AT5G11780"
"126",126,"AT1G07300"
"1252",1252,"AT2G21180"
"803",803,"AT1G64810"
"1254",1254,"AT2G21187"
"2576",2576,"AT4G10960"
"729",729,"AT1G61170"
"333",333,"AT1G19010"
"1920",1920,"AT3G14460"
"548",548,"AT1G47340"
"2712",2712,"AT4G18750"
"2767",2767,"AT4G22110"
"2618",2618,"AT4G14050"
"2207",2207,"AT3G47500"
"3394",3394,"AT5G20140"
"3289",3289,"AT5G13470"
"2590",2590,"AT4G12280"
"559",559,"AT1G48270"
"2338",2338,"AT3G56270"
"142",142,"AT1G08610"
"2075",2075,"AT3G24730"
"117",117,"AT1G06660"
"391",391,"AT1G23460"
"3539",3539,"AT5G38970"
"3444",3444,"AT5G24060"
"3129",3129,"AT5G03720"
"3185",3185,"AT5G06695"
"3853",3853,"AT5G59470"
"2383",2383,"AT3G59390"
"831",831,"AT1G66660"
"1309",1309,"AT2G24592"
"6",6,"AT1G01453"
"1080",1080,"AT2G01400"
"3789",3789,"AT5G55170"
"753",753,"AT1G62050"
"2238",2238,"AT3G49370"
"981",981,"AT1G74830"
"2646",2646,"AT4G15330"
"1818",1818,"AT3G07960"
"255",255,"AT1G14185"
"110",110,"AT1G06440"
"1345",1345,"AT2G27690"
"2506",2506,"AT4G03250"
"2959",2959,"AT4G33460"
"2009",2009,"AT3G20040"
"1661",1661,"AT2G47230"
"2010",2010,"AT3G20070"
"2457",2457,"AT4G00380"
"2480",2480,"AT4G01710"
"986",986,"AT1G75100"
"2670",2670,"AT4G16540"
"2819",2819,"AT4G25050"
"846",846,"AT1G67650"
"152",152,"AT1G09195"
"1688",1688,"AT3G01510"
"691",691,"AT1G57560"
"3089",3089,"AT5G02065"
"1528",1528,"AT2G38540"
"53",53,"AT1G04420"
"2437",2437,"AT3G62620"
"1952",1952,"AT3G16440"
"441",441,"AT1G28530"
"704",704,"AT1G58936"
"461",461,"AT1G29710"
"784",784,"AT1G63820"
"2964",2964,"AT4G33800"
"511",511,"AT1G33770"
"1077",1077,"AT2G01290"
"3945",3945,"AT5G65800"
"428",428,"AT1G27410"
"3751",3751,"AT5G52710"
"1250",1250,"AT2G21100"
"1736",1736,"AT3G03815"
"2064",2064,"AT3G23790"
"833",833,"AT1G66740"
"1299",1299,"AT2G23760"
"1628",1628,"AT2G45080"
"1445",1445,"AT2G34170"
"2131",2131,"AT3G28130"
"1091",1091,"AT2G01990"
"3796",3796,"AT5G55640"
"623",623,"AT1G53110"
"3418",3418,"AT5G22690"
"3107",3107,"AT5G02590"
"2650",2650,"AT4G15510"
"3470",3470,"AT5G25440"
"3114",3114,"AT5G02940"
"3536",3536,"AT5G38860"
"3761",3761,"AT5G53045"
"163",163,"AT1G09815"
"1689",1689,"AT3G01516"
"2263",2263,"AT3G50840"
"1016",1016,"AT1G77640"
"2000",2000,"AT3G19280"
"2111",2111,"AT3G27010"
"2854",2854,"AT4G27290"
"695",695,"AT1G58190"
"620",620,"AT1G52910"
"3351",3351,"AT5G17790"
"2507",2507,"AT4G03270"
"3797",3797,"AT5G55710"
"103",103,"AT1G06227"
"364",364,"AT1G21410"
"464",464,"AT1G29960"
"3925",3925,"AT5G64816"
"1799",1799,"AT3G07000"
"2947",2947,"AT4G32890"
"936",936,"AT1G72850"
"2698",2698,"AT4G18205"
"3384",3384,"AT5G19560"
"634",634,"AT1G53990"
"3548",3548,"AT5G39830"
"1200",1200,"AT2G17640"
"609",609,"AT1G52510"
"3859",3859,"AT5G59750"
"495",495,"AT1G32470"
"3855",3855,"AT5G59530"
"2045",2045,"AT3G22460"
"2427",2427,"AT3G62000"
"797",797,"AT1G64480"
"2202",2202,"AT3G47360"
"2745",2745,"AT4G21170"
"3314",3314,"AT5G15820"
"3109",3109,"AT5G02630"
"3436",3436,"AT5G23750"
"2584",2584,"AT4G11970"
"2928",2928,"AT4G31510"
"2483",2483,"AT4G01920"
"1347",1347,"AT2G27760"
"2306",2306,"AT3G53730"
"3067",3067,"AT5G01280"
"236",236,"AT1G13430"
"3452",3452,"AT5G24318"
"195",195,"AT1G11125"
"3659",3659,"AT5G46710"
"303",303,"AT1G17460"
"2195",2195,"AT3G46870"
"1012",1012,"AT1G77310"
"554",554,"AT1G47820"
"868",868,"AT1G68640"
"2880",2880,"AT4G28690"
"898",898,"AT1G70430"
"2533",2533,"AT4G05330"
"3001",3001,"AT4G36580"
"2043",2043,"AT3G22160"
"1943",1943,"AT3G15720"
"2492",2492,"AT4G02390"
"2151",2151,"AT3G29375"
"3748",3748,"AT5G52420"
"2237",2237,"AT3G49330"
"3961",3961,"AT5G66490"
"780",780,"AT1G63400"
"1464",1464,"AT2G35370"
"3680",3680,"AT5G48470"
"35",35,"AT1G03100"
"3386",3386,"AT5G19800"
"641",641,"AT1G54250"
"2624",2624,"AT4G14190"
"346",346,"AT1G19990"
"2172",2172,"AT3G45080"
"1950",1950,"AT3G16320"
"2419",2419,"AT3G61360"
"1734",1734,"AT3G03690"
"334",334,"AT1G19025"
"848",848,"AT1G67760"
"993",993,"AT1G76100"
"816",816,"AT1G65710"
"1053",1053,"AT1G79700"
"1131",1131,"AT2G05160"
"2023",2023,"AT3G20640"
"2150",2150,"AT3G29290"
"800",800,"AT1G64580"
"635",635,"AT1G54040"
"2423",2423,"AT3G61530"
"3949",3949,"AT5G65925"
"2440",2440,"AT3G62890"
"2631",2631,"AT4G14695"
"2645",2645,"AT4G15270"
"1042",1042,"AT1G79070"
"2165",2165,"AT3G44510"
"3920",3920,"AT5G64520"
"1685",1685,"AT3G01435"
"825",825,"AT1G66230"
"806",806,"AT1G64920"
"2415",2415,"AT3G61150"
"3429",3429,"AT5G23360"
"3193",3193,"AT5G07010"
"2748",2748,"AT4G21210"
"2734",2734,"AT4G20050"
"562",562,"AT1G48580"
"2008",2008,"AT3G19900"
"1471",1471,"AT2G35660"
"3430",3430,"AT5G23370"
"1049",1049,"AT1G79320"
"3664",3664,"AT5G47550"
"2267",2267,"AT3G51090"
"2072",2072,"AT3G24515"
"1324",1324,"AT2G26310"
"2161",2161,"AT3G43790"
"3111",3111,"AT5G02750"
"1891",1891,"AT3G12977"
"136",136,"AT1G08090"
"719",719,"AT1G60620"
"1600",1600,"AT2G43370"
"546",546,"AT1G46768"
"3816",3816,"AT5G56970"
"1893",1893,"AT3G13175"
"3974",3974,"AT5G67160"
"2783",2783,"AT4G22920"
"307",307,"AT1G17630"
"376",376,"AT1G22510"
"3014",3014,"AT4G37630"
"545",545,"AT1G46554"
"1104",1104,"AT2G02765"
"1947",1947,"AT3G16140"
"3249",3249,"AT5G10530"
"3944",3944,"AT5G65740"
"3142",3142,"AT5G04360"
"2309",2309,"AT3G53960"
"3012",3012,"AT4G37240"
"1789",1789,"AT3G06660"
"212",212,"AT1G11880"
"2800",2800,"AT4G24110"
"3919",3919,"AT5G64380"
"415",415,"AT1G26330"
"3265",3265,"AT5G11310"
"2871",2871,"AT4G28030"
"673",673,"AT1G55980"
"1496",1496,"AT2G37310"
"3431",3431,"AT5G23440"
"3510",3510,"AT5G35740"
"2542",2542,"AT4G08330"
"3605",3605,"AT5G43080"
"2939",2939,"AT4G32430"
"1098",1098,"AT2G02410"
"199",199,"AT1G11220"
"3318",3318,"AT5G15970"
"2268",2268,"AT3G51110"
"3101",3101,"AT5G02440"
"1543",1543,"AT2G39500"
"524",524,"AT1G35430"
"3389",3389,"AT5G19850"
"581",581,"AT1G49910"
"232",232,"AT1G13195"
"2401",2401,"AT3G60140"
"300",300,"AT1G17330"
"3521",3521,"AT5G37340"
"3885",3885,"AT5G61570"
"1338",1338,"AT2G27130"
"2937",2937,"AT4G32295"
"3531",3531,"AT5G38430"
"3593",3593,"AT5G42440"
"453",453,"AT1G29380"
"2147",2147,"AT3G29170"
"3868",3868,"AT5G60430"
"125",125,"AT1G07290"
"2407",2407,"AT3G60490"
"3506",3506,"AT5G35400"
"3237",3237,"AT5G09630"
"781",781,"AT1G63540"
"1313",1313,"AT2G25000"
"1776",1776,"AT3G05937"
"3780",3780,"AT5G54470"
"252",252,"AT1G14030"
"3305",3305,"AT5G14960"
"1875",1875,"AT3G12040"
"2171",2171,"AT3G44740"
"1764",1764,"AT3G05400"
"2782",2782,"AT4G22880"
"2881",2881,"AT4G28730"
"3027",3027,"AT4G38390"
"2824",2824,"AT4G25290"
"2869",2869,"AT4G28010"
"499",499,"AT1G32928"
"3954",3954,"AT5G66290"
"1029",1029,"AT1G78430"
"2354",2354,"AT3G57390"
"1342",1342,"AT2G27389"
"998",998,"AT1G76440"
"3221",3221,"AT5G08380"
"1233",1233,"AT2G19970"
"2408",2408,"AT3G60520"
"2665",2665,"AT4G16350"
"879",879,"AT1G69290"
"3326",3326,"AT5G16320"
"2681",2681,"AT4G16920"
"2953",2953,"AT4G33100"
"2036",2036,"AT3G21580"
"344",344,"AT1G19970"
"2121",2121,"AT3G27420"
"316",316,"AT1G17940"
"2342",2342,"AT3G56570"
"3884",3884,"AT5G61550"
"370",370,"AT1G22050"
"3335",3335,"AT5G16970"
"256",256,"AT1G14200"
"1554",1554,"AT2G40340"
"2016",2016,"AT3G20280"
"3264",3264,"AT5G11300"
"3590",3590,"AT5G42310"
"2375",2375,"AT3G58930"
"3645",3645,"AT5G45610"
"2649",2649,"AT4G15430"
"1126",1126,"AT2G04795"
"2030",2030,"AT3G21055"
"3292",3292,"AT5G13860"
"1631",1631,"AT2G45180"
"759",759,"AT1G62250"
"1090",1090,"AT2G01940"
"645",645,"AT1G54575"
"520",520,"AT1G34760"
"3415",3415,"AT5G22550"
"2004",2004,"AT3G19500"
"2275",2275,"AT3G51470"
"456",456,"AT1G29530"
"3057",3057,"AT4G39970"
"2684",2684,"AT4G17470"
"814",814,"AT1G65500"
"3803",3803,"AT5G55830"
"824",824,"AT1G66190"
"2505",2505,"AT4G03140"
"2809",2809,"AT4G24370"
"3636",3636,"AT5G44740"
"55",55,"AT1G04490"
"2080",2080,"AT3G25100"
"1788",1788,"AT3G06630"
"2888",2888,"AT4G29070"
"1041",1041,"AT1G79060"
"3869",3869,"AT5G60460"
"2259",2259,"AT3G50350"
"3030",3030,"AT4G38530"
"1930",1930,"AT3G15110"
"2209",2209,"AT3G47530"
"2024",2024,"AT3G20660"
"92",92,"AT1G05780"
"1726",1726,"AT3G03450"
"3035",3035,"AT4G38830"
"3433",3433,"AT5G23680"
"1532",1532,"AT2G38880"
"2076",2076,"AT3G24750"
"2629",2629,"AT4G14605"
"363",363,"AT1G21390"
"1866",1866,"AT3G11120"
"2228",2228,"AT3G48700"
"2067",2067,"AT3G24070"
"2727",2727,"AT4G19865"
"1036",1036,"AT1G78895"
"1370",1370,"AT2G29590"
"1900",1900,"AT3G13600"
"1424",1424,"AT2G32860"
"1941",1941,"AT3G15540"
"3403",3403,"AT5G20970"
"412",412,"AT1G26090"
"752",752,"AT1G62010"
"2972",2972,"AT4G34220"
"218",218,"AT1G12260"
"2393",2393,"AT3G59750"
"458",458,"AT1G29560"
"3882",3882,"AT5G61430"
"1009",1009,"AT1G77170"
"1637",1637,"AT2G45490"
"1418",1418,"AT2G32120"
"3201",3201,"AT5G07240"
"1422",1422,"AT2G32660"
"3322",3322,"AT5G16230"
"83",83,"AT1G05575"
"1517",1517,"AT2G38160"
"2797",2797,"AT4G23910"
"2695",2695,"AT4G17970"
"48",48,"AT1G03950"
"1308",1308,"AT2G24530"
"253",253,"AT1G14140"
"3182",3182,"AT5G06645"
"567",567,"AT1G48770"
"2952",2952,"AT4G33040"
"1330",1330,"AT2G26500"
"3530",3530,"AT5G38360"
"3487",3487,"AT5G27210"
"785",785,"AT1G63900"
"1266",1266,"AT2G22140"
"2396",2396,"AT3G59840"
"1749",1749,"AT3G04443"
"1707",1707,"AT3G02215"
"3987",3987,"ATCG00800"
"694",694,"AT1G58070"
"1457",1457,"AT2G34910"
"2525",2525,"AT4G04630"
"3363",3363,"AT5G18540"
"3666",3666,"AT5G47635"
"2499",2499,"AT4G02750"
"1654",1654,"AT2G46580"
"1317",1317,"AT2G25590"
"2527",2527,"AT4G04880"
"1926",1926,"AT3G14730"
"890",890,"AT1G69880"
"2018",2018,"AT3G20440"
"3177",3177,"AT5G06430"
"2975",2975,"AT4G34340"
"3203",3203,"AT5G07610"
"2601",2601,"AT4G13070"
"3096",3096,"AT5G02180"
"1013",1013,"AT1G77410"
"3909",3909,"AT5G63480"
"440",440,"AT1G28470"
"3716",3716,"AT5G50520"
"2566",2566,"AT4G10330"
"1238",1238,"AT2G20240"
"3729",3729,"AT5G51110"
"390",390,"AT1G23380"
"3820",3820,"AT5G57030"
"2582",2582,"AT4G11780"
"3061",3061,"AT4G40070"
"3458",3458,"AT5G24840"
"271",271,"AT1G15220"
"1629",1629,"AT2G45100"
"1649",1649,"AT2G46320"
"3619",3619,"AT5G43950"
"2804",2804,"AT4G24265"
"3672",3672,"AT5G48040"
"1805",1805,"AT3G07290"
"1027",1027,"AT1G78320"
"1829",1829,"AT3G09020"
"2960",2960,"AT4G33550"
"2038",2038,"AT3G21750"
"368",368,"AT1G21840"
"3498",3498,"AT5G28400"
"2891",2891,"AT4G29240"
"948",948,"AT1G73370"
"2621",2621,"AT4G14103"
"3914",3914,"AT5G63905"
"1454",1454,"AT2G34810"
"702",702,"AT1G58643"
"2979",2979,"AT4G34800"
"1691",1691,"AT3G01750"
"1084",1084,"AT2G01640"
"3669",3669,"AT5G47810"
"1059",1059,"AT1G80150"
"1030",1030,"AT1G78440"
"1099",1099,"AT2G02590"
"2828",2828,"AT4G25515"
"2742",2742,"AT4G20930"
"3654",3654,"AT5G46080"
"150",150,"AT1G09170"
"2206",2206,"AT3G47490"
"2877",2877,"AT4G28500"
"3706",3706,"AT5G50090"
"2976",2976,"AT4G34360"
"2049",2049,"AT3G22760"
"89",89,"AT1G05700"
"3658",3658,"AT5G46460"
"1912",1912,"AT3G14070"
"737",737,"AT1G61440"
"1167",1167,"AT2G14520"
"750",750,"AT1G61970"
"1190",1190,"AT2G17060"
"2212",2212,"AT3G47650"
"3461",3461,"AT5G24930"
"976",976,"AT1G74580"
"650",650,"AT1G54890"
"1819",1819,"AT3G08010"
"2330",2330,"AT3G55700"
"1747",1747,"AT3G04420"
"1434",1434,"AT2G33585"
"1154",1154,"AT2G12550"
"1839",1839,"AT3G09250"
"3777",3777,"AT5G54250"
"2017",2017,"AT3G20430"
"2914",2914,"AT4G30820"
"994",994,"AT1G76130"
"46",46,"AT1G03700"
"3122",3122,"AT5G03345"
"3833",3833,"AT5G57980"
"202",202,"AT1G11290"
"1572",1572,"AT2G41670"
"2790",2790,"AT4G23450"
"2320",2320,"AT3G54970"
"2842",2842,"AT4G26488"
"1054",1054,"AT1G79790"
"1766",1766,"AT3G05430"
"3677",3677,"AT5G48290"
"417",417,"AT1G26520"
"3793",3793,"AT5G55560"
"1411",1411,"AT2G31840"
"3880",3880,"AT5G61370"
"1758",1758,"AT3G04980"
"3726",3726,"AT5G51010"
"1606",1606,"AT2G43560"
"133",133,"AT1G07745"
"975",975,"AT1G74530"
"3043",3043,"AT4G39470"
"684",684,"AT1G56500"
"2609",2609,"AT4G13345"
"1902",1902,"AT3G13674"
"3331",3331,"AT5G16860"
"3875",3875,"AT5G61040"
"219",219,"AT1G12280"
"1040",1040,"AT1G78970"
"3643",3643,"AT5G45460"
"3798",3798,"AT5G55740"
"3349",3349,"AT5G17670"
"2313",2313,"AT3G54270"
"999",999,"AT1G76450"
"2159",2159,"AT3G42180"
"1234",1234,"AT2G20100"
"2654",2654,"AT4G15740"
"2255",2255,"AT3G50190"
"1978",1978,"AT3G18260"
"2183",2183,"AT3G46080"
"2431",2431,"AT3G62210"
"3570",3570,"AT5G41070"
"2386",2386,"AT3G59490"
"1395",1395,"AT2G31070"
"3533",3533,"AT5G38610"
"3271",3271,"AT5G11600"
"1025",1025,"AT1G78290"
"325",325,"AT1G18440"
"420",420,"AT1G26660"
"237",237,"AT1G13510"
"732",732,"AT1G61260"
"1759",1759,"AT3G05155"
"1906",1906,"AT3G13780"
"1655",1655,"AT2G46760"
"2817",2817,"AT4G24970"
"827",827,"AT1G66450"
"3801",3801,"AT5G55790"
"584",584,"AT1G50450"
"131",131,"AT1G07720"
"1520",1520,"AT2G38300"
"925",925,"AT1G72190"
"2142",2142,"AT3G28850"
"3830",3830,"AT5G57860"
"2468",2468,"AT4G01026"
"1195",1195,"AT2G17350"
"607",607,"AT1G52260"
"3226",3226,"AT5G08770"
"2465",2465,"AT4G00955"
"1204",1204,"AT2G17787"
"1103",1103,"AT2G02740"
"847",847,"AT1G67660"
"1741",1741,"AT3G04130"
"2702",2702,"AT4G18370"
"3342",3342,"AT5G17430"
"1598",1598,"AT2G43250"
"503",503,"AT1G33330"
"1034",1034,"AT1G78690"
"2753",2753,"AT4G21350"
"3608",3608,"AT5G43230"
"1979",1979,"AT3G18295"
"2884",2884,"AT4G28820"
"2747",2747,"AT4G21192"
"2651",2651,"AT4G15530"
"2602",2602,"AT4G13100"
"2222",2222,"AT3G48390"
"1640",1640,"AT2G45560"
"2559",2559,"AT4G09890"
"2122",2122,"AT3G27500"
"2458",2458,"AT4G00460"
"2410",2410,"AT3G60660"
"9",9,"AT1G01570"
"1443",1443,"AT2G34060"
"2156",2156,"AT3G30260"
"1556",1556,"AT2G40475"
"992",992,"AT1G76060"
"3320",3320,"AT5G16170"
"561",561,"AT1G48560"
"683",683,"AT1G56430"
"1841",1841,"AT3G09455"
"52",52,"AT1G04350"
"1142",1142,"AT2G07325"
"3492",3492,"AT5G27560"
"756",756,"AT1G62120"
"2397",2397,"AT3G59870"
"1774",1774,"AT3G05830"
"3437",3437,"AT5G23810"
"2981",2981,"AT4G34950"
"3053",3053,"AT4G39795"
"1933",1933,"AT3G15140"
"916",916,"AT1G71460"
"1541",1541,"AT2G39435"
"2321",2321,"AT3G55040"
"3435",3435,"AT5G23710"
"314",314,"AT1G17850"
"385",385,"AT1G23060"
"2186",2186,"AT3G46330"
"974",974,"AT1G74490"
"3872",3872,"AT5G60800"
"3252",3252,"AT5G10610"
"2278",2278,"AT3G51642"
"3832",3832,"AT5G57960"
"1810",1810,"AT3G07530"
"273",273,"AT1G15460"
"515",515,"AT1G34200"
"3790",3790,"AT5G55210"
"298",298,"AT1G17250"
"445",445,"AT1G28660"
"3188",3188,"AT5G06730"
"70",70,"AT1G05030"
"2466",2466,"AT4G00980"
"3978",3978,"AT5G67370"
"1226",1226,"AT2G19582"
"2895",2895,"AT4G29660"
"3499",3499,"AT5G28490"
"3140",3140,"AT5G04270"
"493",493,"AT1G32160"
"605",605,"AT1G52190"
"3286",3286,"AT5G13330"
"81",81,"AT1G05440"
"2061",2061,"AT3G23630"
"3214",3214,"AT5G08250"
"1650",1650,"AT2G46380"
"542",542,"AT1G45231"
"3077",3077,"AT5G01640"
"2980",2980,"AT4G34930"
"294",294,"AT1G17090"
"3378",3378,"AT5G19190"
"257",257,"AT1G14260"
"1144",1144,"AT2G07515"
"189",189,"AT1G10810"
"3058",3058,"AT4G40042"
"2938",2938,"AT4G32320"
"1203",1203,"AT2G17730"
"1961",1961,"AT3G17185"
"3746",3746,"AT5G52010"
"2990",2990,"AT4G35840"
"1827",1827,"AT3G08980"
"2786",2786,"AT4G22980"
"3440",3440,"AT5G23930"
"1356",1356,"AT2G28590"
"2876",2876,"AT4G28430"
"660",660,"AT1G55280"
"3434",3434,"AT5G23700"
"2484",2484,"AT4G02005"
"425",425,"AT1G27060"
"3242",3242,"AT5G09980"
"961",961,"AT1G74000"
"3628",3628,"AT5G44260"
"1861",1861,"AT3G10525"
"2020",2020,"AT3G20470"
"630",630,"AT1G53560"
"122",122,"AT1G07010"
"2765",2765,"AT4G22070"
"876",876,"AT1G69240"
"1832",1832,"AT3G09060"
"3794",3794,"AT5G55580"
"3143",3143,"AT5G04520"
"1001",1001,"AT1G76590"
"1125",1125,"AT2G04560"
"2693",2693,"AT4G17905"
"855",855,"AT1G68040"
"1889",1889,"AT3G12915"
"1836",1836,"AT3G09190"
"1858",1858,"AT3G10440"
"143",143,"AT1G08670"
"2994",2994,"AT4G35980"
"2673",2673,"AT4G16670"
"3299",3299,"AT5G14370"
"1725",1725,"AT3G03210"
"577",577,"AT1G49510"
"2136",2136,"AT3G28510"
"589",589,"AT1G50950"
"579",579,"AT1G49630"
"1157",1157,"AT2G13600"
"1024",1024,"AT1G78230"
"151",151,"AT1G09190"
"1046",1046,"AT1G79180"
"1018",1018,"AT1G77890"
"3812",3812,"AT5G56520"
"3385",3385,"AT5G19730"
"2371",2371,"AT3G58590"
"538",538,"AT1G44350"
"2763",2763,"AT4G21890"
"216",216,"AT1G12220"
"1323",1323,"AT2G26000"
"1213",1213,"AT2G18380"
"2776",2776,"AT4G22410"
"2240",2240,"AT3G49410"
"1212",1212,"AT2G18290"
"3217",3217,"AT5G08320"
"248",248,"AT1G13820"
"3392",3392,"AT5G19950"
"2945",2945,"AT4G32810"
"3044",3044,"AT4G39530"
"1524",1524,"AT2G38430"
"576",576,"AT1G49490"
"734",734,"AT1G61380"
"2573",2573,"AT4G10800"
"2229",2229,"AT3G48770"
"1326",1326,"AT2G26380"
"1397",1397,"AT2G31130"
"3964",3964,"AT5G66580"
"101",101,"AT1G06143"
"3736",3736,"AT5G51380"
"2671",2671,"AT4G16566"
"1802",1802,"AT3G07195"
"2637",2637,"AT4G14910"
"778",778,"AT1G63295"
"2917",2917,"AT4G31020"
"1981",1981,"AT3G18310"
"371",371,"AT1G22140"
"1333",1333,"AT2G26790"
"3980",3980,"AT5G67430"
"2700",2700,"AT4G18260"
"11",11,"AT1G01660"
"3683",3683,"AT5G48545"
"1215",1215,"AT2G18520"
"2044",2044,"AT3G22410"
"2217",2217,"AT3G48120"
"3738",3738,"AT5G51460"
"2548",2548,"AT4G09060"
"3071",3071,"AT5G01370"
"2339",2339,"AT3G56400"
"707",707,"AT1G59640"
"3556",3556,"AT5G40230"
"555",555,"AT1G48040"
"3287",3287,"AT5G13340"
"1703",1703,"AT3G02120"
"1583",1583,"AT2G42200"
"3623",3623,"AT5G44130"
"2592",2592,"AT4G12543"
"262",262,"AT1G14640"
"798",798,"AT1G64490"
"1198",1198,"AT2G17540"
"3479",3479,"AT5G26300"
"1831",1831,"AT3G09040"
"1809",1809,"AT3G07525"
"2565",2565,"AT4G10300"
"563",563,"AT1G48605"
"3080",3080,"AT5G01700"
"2605",2605,"AT4G13200"
"266",266,"AT1G14820"
"2539",2539,"AT4G08040"
"3587",3587,"AT5G42210"
"2430",2430,"AT3G62160"
"1565",1565,"AT2G40935"
"2875",2875,"AT4G28320"
"955",955,"AT1G73580"
"1480",1480,"AT2G36000"
"1512",1512,"AT2G37890"
"532",532,"AT1G43245"
"2399",2399,"AT3G59940"
"2969",2969,"AT4G34090"
"3721",3721,"AT5G50650"
"2496",2496,"AT4G02485"
"2794",2794,"AT4G23840"
"1980",1980,"AT3G18300"
"3671",3671,"AT5G47940"
"1120",1120,"AT2G04270"
"1957",1957,"AT3G16730"
"1590",1590,"AT2G42660"
"3336",3336,"AT5G17040"
"2560",2560,"AT4G10000"
"3679",3679,"AT5G48410"
"2197",2197,"AT3G46980"
"2699",2699,"AT4G18230"
"957",957,"AT1G73655"
"764",764,"AT1G62620"
"1624",1624,"AT2G44740"
"572",572,"AT1G49245"
"1722",1722,"AT3G03090"
"3957",3957,"AT5G66380"
"2958",2958,"AT4G33220"
"878",878,"AT1G69280"
"2308",2308,"AT3G53850"
"962",962,"AT1G74010"
"1626",1626,"AT2G44850"
"1413",1413,"AT2G31902"
"1172",1172,"AT2G14960"
"2325",2325,"AT3G55390"
"1242",1242,"AT2G20550"
"2454",2454,"AT4G00030"
"2155",2155,"AT3G29810"
"774",774,"AT1G63180"
"207",207,"AT1G11630"
"3298",3298,"AT5G14340"
"1588",1588,"AT2G42380"
"3825",3825,"AT5G57340"
"3209",3209,"AT5G07730"
"24",24,"AT1G02390"
"735",735,"AT1G61400"
"991",991,"AT1G76050"
"2518",2518,"AT4G04180"
"648",648,"AT1G54790"
"2104",2104,"AT3G26500"
"1653",1653,"AT2G46572"
"596",596,"AT1G51370"
"435",435,"AT1G27920"
"2481",2481,"AT4G01840"
"2345",2345,"AT3G56830"
"2115",2115,"AT3G27120"
"3934",3934,"AT5G65170"
"802",802,"AT1G64690"
"2900",2900,"AT4G29990"
"728",728,"AT1G61080"
"703",703,"AT1G58807"
"1081",1081,"AT2G01430"
"3930",3930,"AT5G65040"
"1364",1364,"AT2G29340"
"1456",1456,"AT2G34860"
"882",882,"AT1G69520"
"2716",2716,"AT4G19010"
"1127",1127,"AT2G04845"
"227",227,"AT1G12710"
"3189",3189,"AT5G06770"
"2760",2760,"AT4G21720"
"275",275,"AT1G15640"
"2634",2634,"AT4G14820"
"3760",3760,"AT5G53020"
"3633",3633,"AT5G44660"
"1360",1360,"AT2G28870"
"30",30,"AT1G02740"
"3263",3263,"AT5G11270"
"566",566,"AT1G48740"
"1047",1047,"AT1G79200"
"3754",3754,"AT5G52850"
"2099",2099,"AT3G26050"
"3862",3862,"AT5G59930"
"2185",2185,"AT3G46320"
"1880",1880,"AT3G12240"
"2992",2992,"AT4G35905"
"2574",2574,"AT4G10890"
"3466",3466,"AT5G25120"
"332",332,"AT1G18940"
"3411",3411,"AT5G22130"
"2545",2545,"AT4G08790"
"2639",2639,"AT4G15070"
"407",407,"AT1G24290"
"1295",1295,"AT2G23670"
"3917",3917,"AT5G64150"
"450",450,"AT1G29200"
"1692",1692,"AT3G01830"
"3756",3756,"AT5G52880"
"2487",2487,"AT4G02180"
"3776",3776,"AT5G54230"
"3113",3113,"AT5G02910"
"386",386,"AT1G23100"
"2234",2234,"AT3G48980"
"3784",3784,"AT5G54850"
"1945",1945,"AT3G15890"
"3807",3807,"AT5G56050"
"1542",1542,"AT2G39445"
"1905",1905,"AT3G13740"
"835",835,"AT1G66830"
"323",323,"AT1G18335"
"1349",1349,"AT2G28050"
"3019",3019,"AT4G38150"
"2472",2472,"AT4G01270"
"2688",2688,"AT4G17695"
"1562",1562,"AT2G40780"
"2882",2882,"AT4G28740"
"1762",1762,"AT3G05250"
"3610",3610,"AT5G43380"
"1673",1673,"AT2G47935"
"2366",2366,"AT3G58010"
"113",113,"AT1G06475"
"3341",3341,"AT5G17370"
"1508",1508,"AT2G37670"
"873",873,"AT1G69200"
"1332",1332,"AT2G26710"
"2446",2446,"AT3G63390"
"2377",2377,"AT3G59000"
"2473",2473,"AT4G01360"
"724",724,"AT1G60810"
"1808",1808,"AT3G07520"
"230",230,"AT1G13050"
"263",263,"AT1G14660"
"1633",1633,"AT2G45245"
"2974",2974,"AT4G34290"
"968",968,"AT1G74300"
"1623",1623,"AT2G44730"
"3410",3410,"AT5G22110"
"3148",3148,"AT5G04970"
"3692",3692,"AT5G48850"
"658",658,"AT1G55205"
"38",38,"AT1G03270"
"2013",2013,"AT3G20230"
"1971",1971,"AT3G17712"
"1597",1597,"AT2G43235"
"972",972,"AT1G74430"
"3714",3714,"AT5G50440"
"2246",2246,"AT3G49690"
"226",226,"AT1G12610"
"2846",2846,"AT4G26590"
"3562",3562,"AT5G40550"
"1216",1216,"AT2G18620"
"2737",2737,"AT4G20235"
"713",713,"AT1G60050"
"2006",2006,"AT3G19660"
"1763",1763,"AT3G05390"
"1222",1222,"AT2G19310"
"468",468,"AT1G30500"
"1304",1304,"AT2G24240"
"971",971,"AT1G74390"
"1675",1675,"AT2G48070"
"1022",1022,"AT1G78200"
"3800",3800,"AT5G55780"
"2825",2825,"AT4G25310"
"840",840,"AT1G67050"
"570",570,"AT1G49032"
"2822",2822,"AT4G25160"
"3823",3823,"AT5G57180"
"2040",2040,"AT3G22070"
"661",661,"AT1G55290"
"1196",1196,"AT2G17450"
"1630",1630,"AT2G45150"
"1716",1716,"AT3G02730"
"306",306,"AT1G17560"
"941",941,"AT1G73150"
"3168",3168,"AT5G05995"
"2948",2948,"AT4G32900"
"2890",2890,"AT4G29170"
"329",329,"AT1G18680"
"2011",2011,"AT3G20170"
"3086",3086,"AT5G01930"
"1431",1431,"AT2G33480"
"2042",2042,"AT3G22150"
"3770",3770,"AT5G53880"
"221",221,"AT1G12300"
"1202",1202,"AT2G17705"
"1239",1239,"AT2G20260"
"129",129,"AT1G07620"
"3541",3541,"AT5G39090"
"3269",3269,"AT5G11550"
"3575",3575,"AT5G41460"
"2114",2114,"AT3G27110"
"815",815,"AT1G65520"
"1909",1909,"AT3G13950"
"529",529,"AT1G36390"
"3357",3357,"AT5G18210"
"3691",3691,"AT5G48840"
"3720",3720,"AT5G50630"
"1482",1482,"AT2G36080"
"3468",3468,"AT5G25210"
"3046",3046,"AT4G39560"
"3847",3847,"AT5G59080"
"2777",2777,"AT4G22550"
"1714",1714,"AT3G02680"
"3488",3488,"AT5G27240"
"2944",2944,"AT4G32770"
"935",935,"AT1G72800"
"3518",3518,"AT5G37070"
"3603",3603,"AT5G42840"
"2813",2813,"AT4G24750"
"3650",3650,"AT5G45780"
"339",339,"AT1G19650"
"1647",1647,"AT2G46220"
"146",146,"AT1G08845"
"1795",1795,"AT3G06910"
"2675",2675,"AT4G16700"
"1591",1591,"AT2G42720"
"2054",2054,"AT3G23200"
"3670",3670,"AT5G47830"
"2801",2801,"AT4G24175"
"292",292,"AT1G16830"
"1160",1160,"AT2G14050"
"3817",3817,"AT5G56985"
"1155",1155,"AT2G13290"
"1779",1779,"AT3G06070"
"1609",1609,"AT2G43720"
"674",674,"AT1G56090"
"1007",1007,"AT1G77110"
"3023",3023,"AT4G38210"
"3399",3399,"AT5G20635"
"770",770,"AT1G62930"
"1970",1970,"AT3G17710"
"1982",1982,"AT3G18580"
"348",348,"AT1G20030"
"2368",2368,"AT3G58200"
"2901",2901,"AT4G30090"
"2769",2769,"AT4G22230"
"2066",2066,"AT3G24010"
"2307",2307,"AT3G53830"
"1851",1851,"AT3G10110"
"3667",3667,"AT5G47740"
"3103",3103,"AT5G02502"
"177",177,"AT1G10310"
"725",725,"AT1G60870"
"742",742,"AT1G61600"
"3327",3327,"AT5G16400"
"361",361,"AT1G21280"
"1505",1505,"AT2G37560"
"3497",3497,"AT5G28300"
"2433",2433,"AT3G62450"
"2090",2090,"AT3G25597"
"2967",2967,"AT4G33980"
"617",617,"AT1G52790"
"3100",3100,"AT5G02420"
"639",639,"AT1G54210"
"1292",1292,"AT2G23530"
"2272",2272,"AT3G51230"
"3371",3371,"AT5G18950"
"3288",3288,"AT5G13410"
"14",14,"AT1G01740"
"1159",1159,"AT2G13800"
"1659",1659,"AT2G46980"
"63",63,"AT1G04640"
"927",927,"AT1G72220"
"3282",3282,"AT5G12890"
"1398",1398,"AT2G31150"
"2290",2290,"AT3G52480"
"1882",1882,"AT3G12530"
"1897",1897,"AT3G13420"
"874",874,"AT1G69210"
"3402",3402,"AT5G20870"
"3851",3851,"AT5G59400"
"1436",1436,"AT2G33680"
"340",340,"AT1G19720"
"591",591,"AT1G51190"
"1427",1427,"AT2G33060"
"1121",1121,"AT2G04340"
"714",714,"AT1G60230"
"1028",1028,"AT1G78340"
"373",373,"AT1G22330"
"2361",2361,"AT3G57750"
"1538",1538,"AT2G39330"
"2273",2273,"AT3G51290"
"188",188,"AT1G10610"
"613",613,"AT1G52590"
"1748",1748,"AT3G04440"
"3641",3641,"AT5G45370"
"277",277,"AT1G15760"
"2832",2832,"AT4G25760"
"1910",1910,"AT3G14020"
"1530",1530,"AT2G38695"
"1312",1312,"AT2G24970"
"718",718,"AT1G60590"
"2449",2449,"AT3G63445"
"3462",3462,"AT5G24960"
"3202",3202,"AT5G07450"
"231",231,"AT1G13100"
"1817",1817,"AT3G07930"
"858",858,"AT1G68150"
"278",278,"AT1G15800"
"496",496,"AT1G32583"
"2434",2434,"AT3G62470"
"3421",3421,"AT5G22875"
"1303",1303,"AT2G24190"
"2251",2251,"AT3G49890"
"822",822,"AT1G66050"
"3495",3495,"AT5G27680"
"3180",3180,"AT5G06590"
"3382",3382,"AT5G19240"
"3409",3409,"AT5G21970"
"2719",2719,"AT4G19070"
"3372",3372,"AT5G19020"
"2224",2224,"AT3G48425"
"1756",1756,"AT3G04890"
"1004",1004,"AT1G76740"
"1391",1391,"AT2G30505"
"624",624,"AT1G53120"
"1383",1383,"AT2G30130"
"602",602,"AT1G51550"
"1003",1003,"AT1G76730"
"3963",3963,"AT5G66550"
"3728",3728,"AT5G51100"
"1460",1460,"AT2G35210"
"3319",3319,"AT5G16060"
"3975",3975,"AT5G67170"
"471",471,"AT1G30540"
"2157",2157,"AT3G30725"
"540",540,"AT1G45170"
"2194",2194,"AT3G46810"
"853",853,"AT1G67910"
"3473",3473,"AT5G25570"
"657",657,"AT1G55180"
"3763",3763,"AT5G53080"
"3701",3701,"AT5G49610"
"3609",3609,"AT5G43250"
"3712",3712,"AT5G50300"
"3330",3330,"AT5G16810"
"69",69,"AT1G04977"
"186",186,"AT1G10550"
"3156",3156,"AT5G05510"
"2540",2540,"AT4G08225"
"722",722,"AT1G60740"
"3459",3459,"AT5G24880"
"1002",1002,"AT1G76720"
"3552",3552,"AT5G40080"
"844",844,"AT1G67370"
"2133",2133,"AT3G28370"
"75",75,"AT1G05200"
"1739",1739,"AT3G04020"
"568",568,"AT1G48880"
"1186",1186,"AT2G16870"
"475",475,"AT1G30960"
"1985",1985,"AT3G18660"
"3505",3505,"AT5G32460"
"3971",3971,"AT5G66985"
"1223",1223,"AT2G19350"
"931",931,"AT1G72520"
"3858",3858,"AT5G59670"
"1901",1901,"AT3G13672"
"442",442,"AT1G28540"
"3682",3682,"AT5G48530"
"1621",1621,"AT2G44600"
"1020",1020,"AT1G78130"
"3912",3912,"AT5G63630"
"2754",2754,"AT4G21585"
"1485",1485,"AT2G36835"
"1613",1613,"AT2G43990"
"3631",3631,"AT5G44520"
"1320",1320,"AT2G25735"
"2382",2382,"AT3G59340"
"1348",1348,"AT2G27770"
"1860",1860,"AT3G10520"
"2420",2420,"AT3G61370"
"1493",1493,"AT2G37260"
"2340",2340,"AT3G56440"
"2515",2515,"AT4G03635"
"302",302,"AT1G17455"
"643",643,"AT1G54310"
"2512",2512,"AT4G03500"
"375",375,"AT1G22430"
"3133",3133,"AT5G03960"
"1497",1497,"AT2G37370"
"3136",3136,"AT5G04050"
"104",104,"AT1G06240"
"3710",3710,"AT5G50260"
"1559",1559,"AT2G40690"
"901",901,"AT1G70610"
"3689",3689,"AT5G48730"
"1262",1262,"AT2G21860"
"3375",3375,"AT5G19060"
"2795",2795,"AT4G23870"
"1318",1318,"AT2G25605"
"3191",3191,"AT5G06811"
"3165",3165,"AT5G05850"
"3529",3529,"AT5G38300"
"1835",1835,"AT3G09150"
"1351",1351,"AT2G28140"
"2438",2438,"AT3G62690"
"2253",2253,"AT3G50100"
"747",747,"AT1G61930"
"3578",3578,"AT5G41570"
"2265",2265,"AT3G51060"
"1846",1846,"AT3G09730"
"2037",2037,"AT3G21680"
"2617",2617,"AT4G13950"
"2943",2943,"AT4G32750"
"3687",3687,"AT5G48650"
"2199",2199,"AT3G47050"
"1781",1781,"AT3G06145"
"627",627,"AT1G53450"
"1264",1264,"AT2G21960"
"2995",2995,"AT4G35987"
"3863",3863,"AT5G59940"
"1169",1169,"AT2G14860"
"1260",1260,"AT2G21710"
"1058",1058,"AT1G80120"
"2140",2140,"AT3G28660"
"3074",3074,"AT5G01520"
"2598",2598,"AT4G12840"
"663",663,"AT1G55380"
"871",871,"AT1G68980"
"478",478,"AT1G31020"
"3290",3290,"AT5G13700"
"3665",3665,"AT5G47630"
"2105",2105,"AT3G26540"
"1539",1539,"AT2G39370"
"3218",3218,"AT5G08335"
"1119",1119,"AT2G04100"
"1307",1307,"AT2G24440"
"622",622,"AT1G53035"
"1420",1420,"AT2G32640"
"1728",1728,"AT3G03500"
"3426",3426,"AT5G23130"
"2536",2536,"AT4G06701"
"3011",3011,"AT4G37200"
"611",611,"AT1G52560"
"2655",2655,"AT4G15765"
"3451",3451,"AT5G24314"
"2347",2347,"AT3G57062"
"432",432,"AT1G27670"
"2923",2923,"AT4G31320"
"2169",2169,"AT3G44690"
"2225",2225,"AT3G48440"
"2611",2611,"AT4G13650"
"2494",2494,"AT4G02410"
"3905",3905,"AT5G63040"
"3877",3877,"AT5G61300"
"1964",1964,"AT3G17470"
"2993",2993,"AT4G35970"
"3555",3555,"AT5G40160"
"1094",1094,"AT2G02080"
"367",367,"AT1G21830"
"127",127,"AT1G07410"
"1401",1401,"AT2G31190"
"1267",1267,"AT2G22260"
"1997",1997,"AT3G19200"
"3092",3092,"AT5G02120"
"1954",1954,"AT3G16520"
"1491",1491,"AT2G37195"
"1608",1608,"AT2G43700"
"3651",3651,"AT5G45790"
"3054",3054,"AT4G39830"
"2456",2456,"AT4G00310"
"1170",1170,"AT2G14880"
"1498",1498,"AT2G37380"
"1124",1124,"AT2G04530"
"894",894,"AT1G70250"
"1435",1435,"AT2G33640"
"3534",3534,"AT5G38710"
"3630",3630,"AT5G44500"
"268",268,"AT1G15040"
"1108",1108,"AT2G02990"
"2905",2905,"AT4G30370"
"444",444,"AT1G28600"
"3102",3102,"AT5G02460"
"2707",2707,"AT4G18510"
"754",754,"AT1G62085"
"745",745,"AT1G61810"
"383",383,"AT1G22990"
"2117",2117,"AT3G27200"
"717",717,"AT1G60550"
"3935",3935,"AT5G65200"
"2002",2002,"AT3G19330"
"3037",3037,"AT4G38960"
"3032",3032,"AT4G38690"
"3121",3121,"AT5G03250"
"1665",1665,"AT2G47450"
"2376",2376,"AT3G58940"
"3274",3274,"AT5G11750"
"377",377,"AT1G22570"
"616",616,"AT1G52710"
"2728",2728,"AT4G19870"
"3764",3764,"AT5G53110"
"600",600,"AT1G51470"
"960",960,"AT1G73790"
"3420",3420,"AT5G22820"
"3834",3834,"AT5G58005"
"324",324,"AT1G18382"
"3765",3765,"AT5G53220"
"2878",2878,"AT4G28530"
"2586",2586,"AT4G12000"
"3703",3703,"AT5G49645"
"869",869,"AT1G68725"
"382",382,"AT1G22980"
"1386",1386,"AT2G30320"
"2394",2394,"AT3G59800"
"3065",3065,"AT5G01110"
"715",715,"AT1G60430"
"2643",2643,"AT4G15150"
"190",190,"AT1G10830"
"2942",2942,"AT4G32590"
"229",229,"AT1G13040"
"1463",1463,"AT2G35360"
"394",394,"AT1G23560"
"29",29,"AT1G02680"
"318",318,"AT1G17960"
"3465",3465,"AT5G25110"
"3280",3280,"AT5G12340"
"1529",1529,"AT2G38570"
"109",109,"AT1G06420"
"3186",3186,"AT5G06710"
"3910",3910,"AT5G63500"
"1500",1500,"AT2G37430"
"2966",2966,"AT4G33950"
"3907",3907,"AT5G63140"
"1918",1918,"AT3G14370"
"1109",1109,"AT2G03060"
"2630",2630,"AT4G14660"
"527",527,"AT1G35830"
"1083",1083,"AT2G01620"
"1940",1940,"AT3G15520"
"3640",3640,"AT5G45150"
"37",37,"AT1G03180"
"839",839,"AT1G67040"
"3141",3141,"AT5G04310"
"521",521,"AT1G34770"
"1102",1102,"AT2G02700"
"1723",1723,"AT3G03120"
"359",359,"AT1G21210"
"1793",1793,"AT3G06870"
"123",123,"AT1G07130"
"3965",3965,"AT5G66620"
"1553",1553,"AT2G40260"
"1602",1602,"AT2G43445"
"1130",1130,"AT2G05100"
"3419",3419,"AT5G22800"
"2077",2077,"AT3G24810"
"2300",2300,"AT3G53130"
"2324",2324,"AT3G55250"
"3601",3601,"AT5G42800"
"2526",2526,"AT4G04790"
"1477",1477,"AT2G35910"
"1244",1244,"AT2G20710"
"234",234,"AT1G13270"
"1672",1672,"AT2G47930"
"1785",1785,"AT3G06435"
"2367",2367,"AT3G58160"
"20",20,"AT1G02160"
"2926",2926,"AT4G31440"
"3782",3782,"AT5G54569"
"328",328,"AT1G18650"
"259",259,"AT1G14310"
"2288",2288,"AT3G52260"
"2554",2554,"AT4G09560"
"810",810,"AT1G65110"
"2303",2303,"AT3G53440"
"837",837,"AT1G66950"
"3367",3367,"AT5G18790"
"2176",2176,"AT3G45590"
"3586",3586,"AT5G42200"
"875",875,"AT1G69230"
"679",679,"AT1G56310"
"1070",1070,"AT1G80760"
"3132",3132,"AT5G03830"
"1247",1247,"AT2G20815"
"917",917,"AT1G71490"
"2919",2919,"AT4G31060"
"2426",2426,"AT3G61980"
"3918",3918,"AT5G64320"
"963",963,"AT1G74070"
"3362",3362,"AT5G18460"
"116",116,"AT1G06520"
"730",730,"AT1G61180"
"3208",3208,"AT5G07720"
"3088",3088,"AT5G02030"
"2167",2167,"AT3G44620"
"3200",3200,"AT5G07152"
"3425",3425,"AT5G23090"
"1178",1178,"AT2G15820"
"3727",3727,"AT5G51080"
"884",884,"AT1G69550"
"1230",1230,"AT2G19810"
"1796",1796,"AT3G06950"
"2838",2838,"AT4G26070"
"2570",2570,"AT4G10510"
"223",223,"AT1G12390"
"989",989,"AT1G75620"
"2731",2731,"AT4G19975"
"3781",3781,"AT5G54520"
"1899",1899,"AT3G13550"
"161",161,"AT1G09783"
"3321",3321,"AT5G16190"
"3368",3368,"AT5G18820"
"945",945,"AT1G73320"
"2568",2568,"AT4G10470"
"763",763,"AT1G62440"
"3982",3982,"AT5G67520"
"1814",1814,"AT3G07670"
"1963",1963,"AT3G17380"
"2425",2425,"AT3G61920"
"1191",1191,"AT2G17080"
"1531",1531,"AT2G38790"
"3007",3007,"AT4G36880"
"2100",2100,"AT3G26080"
"1316",1316,"AT2G25350"
"1972",1972,"AT3G17830"
"533",533,"AT1G43560"
"61",61,"AT1G04620"
"2520",2520,"AT4G04220"
"2802",2802,"AT4G24180"
"2034",2034,"AT3G21360"
"964",964,"AT1G74120"
"2941",2941,"AT4G32560"
"2610",2610,"AT4G13400"
"2250",2250,"AT3G49845"
"3652",3652,"AT5G45940"
"3262",3262,"AT5G11250"
"1564",1564,"AT2G40815"
"1063",1063,"AT1G80315"
"851",851,"AT1G67820"
"1535",1535,"AT2G39170"
"3742",3742,"AT5G51730"
"166",166,"AT1G09890"
"2336",2336,"AT3G56030"
"3442",3442,"AT5G23990"
"1662",1662,"AT2G47240"
"2558",2558,"AT4G09815"
"2463",2463,"AT4G00850"
"2714",2714,"AT4G18910"
"2326",2326,"AT3G55490"
"1811",1811,"AT3G07550"
"1704",1704,"AT3G02160"
"434",434,"AT1G27740"
"1438",1438,"AT2G33815"
"1783",1783,"AT3G06320"
"1297",1297,"AT2G23680"
"209",209,"AT1G11710"
"2026",2026,"AT3G20890"
"706",706,"AT1G59560"
"3343",3343,"AT5G17450"
"3704",3704,"AT5G49770"
"2909",2909,"AT4G30500"
"821",821,"AT1G65950"
"2007",2007,"AT3G19810"
"659",659,"AT1G55240"
"411",411,"AT1G25450"
"182",182,"AT1G10480"
"2886",2886,"AT4G28950"
"1548",1548,"AT2G39830"
"2243",2243,"AT3G49645"
"1645",1645,"AT2G46110"
"3489",3489,"AT5G27280"
"3397",3397,"AT5G20410"
"2390",2390,"AT3G59640"
"2248",2248,"AT3G49740"
"2523",2523,"AT4G04455"
"100",100,"AT1G06120"
"723",723,"AT1G60750"
"470",470,"AT1G30520"
"2501",2501,"AT4G02830"
"2447",2447,"AT3G63420"
"710",710,"AT1G60000"
"290",290,"AT1G16690"
"1573",1573,"AT2G41750"
"3678",3678,"AT5G48320"
"1702",1702,"AT3G02110"
"65",65,"AT1G04650"
"2074",2074,"AT3G24590"
"1721",1721,"AT3G03030"
"374",374,"AT1G22400"
"3460",3460,"AT5G24910"
"2357",2357,"AT3G57590"
"686",686,"AT1G56612"
"3155",3155,"AT5G05380"
"3676",3676,"AT5G48220"
"575",575,"AT1G49390"
"1754",1754,"AT3G04760"
"3743",3743,"AT5G51790"
"168",168,"AT1G09910"
"1821",1821,"AT3G08570"
"2589",2589,"AT4G12240"
"358",358,"AT1G21150"
"1164",1164,"AT2G14285"
"1140",1140,"AT2G06465"
"28",28,"AT1G02670"
"2416",2416,"AT3G61300"
"1999",1999,"AT3G19250"
"1479",1479,"AT2G35980"
"3922",3922,"AT5G64640"
"2553",2553,"AT4G09550"
"2682",2682,"AT4G17240"
"2726",2726,"AT4G19720"
"743",743,"AT1G61610"
"3448",3448,"AT5G24170"
"421",421,"AT1G26820"
"2101",2101,"AT3G26085"
"2271",2271,"AT3G51180"
"550",550,"AT1G47560"
"3446",3446,"AT5G24105"
"1991",1991,"AT3G18850"
"337",337,"AT1G19480"
"2692",2692,"AT4G17785"
"2318",2318,"AT3G54910"
"3246",3246,"AT5G10320"
"3908",3908,"AT5G63270"
"1958",1958,"AT3G16890"
"3620",3620,"AT5G44005"
"551",551,"AT1G47580"
"1134",1134,"AT2G05620"
"1674",1674,"AT2G47950"
"3225",3225,"AT5G08535"
"2235",2235,"AT3G49170"
"1536",1536,"AT2G39180"
"1545",1545,"AT2G39675"
"953",953,"AT1G73480"
"1010",1010,"AT1G77270"
"1732",1732,"AT3G03630"
"1973",1973,"AT3G17890"
"891",891,"AT1G69935"
"3768",3768,"AT5G53650"
"2365",2365,"AT3G57950"
"2280",2280,"AT3G51930"
"3224",3224,"AT5G08490"
"2705",2705,"AT4G18425"
"531",531,"AT1G43160"
"997",997,"AT1G76405"
"1122",1122,"AT2G04430"
"1976",1976,"AT3G18020"
"680",680,"AT1G56345"
"2694",2694,"AT4G17960"
"841",841,"AT1G67105"
"2780",2780,"AT4G22760"
"2551",2551,"AT4G09460"
"355",355,"AT1G20830"
"1942",1942,"AT3G15620"
"3334",3334,"AT5G16950"
"3380",3380,"AT5G19210"
"1392",1392,"AT2G30695"
"3604",3604,"AT5G43070"
"2095",2095,"AT3G25940"
"3769",3769,"AT5G53750"
"2261",2261,"AT3G50800"
"2292",2292,"AT3G52570"
"598",598,"AT1G51405"
"181",181,"AT1G10400"
"1462",1462,"AT2G35290"
"16",16,"AT1G01860"
"3560",3560,"AT5G40460"
"2864",2864,"AT4G27710"
"959",959,"AT1G73750"
"2641",2641,"AT4G15130"
"111",111,"AT1G06450"
"1612",1612,"AT2G43880"
"3022",3022,"AT4G38180"
"3005",3005,"AT4G36830"
"1440",1440,"AT2G33835"
"2335",2335,"AT3G56010"
"2798",2798,"AT4G23920"
"1156",1156,"AT2G13550"
"3412",3412,"AT5G22220"
"885",885,"AT1G69587"
"902",902,"AT1G70630"
"3316",3316,"AT5G15890"
"1724",1724,"AT3G03180"
"2628",2628,"AT4G14600"
"2907",2907,"AT4G30410"
"792",792,"AT1G64255"
"1389",1389,"AT2G30395"
"3094",3094,"AT5G02160"
"3511",3511,"AT5G35926"
"2182",2182,"AT3G45930"
"1790",1790,"AT3G06730"
"3471",3471,"AT5G25475"
"3849",3849,"AT5G59240"
"1526",1526,"AT2G38480"
"3416",3416,"AT5G22555"
"1375",1375,"AT2G29720"
"1604",1604,"AT2G43500"
"2166",2166,"AT3G44590"
"3732",3732,"AT5G51260"
"2322",2322,"AT3G55080"
"3216",3216,"AT5G08310"
"170",170,"AT1G09995"
"2432",2432,"AT3G62280"
"3684",3684,"AT5G48590"
"2820",2820,"AT4G25110"
"805",805,"AT1G64910"
"1373",1373,"AT2G29670"
"3309",3309,"AT5G15330"
"1243",1243,"AT2G20590"
"862",862,"AT1G68330"
"526",526,"AT1G35710"
"1240",1240,"AT2G20410"
"3936",3936,"AT5G65207"
"2119",2119,"AT3G27330"
"574",574,"AT1G49380"
"105",105,"AT1G06265"
"606",606,"AT1G52230"
"886",886,"AT1G69600"
"2362",2362,"AT3G57800"
"1699",1699,"AT3G02010"
"3064",3064,"AT5G01100"
"1994",1994,"AT3G18970"
"3953",3953,"AT5G66130"
"2489",2489,"AT4G02200"
"547",547,"AT1G47056"
"2035",2035,"AT3G21530"
"233",233,"AT1G13245"
"1449",1449,"AT2G34400"
"2409",2409,"AT3G60590"
"2954",2954,"AT4G33120"
"3108",3108,"AT5G02600"
"3278",3278,"AT5G12050"
"3787",3787,"AT5G54930"
"3017",3017,"AT4G37920"
"2903",2903,"AT4G30130"
"2887",2887,"AT4G29050"
"2544",2544,"AT4G08700"
"387",387,"AT1G23205"
"1481",1481,"AT2G36010"
"1150",1150,"AT2G09225"
"585",585,"AT1G50590"
"3097",3097,"AT5G02200"
"507",507,"AT1G33610"
"64",64,"AT1G04647"
"1177",1177,"AT2G15760"
"1767",1767,"AT3G05630"
"2902",2902,"AT4G30120"
"3525",3525,"AT5G37950"
"767",767,"AT1G62840"
"502",502,"AT1G33090"
"3757",3757,"AT5G52950"
"672",672,"AT1G55915"
"3095",3095,"AT5G02170"
"3134",3134,"AT5G03990"
"1192",1192,"AT2G17140"
"3824",3824,"AT5G57230"
"3831",3831,"AT5G57887"
"3878",3878,"AT5G61310"
"765",765,"AT1G62670"
"3581",3581,"AT5G41870"
"3176",3176,"AT5G06420"
"1280",1280,"AT2G22860"
"597",597,"AT1G51400"
"2413",2413,"AT3G61030"
"3307",3307,"AT5G15210"
"2663",2663,"AT4G16265"
"3889",3889,"AT5G61865"
"491",491,"AT1G31935"
"147",147,"AT1G08900"
"3366",3366,"AT5G18760"
"895",895,"AT1G70260"
"3131",3131,"AT5G03800"
"3313",3313,"AT5G15790"
"1458",1458,"AT2G34920"
"3719",3719,"AT5G50565"
"1708",1708,"AT3G02240"
"1189",1189,"AT2G17050"
"148",148,"AT1G09040"
"1881",1881,"AT3G12345"
"3893",3893,"AT5G61940"
"1507",1507,"AT2G37590"
"3759",3759,"AT5G52970"
"1775",1775,"AT3G05932"
"3170",3170,"AT5G06180"
"1032",1032,"AT1G78490"
"267",267,"AT1G15010"
"2577",2577,"AT4G11050"
"3047",3047,"AT4G39620"
"1864",1864,"AT3G11050"
"2406",2406,"AT3G60480"
"693",693,"AT1G57980"
"269",269,"AT1G15080"
"834",834,"AT1G66820"
"749",749,"AT1G61960"
"3090",3090,"AT5G02070"
"1337",1337,"AT2G27120"
"3254",3254,"AT5G10690"
"3312",3312,"AT5G15760"
"1019",1019,"AT1G77990"
"741",741,"AT1G61570"
"766",766,"AT1G62680"
"2274",2274,"AT3G51360"
"76",76,"AT1G05210"
"2999",2999,"AT4G36470"
"665",665,"AT1G55430"
"682",682,"AT1G56420"
"433",433,"AT1G27700"
"2226",2226,"AT3G48520"
"3718",3718,"AT5G50550"
"1199",1199,"AT2G17570"
"1175",1175,"AT2G15490"
"455",455,"AT1G29418"
"2950",2950,"AT4G32980"
"27",27,"AT1G02475"
"3472",3472,"AT5G25480"
"987",987,"AT1G75295"
"2925",2925,"AT4G31400"
"3661",3661,"AT5G47000"
"2424",2424,"AT3G61610"
"3805",3805,"AT5G55950"
"2089",2089,"AT3G25590"
"360",360,"AT1G21270"
"3698",3698,"AT5G49215"
"3016",3016,"AT4G37700"
"107",107,"AT1G06310"
"3622",3622,"AT5G44050"
"3195",3195,"AT5G07040"
"1772",1772,"AT3G05760"
"1174",1174,"AT2G15310"
"688",688,"AT1G56670"
"1658",1658,"AT2G46940"
"2596",2596,"AT4G12710"
"3407",3407,"AT5G21900"
"3033",3033,"AT4G38730"
"1147",1147,"AT2G08000"
"1824",1824,"AT3G08880"
"2233",2233,"AT3G48970"
"3584",3584,"AT5G42110"
"173",173,"AT1G10155"
"3062",3062,"AT4G40085"
"3324",3324,"AT5G16240"
"2476",2476,"AT4G01550"
"426",426,"AT1G27120"
"909",909,"AT1G71015"
"264",264,"AT1G14750"
"2486",2486,"AT4G02075"
"3843",3843,"AT5G58910"
"1525",1525,"AT2G38450"
"2725",2725,"AT4G19690"
"1803",1803,"AT3G07200"
"3713",3713,"AT5G50330"
"2047",2047,"AT3G22670"
"2056",2056,"AT3G23330"
"2297",2297,"AT3G52860"
"2812",2812,"AT4G24730"
"2781",2781,"AT4G22860"
"2033",2033,"AT3G21300"
"983",983,"AT1G75000"
"3983",3983,"AT5G67620"
"3241",3241,"AT5G09950"
"401",401,"AT1G24040"
"1729",1729,"AT3G03535"
"3281",3281,"AT5G12360"
"1073",1073,"AT1G80890"
"1235",1235,"AT2G20110"
"2814",2814,"AT4G24810"
"1876",1876,"AT3G12060"
"139",139,"AT1G08310"
"761",761,"AT1G62305"
"2557",2557,"AT4G09810"
"1188",1188,"AT2G17033"
"3711",3711,"AT5G50280"
"1996",1996,"AT3G19150"
"2755",2755,"AT4G21590"
"327",327,"AT1G18630"
"481",481,"AT1G31220"
"3951",3951,"AT5G66005"
"2264",2264,"AT3G50860"
"1343",1343,"AT2G27400"
"2139",2139,"AT3G28650"
"1585",1585,"AT2G42260"
"1382",1382,"AT2G30120"
"321",321,"AT1G18090"
"1523",1523,"AT2G38420"
"985",985,"AT1G75060"
"443",443,"AT1G28560"
"1396",1396,"AT2G31085"
"1558",1558,"AT2G40610"
"3194",3194,"AT5G07020"
"1855",1855,"AT3G10320"
"2388",2388,"AT3G59550"
"2660",2660,"AT4G15990"
"881",881,"AT1G69480"
"3503",3503,"AT5G28650"
"836",836,"AT1G66890"
"365",365,"AT1G21670"
"944",944,"AT1G73290"
"2203",2203,"AT3G47390"
"1856",1856,"AT3G10400"
"1423",1423,"AT2G32840"
"2210",2210,"AT3G47560"
"1388",1388,"AT2G30350"
"2978",2978,"AT4G34420"
"1878",1878,"AT3G12145"
"1696",1696,"AT3G01960"
"2392",2392,"AT3G59700"
"651",651,"AT1G54940"
"2744",2744,"AT4G21070"
"3546",3546,"AT5G39710"
"2327",2327,"AT3G55600"
"3644",3644,"AT5G45580"
"438",438,"AT1G28190"
"484",484,"AT1G31460"
"413",413,"AT1G26180"
"509",509,"AT1G33615"
"828",828,"AT1G66480"
"2587",2587,"AT4G12060"
"940",940,"AT1G73090"
"3554",3554,"AT5G40100"
"1935",1935,"AT3G15200"
"1618",1618,"AT2G44480"
"1587",1587,"AT2G42360"
"2720",2720,"AT4G19130"
"1730",1730,"AT3G03580"
"2762",2762,"AT4G21770"
"3317",3317,"AT5G15900"
"2170",2170,"AT3G44716"
"3888",3888,"AT5G61830"
"1806",1806,"AT3G07375"
"2352",2352,"AT3G57320"
"1617",1617,"AT2G44370"
"3484",3484,"AT5G26980"
"1161",1161,"AT2G14110"
"2547",2547,"AT4G09010"
"2130",2130,"AT3G28100"
"3474",3474,"AT5G25580"
"3166",3166,"AT5G05870"
"301",301,"AT1G17410"
"760",760,"AT1G62260"
"3337",3337,"AT5G17170"
"1815",1815,"AT3G07860"
"2946",2946,"AT4G32860"
"801",801,"AT1G64670"
"3722",3722,"AT5G50665"
"1948",1948,"AT3G16220"
"3526",3526,"AT5G38040"
"3119",3119,"AT5G03210"
"286",286,"AT1G16440"
"2063",2063,"AT3G23740"
"184",184,"AT1G10522"
"3573",3573,"AT5G41320"
"3635",3635,"AT5G44710"
"2552",2552,"AT4G09500"
"2661",2661,"AT4G16060"
"2709",2709,"AT4G18550"
"3502",3502,"AT5G28630"
"3819",3819,"AT5G57010"
"1245",1245,"AT2G20720"
"3520",3520,"AT5G37290"
"1406",1406,"AT2G31450"
"26",26,"AT1G02460"
"40",40,"AT1G03440"
"2588",2588,"AT4G12090"
"1492",1492,"AT2G37240"
"1622",1622,"AT2G44690"
"2921",2921,"AT4G31240"
"938",938,"AT1G72870"
"384",384,"AT1G23000"
"3835",3835,"AT5G58010"
"2648",2648,"AT4G15396"
"2530",2530,"AT4G05100"
"74",74,"AT1G05160"
"3566",3566,"AT5G40630"
"2532",2532,"AT4G05210"
"942",942,"AT1G73177"
"866",866,"AT1G68540"
"3962",3962,"AT5G66500"
"1641",1641,"AT2G45630"
"309",309,"AT1G17650"
"1033",1033,"AT1G78550"
"1751",1751,"AT3G04550"
"3895",3895,"AT5G62170"
"39",39,"AT1G03410"
"2490",2490,"AT4G02210"
"3686",3686,"AT5G48620"
"2319",2319,"AT3G54930"
"2538",2538,"AT4G08035"
"1352",1352,"AT2G28260"
"2616",2616,"AT4G13920"
"899",899,"AT1G70470"
"3427",3427,"AT5G23170"
"549",549,"AT1G47410"
"119",119,"AT1G06740"
"793",793,"AT1G64260"
"2935",2935,"AT4G32000"
"2019",2019,"AT3G20450"
"1181",1181,"AT2G16070"
"3723",3723,"AT5G50720"
"514",514,"AT1G34065"
"293",293,"AT1G17040"
"3901",3901,"AT5G62900"
"2027",2027,"AT3G20910"
"3929",3929,"AT5G64980"
"416",416,"AT1G26360"
"228",228,"AT1G12830"
"2920",2920,"AT4G31115"
"1293",1293,"AT2G23560"
"3303",3303,"AT5G14660"
"2658",2658,"AT4G15950"
"553",553,"AT1G47720"
"3028",3028,"AT4G38480"
"3091",3091,"AT5G02080"
"1452",1452,"AT2G34600"
"2756",2756,"AT4G21610"
"3370",3370,"AT5G18930"
"3229",3229,"AT5G09175"
"904",904,"AT1G70800"
"1113",1113,"AT2G03530"
"2743",2743,"AT4G21065"
"460",460,"AT1G29700"
"3564",3564,"AT5G40590"
"3128",3128,"AT5G03570"
"522",522,"AT1G34780"
"3724",3724,"AT5G50820"
"689",689,"AT1G56690"
"1984",1984,"AT3G18630"
"2005",2005,"AT3G19508"
"2997",2997,"AT4G36120"
"3081",3081,"AT5G01740"
"1888",1888,"AT3G12830"
"3423",3423,"AT5G23060"
"1251",1251,"AT2G21130"
"3308",3308,"AT5G15265"
"880",880,"AT1G69380"
"2784",2784,"AT4G22950"
"486",486,"AT1G31600"
"338",338,"AT1G19490"
"1298",1298,"AT2G23690"
"2334",2334,"AT3G56000"
"1990",1990,"AT3G18800"
"1315",1315,"AT2G25300"
"1005",1005,"AT1G76820"
"2213",2213,"AT3G47710"
"3867",3867,"AT5G60270"
"3364",3364,"AT5G18660"
"3973",3973,"AT5G67140"
"2304",2304,"AT3G53490"
"1118",1118,"AT2G04090"
"2196",2196,"AT3G46950"
"2258",2258,"AT3G50280"
"1432",1432,"AT2G33500"
"1859",1859,"AT3G10450"
"1644",1644,"AT2G45870"
"3558",3558,"AT5G40400"
"2177",2177,"AT3G45610"
"1537",1537,"AT2G39230"
"3540",3540,"AT5G39020"
"3210",3210,"AT5G07790"
"923",923,"AT1G71970"
"1008",1008,"AT1G77122"
"1394",1394,"AT2G30960"
"244",244,"AT1G13700"
"1048",1048,"AT1G79220"
"1837",1837,"AT3G09230"
"1868",1868,"AT3G11220"
"1870",1870,"AT3G11240"
"3685",3685,"AT5G48610"
"2799",2799,"AT4G23950"
"3256",3256,"AT5G10900"
"1205",1205,"AT2G17890"
"3406",3406,"AT5G21280"
"2730",2730,"AT4G19950"
"12",12,"AT1G01670"
"399",399,"AT1G23980"
"1967",1967,"AT3G17640"
"1365",1365,"AT2G29460"
"2092",2092,"AT3G25717"
"326",326,"AT1G18560"
"1145",1145,"AT2G07845"
"3966",3966,"AT5G66670"
"687",687,"AT1G56630"
"1256",1256,"AT2G21280"
"3653",3653,"AT5G46050"
"1466",1466,"AT2G35430"
"1939",1939,"AT3G15395"
"1218",1218,"AT2G18850"
"1873",1873,"AT3G11470"
"211",211,"AT1G11760"
"1687",1687,"AT3G01480"
"3144",3144,"AT5G04780"
"2721",2721,"AT4G19230"
"2025",2025,"AT3G20860"
"79",79,"AT1G05300"
"1277",1277,"AT2G22800"
"423",423,"AT1G26900"
"3266",3266,"AT5G11440"
"206",206,"AT1G11592"
"3456",3456,"AT5G24735"
"1112",1112,"AT2G03500"
"3860",3860,"AT5G59790"
"3116",3116,"AT5G03050"
"1533",1533,"AT2G39100"
"1371",1371,"AT2G29620"
"2298",2298,"AT3G52905"
"2356",2356,"AT3G57580"
"3078",3078,"AT5G01660"
"25",25,"AT1G02420"
"2855",2855,"AT4G27340"
"454",454,"AT1G29390"
"183",183,"AT1G10520"
"1911",1911,"AT3G14060"
"3656",3656,"AT5G46260"
"1268",1268,"AT2G22310"
"2110",2110,"AT3G26900"
"3098",3098,"AT5G02320"
"2094",2094,"AT3G25870"
"3147",3147,"AT5G04890"
"276",276,"AT1G15730"
"3638",3638,"AT5G45020"
"2223",2223,"AT3G48400"
"487",487,"AT1G31760"
"2962",2962,"AT4G33730"
"2775",2775,"AT4G22320"
"2443",2443,"AT3G63140"
"203",203,"AT1G11300"
"3270",3270,"AT5G11570"
"1510",1510,"AT2G37750"
"1917",1917,"AT3G14360"
"2986",2986,"AT4G35390"
"2093",2093,"AT3G25805"
"2874",2874,"AT4G28180"
"2173",2173,"AT3G45260"
"906",906,"AT1G70830"
"1141",1141,"AT2G07175"
"1346",1346,"AT2G27740"
"2883",2883,"AT4G28790"
"1000",1000,"AT1G76560"
"2965",2965,"AT4G33880"
"2146",2146,"AT3G29130"
"2713",2713,"AT4G18810"
"154",154,"AT1G09450"
"2607",2607,"AT4G13220"
"1657",1657,"AT2G46910"
"2187",2187,"AT3G46430"
"3480",3480,"AT5G26320"
"1642",1642,"AT2G45695"
"3828",3828,"AT5G57785"
"2957",2957,"AT4G33180"
"138",138,"AT1G08300"
"3538",3538,"AT5G38900"
"3042",3042,"AT4G39380"
"2600",2600,"AT4G13040"
"2369",2369,"AT3G58270"
"1569",1569,"AT2G41330"
"469",469,"AT1G30515"
"2519",2519,"AT4G04200"
"3617",3617,"AT5G43822"
"1727",1727,"AT3G03470"
"1353",1353,"AT2G28410"
"3898",3898,"AT5G62430"
"490",490,"AT1G31885"
"2113",2113,"AT3G27100"
"3",3,"AT1G01200"
"1319",1319,"AT2G25720"
"3813",3813,"AT5G56590"
"1111",1111,"AT2G03380"
"1459",1459,"AT2G35140"
"3285",3285,"AT5G13270"
"2508",2508,"AT4G03330"
"2766",2766,"AT4G22080"
"966",966,"AT1G74180"
"1051",1051,"AT1G79580"
"1540",1540,"AT2G39410"
"2289",2289,"AT3G52290"
"1742",1742,"AT3G04220"
"995",995,"AT1G76185"
"90",90,"AT1G05750"
"1322",1322,"AT2G25940"
"3070",3070,"AT5G01360"
"1219",1219,"AT2G18890"
"3239",3239,"AT5G09820"
"2242",2242,"AT3G49550"
"1354",1354,"AT2G28440"
"3950",3950,"AT5G65980"
"2808",2808,"AT4G24350"
"2412",2412,"AT3G60810"
"956",956,"AT1G73630"
"2757",2757,"AT4G21620"
"3013",3013,"AT4G37380"
"666",666,"AT1G55475"
"437",437,"AT1G28150"
"1409",1409,"AT2G31600"
"2642",2642,"AT4G15140"
"1093",1093,"AT2G02070"
"2940",2940,"AT4G32450"
"1852",1852,"AT3G10120"
"239",239,"AT1G13530"
"1700",1700,"AT3G02070"
"2168",2168,"AT3G44630"
"3528",3528,"AT5G38140"
"642",642,"AT1G54290"
"2052",2052,"AT3G23080"
"319",319,"AT1G18000"
"954",954,"AT1G73570"
"1439",1439,"AT2G33820"
"312",312,"AT1G17830"
"1467",1467,"AT2G35480"
"2317",2317,"AT3G54780"
"3544",3544,"AT5G39450"
"2793",2793,"AT4G23760"
"771",771,"AT1G62950"
"2323",2323,"AT3G55150"
"3826",3826,"AT5G57345"
"508",508,"AT1G33612"
"2672",2672,"AT4G16570"
"2498",2498,"AT4G02550"
"1667",1667,"AT2G47530"
"2198",2198,"AT3G46990"
"794",794,"AT1G64355"
"818",818,"AT1G65810"
"1336",1336,"AT2G27010"
"2811",2811,"AT4G24460"
"2022",2022,"AT3G20480"
"1567",1567,"AT2G41080"
"1187",1187,"AT2G16970"
"2510",2510,"AT4G03440"
"809",809,"AT1G65080"
"543",543,"AT1G45233"
"1182",1182,"AT2G16230"
"250",250,"AT1G13920"
"3515",3515,"AT5G36130"
"3810",3810,"AT5G56420"
"2789",2789,"AT4G23410"
"3106",3106,"AT5G02550"
"1310",1310,"AT2G24700"
"557",557,"AT1G48175"
"812",812,"AT1G65380"
"3785",3785,"AT5G54880"
"3069",3069,"AT5G01330"
"1983",1983,"AT3G18610"
"3206",3206,"AT5G07670"
"2103",2103,"AT3G26490"
"175",175,"AT1G10280"
"2220",2220,"AT3G48187"
"2083",2083,"AT3G25430"
"54",54,"AT1G04463"
"2627",2627,"AT4G14385"
"2680",2680,"AT4G16890"
"1437",1437,"AT2G33810"
"2657",2657,"AT4G15820"
"485",485,"AT1G31490"
"2281",2281,"AT3G51940"
"2836",2836,"AT4G25940"
"3657",3657,"AT5G46390"
"2084",2084,"AT3G25440"
"762",762,"AT1G62370"
"912",912,"AT1G71180"
"282",282,"AT1G16250"
"3822",3822,"AT5G57140"
"1334",1334,"AT2G26810"
"2502",2502,"AT4G02900"
"153",153,"AT1G09320"
"3157",3157,"AT5G05550"
"1261",1261,"AT2G21800"
"3365",3365,"AT5G18730"
"817",817,"AT1G65730"
"2057",2057,"AT3G23370"
"2287",2287,"AT3G52210"
"3400",3400,"AT5G20640"
"3169",3169,"AT5G06000"
"350",350,"AT1G20230"
"3707",3707,"AT5G50110"
"439",439,"AT1G28310"
"2096",2096,"AT3G25970"
"3607",3607,"AT5G43140"
"799",799,"AT1G64500"
"1915",1915,"AT3G14260"
"2191",2191,"AT3G46630"
"1822",1822,"AT3G08600"
"225",225,"AT1G12530"
"1925",1925,"AT3G14580"
"1101",1101,"AT2G02630"
"1207",1207,"AT2G17975"
"1381",1381,"AT2G30100"
"1849",1849,"AT3G10070"
"1123",1123,"AT2G04500"
"2315",2315,"AT3G54630"
"1834",1834,"AT3G09085"
"2141",2141,"AT3G28760"
"2898",2898,"AT4G29820"
"2859",2859,"AT4G27435"
"3207",3207,"AT5G07710"
"2102",2102,"AT3G26360"
"3939",3939,"AT5G65495"
"3457",3457,"AT5G24750"
"2087",2087,"AT3G25570"
"2896",2896,"AT4G29730"
"2989",2989,"AT4G35540"
"1679",1679,"AT3G01142"
"2285",2285,"AT3G52155"
"41",41,"AT1G03470"
"1634",1634,"AT2G45270"
"224",224,"AT1G12450"
"2086",2086,"AT3G25510"
"565",565,"AT1G48690"
"2241",2241,"AT3G49420"
"1283",1283,"AT2G23000"
"1592",1592,"AT2G42730"
"1760",1760,"AT3G05170"
"2915",2915,"AT4G30860"
"2710",2710,"AT4G18580"
"633",633,"AT1G53790"
"1738",1738,"AT3G03900"
"1968",1968,"AT3G17680"
"1387",1387,"AT2G30330"
"2316",2316,"AT3G54710"
"1294",1294,"AT2G23620"
"3167",3167,"AT5G05900"
"3519",3519,"AT5G37180"
"2830",2830,"AT4G25560"
"932",932,"AT1G72600"
"3085",3085,"AT5G01910"
"3557",3557,"AT5G40320"
"2564",2564,"AT4G10280"
"813",813,"AT1G65420"
"357",357,"AT1G20990"
"1350",1350,"AT2G28120"
"2500",2500,"AT4G02790"
"1574",1574,"AT2G41835"
"446",446,"AT1G28710"
"582",582,"AT1G50055"
"2192",2192,"AT3G46690"
"2835",2835,"AT4G25910"
"2032",2032,"AT3G21270"
"3198",3198,"AT5G07100"
"3747",3747,"AT5G52110"
"3152",3152,"AT5G05240"
"601",601,"AT1G51500"
"2358",2358,"AT3G57670"
"2556",2556,"AT4G09770"
"3731",3731,"AT5G51170"
"1625",1625,"AT2G44750"
"1153",1153,"AT2G09975"
"1399",1399,"AT2G31160"
"3018",3018,"AT4G37970"
"978",978,"AT1G74600"
"2922",2922,"AT4G31270"
"2346",2346,"AT3G56870"
"2669",2669,"AT4G16535"
"96",96,"AT1G05970"
"2385",2385,"AT3G59430"
"2402",2402,"AT3G60180"
"240",240,"AT1G13600"
"614",614,"AT1G52620"
"2973",2973,"AT4G34250"
"1582",1582,"AT2G42190"
"2927",2927,"AT4G31470"
"2021",2021,"AT3G20475"
"1393",1393,"AT2G30820"
"1969",1969,"AT3G17700"
"1575",1575,"AT2G41870"
"1914",1914,"AT3G14190"
"2031",2031,"AT3G21080"
"3850",3850,"AT5G59300"
"787",787,"AT1G64000"
"2389",2389,"AT3G59570"
"2395",2395,"AT3G59810"
"2459",2459,"AT4G00590"
"3056",3056,"AT4G39920"
"1209",1209,"AT2G18100"
"638",638,"AT1G54180"
"757",757,"AT1G62130"
"3232",3232,"AT5G09275"
"2689",2689,"AT4G17740"
"3903",3903,"AT5G62940"
"930",930,"AT1G72420"
"2082",2082,"AT3G25400"
"299",299,"AT1G17255"
"603",603,"AT1G51880"
"393",393,"AT1G23540"
"887",887,"AT1G69680"
"1329",1329,"AT2G26480"
"3223",3223,"AT5G08410"
"1614",1614,"AT2G44190"
"1750",1750,"AT3G04510"
"2984",2984,"AT4G35190"
"1895",1895,"AT3G13275"
"1711",1711,"AT3G02410"
"867",867,"AT1G68590"
"2062",2062,"AT3G23700"
"2353",2353,"AT3G57380"
"2706",2706,"AT4G18490"
"3284",3284,"AT5G13220"
"235",235,"AT1G13410"
"296",296,"AT1G17145"
"1331",1331,"AT2G26540"
"3695",3695,"AT5G49000"
"3762",3762,"AT5G53050"
"1845",1845,"AT3G09700"
"2807",2807,"AT4G24320"
"512",512,"AT1G33790"
"3199",3199,"AT5G07150"
"3159",3159,"AT5G05630"
"1180",1180,"AT2G15980"
"1571",1571,"AT2G41550"
"2216",2216,"AT3G48040"
"3204",3204,"AT5G07620"
"3360",3360,"AT5G18360"
"1944",1944,"AT3G15770"
"3879",3879,"AT5G61350"
"2128",2128,"AT3G27730"
"2118",2118,"AT3G27290"
"865",865,"AT1G68430"
"3979",3979,"AT5G67385"
"3673",3673,"AT5G48060"
"408",408,"AT1G24575"
"3514",3514,"AT5G36110"
"3857",3857,"AT5G59650"
"2816",2816,"AT4G24900"
"2996",2996,"AT4G36050"
"2028",2028,"AT3G20930"
"1807",1807,"AT3G07440"
"2796",2796,"AT4G23900"
"1934",1934,"AT3G15150"
"675",675,"AT1G56120"
"3192",3192,"AT5G06940"
"3026",3026,"AT4G38380"
"3783",3783,"AT5G54660"
"2149",2149,"AT3G29280"
"558",558,"AT1G48200"
"215",215,"AT1G12211"
"1071",1071,"AT1G80850"
"15",15,"AT1G01760"
"1325",1325,"AT2G26340"
"1026",1026,"AT1G78310"
"3104",3104,"AT5G02520"
"1639",1639,"AT2G45550"
"918",918,"AT1G71720"
"3234",3234,"AT5G09380"
"2208",2208,"AT3G47510"
"1385",1385,"AT2G30270"
"1605",1605,"AT2G43540"
"3467",3467,"AT5G25190"
"2277",2277,"AT3G51510"
"459",459,"AT1G29640"
"856",856,"AT1G68080"
"3361",3361,"AT5G18390"
"2260",2260,"AT3G50410"
"201",201,"AT1G11280"
"2724",2724,"AT4G19650"
"1376",1376,"AT2G29760"
"3391",3391,"AT5G19910"
"1828",1828,"AT3G09010"
"595",595,"AT1G51360"
"345",345,"AT1G19980"
"2068",2068,"AT3G24360"
"1844",1844,"AT3G09660"
"3904",3904,"AT5G62980"
"2524",2524,"AT4G04460"
"2252",2252,"AT3G49920"
"3955",3955,"AT5G66330"
"712",712,"AT1G60030"
"1052",1052,"AT1G79640"
"398",398,"AT1G23890"
"3755",3755,"AT5G52870"
"1826",1826,"AT3G08970"
"3171",3171,"AT5G06230"
"796",796,"AT1G64430"
"504",504,"AT1G33350"
"3846",3846,"AT5G59030"
"1744",1744,"AT3G04320"
"3897",3897,"AT5G62370"
"3926",3926,"AT5G64850"
"1290",1290,"AT2G23210"
"1761",1761,"AT3G05190"
"1468",1468,"AT2G35540"
"1410",1410,"AT2G31730"
"1884",1884,"AT3G12587"
"677",677,"AT1G56170"
"3811",3811,"AT5G56450"
"1039",1039,"AT1G78940"
"1877",1877,"AT3G12070"
"3778",3778,"AT5G54290"
"1139",1139,"AT2G06040"
"823",823,"AT1G66080"
"3545",3545,"AT5G39580"
"3494",3494,"AT5G27630"
"430",430,"AT1G27565"
"2897",2897,"AT4G29740"
"685",685,"AT1G56540"
"2788",2788,"AT4G23060"
"758",758,"AT1G62190"
"2768",2768,"AT4G22160"
"3439",3439,"AT5G23870"
"776",776,"AT1G63245"
"2904",2904,"AT4G30320"
"2188",2188,"AT3G46530"
"1534",1534,"AT2G39120"
"516",516,"AT1G34270"
"2591",2591,"AT4G12480"
"180",180,"AT1G10360"
"1792",1792,"AT3G06778"
"1446",1446,"AT2G34180"
"3293",3293,"AT5G13900"
"3865",3865,"AT5G60190"
"1579",1579,"AT2G42060"
"2644",2644,"AT4G15248"
"3031",3031,"AT4G38670"
"409",409,"AT1G25145"
"2562",2562,"AT4G10130"
"1663",1663,"AT2G47270"
"1706",1706,"AT3G02210"
"3340",3340,"AT5G17300"
"1513",1513,"AT2G37930"
"1288",1288,"AT2G23170"
"910",910,"AT1G71060"
"42",42,"AT1G03495"
"2154",2154,"AT3G29760"
