1,AT1G01010
2,AT1G01210
3,AT1G01240
4,AT1G01290
5,AT1G01540
6,AT1G01580
7,AT1G01640
8,AT1G01770
9,AT1G01780
10,AT1G01830
11,AT1G01940
12,AT1G01990
13,AT1G02000
14,AT1G02080
15,AT1G02110
16,AT1G02145
17,AT1G02150
18,AT1G02220
19,AT1G02270
20,AT1G02280
21,AT1G02360
22,AT1G02520
23,AT1G02610
24,AT1G02690
25,AT1G02750
26,AT1G02810
27,AT1G02860
28,AT1G02880
29,AT1G02890
30,AT1G02950
31,AT1G02960
32,AT1G02990
33,AT1G03030
34,AT1G03060
35,AT1G03250
36,AT1G03360
37,AT1G03380
38,AT1G03430
39,AT1G03475
40,AT1G03530
41,AT1G03680
42,AT1G03687
43,AT1G03740
44,AT1G03780
45,AT1G03840
46,AT1G03970
47,AT1G04047
48,AT1G04070
49,AT1G04120
50,AT1G04210
51,AT1G04280
52,AT1G04300
53,AT1G04520
54,AT1G04530
55,AT1G04610
56,AT1G04770
57,AT1G04780
58,AT1G04790
59,AT1G04860
60,AT1G04900
61,AT1G04910
62,AT1G04950
63,AT1G04970
64,AT1G04990
65,AT1G05055
66,AT1G05120
67,AT1G05150
68,AT1G05170
69,AT1G05190
70,AT1G05213
71,AT1G05220
72,AT1G05380
73,AT1G05410
74,AT1G05430
75,AT1G05520
76,AT1G05523
77,AT1G05660
78,AT1G05710
79,AT1G05780
80,AT1G05805
81,AT1G05810
82,AT1G05830
83,AT1G05860
84,AT1G05870
85,AT1G05910
86,AT1G05960
87,AT1G05970
88,AT1G06000
89,AT1G06010
90,AT1G06060
91,AT1G06070
92,AT1G06090
93,AT1G06180
94,AT1G06190
95,AT1G06460
96,AT1G06500
97,AT1G06560
98,AT1G06630
99,AT1G06780
100,AT1G06790
101,AT1G06850
102,AT1G06930
103,AT1G06950
104,AT1G07110
105,AT1G07175
106,AT1G07230
107,AT1G07250
108,AT1G07323
109,AT1G07510
110,AT1G07530
111,AT1G07630
112,AT1G07640
113,AT1G07705
114,AT1G07810
115,AT1G07950
116,AT1G07970
117,AT1G07990
118,AT1G08010
119,AT1G08030
120,AT1G08040
121,AT1G08125
122,AT1G08130
123,AT1G08190
124,AT1G08210
125,AT1G08220
126,AT1G08260
127,AT1G08283
128,AT1G08350
129,AT1G08410
130,AT1G08420
131,AT1G08460
132,AT1G08477
133,AT1G08490
134,AT1G08530
135,AT1G08550
136,AT1G08590
137,AT1G08600
138,AT1G08620
139,AT1G08640
140,AT1G08657
141,AT1G08670
142,AT1G08680
143,AT1G08700
144,AT1G08710
145,AT1G08750
146,AT1G08760
147,AT1G08800
148,AT1G08845
149,AT1G08890
150,AT1G08920
151,AT1G08940
152,AT1G09010
153,AT1G09020
154,AT1G09100
155,AT1G09290
156,AT1G09300
157,AT1G09700
158,AT1G09730
159,AT1G09795
160,AT1G09830
161,AT1G09850
162,AT1G09927
163,AT1G09980
164,AT1G10070
165,AT1G10130
166,AT1G10150
167,AT1G10155
168,AT1G10170
169,AT1G10180
170,AT1G10210
171,AT1G10310
172,AT1G10390
173,AT1G10490
174,AT1G10600
175,AT1G10660
176,AT1G10690
177,AT1G10720
178,AT1G10740
179,AT1G10820
180,AT1G10850
181,AT1G10900
182,AT1G11020
183,AT1G11175
184,AT1G11185
185,AT1G11210
186,AT1G11380
187,AT1G11592
188,AT1G11660
189,AT1G11760
190,AT1G11780
191,AT1G11820
192,AT1G11905
193,AT1G12040
194,AT1G12050
195,AT1G12240
196,AT1G12350
197,AT1G12400
198,AT1G12450
199,AT1G12500
200,AT1G12530
201,AT1G12560
202,AT1G12680
203,AT1G12740
204,AT1G12845
205,AT1G12990
206,AT1G13000
207,AT1G13080
208,AT1G13110
209,AT1G13120
210,AT1G13160
211,AT1G13170
212,AT1G13190
213,AT1G13195
214,AT1G13210
215,AT1G13300
216,AT1G13460
217,AT1G13570
218,AT1G13580
219,AT1G13620
220,AT1G13635
221,AT1G13640
222,AT1G13690
223,AT1G13750
224,AT1G13880
225,AT1G13960
226,AT1G14020
227,AT1G14160
228,AT1G14170
229,AT1G14200
230,AT1G14230
231,AT1G14340
232,AT1G14350
233,AT1G14410
234,AT1G14560
235,AT1G14710
236,AT1G14820
237,AT1G14850
238,AT1G14920
239,AT1G14990
240,AT1G15000
241,AT1G15002
242,AT1G15030
243,AT1G15130
244,AT1G15140
245,AT1G15170
246,AT1G15240
247,AT1G15330
248,AT1G15430
249,AT1G15440
250,AT1G15470
251,AT1G15550
252,AT1G15570
253,AT1G15610
254,AT1G15620
255,AT1G15660
256,AT1G15710
257,AT1G15800
258,AT1G15910
259,AT1G15940
260,AT1G15970
261,AT1G16010
262,AT1G16020
263,AT1G16270
264,AT1G16280
265,AT1G16300
266,AT1G16340
267,AT1G16520
268,AT1G16570
269,AT1G16710
270,AT1G16800
271,AT1G16970
272,AT1G17110
273,AT1G17120
274,AT1G17160
275,AT1G17410
276,AT1G17500
277,AT1G17520
278,AT1G17550
279,AT1G17560
280,AT1G17690
281,AT1G18040
282,AT1G18100
283,AT1G18160
284,AT1G18260
285,AT1G18340
286,AT1G18390
287,AT1G18580
288,AT1G18600
289,AT1G18660
290,AT1G18700
291,AT1G18745
292,AT1G18860
293,AT1G18950
294,AT1G18970
295,AT1G18975
296,AT1G19110
297,AT1G19140
298,AT1G19170
299,AT1G19210
300,AT1G19240
301,AT1G19300
302,AT1G19370
303,AT1G19430
304,AT1G19440
305,AT1G19485
306,AT1G19520
307,AT1G19710
308,AT1G19730
309,AT1G19880
310,AT1G19968
311,AT1G19990
312,AT1G20070
313,AT1G20370
314,AT1G20490
315,AT1G20510
316,AT1G20540
317,AT1G20560
318,AT1G20610
319,AT1G20670
320,AT1G20760
321,AT1G20823
322,AT1G20890
323,AT1G20930
324,AT1G21010
325,AT1G21070
326,AT1G21100
327,AT1G21160
328,AT1G21370
329,AT1G21560
330,AT1G21580
331,AT1G21600
332,AT1G21610
333,AT1G21700
334,AT1G21730
335,AT1G21740
336,AT1G21830
337,AT1G21980
338,AT1G22040
339,AT1G22050
340,AT1G22060
341,AT1G22065
342,AT1G22070
343,AT1G22170
344,AT1G22230
345,AT1G22330
346,AT1G22400
347,AT1G22510
348,AT1G22610
349,AT1G22740
350,AT1G22750
351,AT1G22770
352,AT1G22790
353,AT1G22800
354,AT1G22930
355,AT1G22970
356,AT1G23000
357,AT1G23050
358,AT1G23052
359,AT1G23120
360,AT1G23220
361,AT1G23380
362,AT1G23390
363,AT1G23480
364,AT1G23760
365,AT1G23780
366,AT1G23890
367,AT1G23900
368,AT1G24160
369,AT1G24170
370,AT1G24190
371,AT1G24310
372,AT1G24440
373,AT1G24560
374,AT1G24610
375,AT1G24625
376,AT1G24764
377,AT1G25055
378,AT1G25150
379,AT1G25500
380,AT1G25510
381,AT1G25520
382,AT1G25580
383,AT1G26100
384,AT1G26180
385,AT1G26650
386,AT1G26660
387,AT1G26830
388,AT1G26840
389,AT1G26910
390,AT1G26930
391,AT1G26940
392,AT1G26960
393,AT1G27050
394,AT1G27140
395,AT1G27190
396,AT1G27210
397,AT1G27320
398,AT1G27385
399,AT1G27440
400,AT1G27470
401,AT1G27510
402,AT1G27520
403,AT1G27565
404,AT1G27630
405,AT1G27670
406,AT1G27695
407,AT1G27700
408,AT1G27760
409,AT1G27921
410,AT1G28070
411,AT1G28100
412,AT1G28140
413,AT1G28150
414,AT1G28240
415,AT1G28260
416,AT1G28310
417,AT1G28340
418,AT1G28350
419,AT1G28410
420,AT1G28420
421,AT1G28440
422,AT1G28520
423,AT1G28540
424,AT1G28680
425,AT1G29060
426,AT1G29120
427,AT1G29220
428,AT1G29290
429,AT1G29357
430,AT1G29390
431,AT1G29400
432,AT1G29535
433,AT1G29810
434,AT1G29820
435,AT1G29940
436,AT1G30000
437,AT1G30070
438,AT1G30200
439,AT1G30300
440,AT1G30320
441,AT1G30470
442,AT1G30480
443,AT1G30720
444,AT1G30730
445,AT1G30825
446,AT1G30840
447,AT1G30870
448,AT1G30900
449,AT1G30910
450,AT1G30990
451,AT1G31050
452,AT1G31070
453,AT1G31170
454,AT1G31420
455,AT1G31500
456,AT1G31540
457,AT1G31760
458,AT1G31885
459,AT1G31930
460,AT1G31940
461,AT1G32070
462,AT1G32090
463,AT1G32160
464,AT1G32190
465,AT1G32260
466,AT1G32310
467,AT1G32360
468,AT1G32380
469,AT1G32440
470,AT1G32500
471,AT1G32690
472,AT1G32750
473,AT1G32860
474,AT1G32928
475,AT1G32930
476,AT1G32990
477,AT1G33060
478,AT1G33270
479,AT1G33330
480,AT1G33360
481,AT1G33410
482,AT1G33490
483,AT1G33612
484,AT1G33700
485,AT1G33780
486,AT1G33970
487,AT1G34000
488,AT1G34010
489,AT1G34130
490,AT1G34150
491,AT1G34200
492,AT1G34220
493,AT1G34550
494,AT1G34750
495,AT1G34770
496,AT1G35220
497,AT1G35320
498,AT1G35430
499,AT1G36160
500,AT1G36370
501,AT1G42430
502,AT1G43160
503,AT1G43560
504,AT1G43690
505,AT1G43850
506,AT1G43900
507,AT1G43910
508,AT1G44000
509,AT1G44050
510,AT1G44750
511,AT1G44760
512,AT1G44820
513,AT1G44900
514,AT1G44910
515,AT1G44960
516,AT1G45050
517,AT1G45170
518,AT1G45332
519,AT1G47230
520,AT1G47270
521,AT1G47310
522,AT1G47330
523,AT1G47380
524,AT1G47410
525,AT1G47550
526,AT1G47820
527,AT1G47900
528,AT1G48070
529,AT1G48110
530,AT1G48175
531,AT1G48210
532,AT1G48240
533,AT1G48315
534,AT1G48380
535,AT1G48430
536,AT1G48510
537,AT1G48550
538,AT1G48570
539,AT1G48605
540,AT1G48650
541,AT1G48970
542,AT1G49040
543,AT1G49170
544,AT1G49320
545,AT1G49340
546,AT1G49360
547,AT1G49510
548,AT1G49580
549,AT1G49660
550,AT1G49670
551,AT1G49780
552,AT1G49890
553,AT1G50020
554,AT1G50055
555,AT1G50090
556,AT1G50110
557,AT1G50120
558,AT1G50140
559,AT1G50300
560,AT1G50380
561,AT1G50410
562,AT1G50440
563,AT1G50510
564,AT1G50520
565,AT1G50560
566,AT1G50575
567,AT1G50620
568,AT1G50630
569,AT1G50940
570,AT1G51130
571,AT1G51170
572,AT1G51190
573,AT1G51390
574,AT1G51540
575,AT1G51590
576,AT1G51600
577,AT1G51830
578,AT1G51940
579,AT1G52150
580,AT1G52245
581,AT1G52310
582,AT1G52347
583,AT1G52370
584,AT1G52420
585,AT1G52500
586,AT1G52540
587,AT1G52905
588,AT1G53030
589,AT1G53050
590,AT1G53165
591,AT1G53170
592,AT1G53190
593,AT1G53280
594,AT1G53290
595,AT1G53300
596,AT1G53470
597,AT1G53500
598,AT1G53510
599,AT1G53530
600,AT1G53570
601,AT1G53590
602,AT1G53635
603,AT1G53645
604,AT1G53710
605,AT1G53720
606,AT1G53780
607,AT1G53880
608,AT1G53885
609,AT1G53903
610,AT1G54060
611,AT1G54090
612,AT1G54115
613,AT1G54120
614,AT1G54130
615,AT1G54140
616,AT1G54150
617,AT1G54340
618,AT1G54440
619,AT1G54490
620,AT1G54710
621,AT1G54740
622,AT1G54920
623,AT1G55000
624,AT1G55080
625,AT1G55130
626,AT1G55150
627,AT1G55430
628,AT1G55450
629,AT1G55490
630,AT1G55510
631,AT1G55530
632,AT1G55535
633,AT1G55690
634,AT1G55740
635,AT1G55810
636,AT1G55860
637,AT1G55880
638,AT1G55900
639,AT1G55960
640,AT1G56020
641,AT1G56180
642,AT1G56210
643,AT1G56230
644,AT1G56423
645,AT1G56550
646,AT1G56570
647,AT1G56580
648,AT1G56590
649,AT1G56720
650,AT1G57610
651,AT1G57820
652,AT1G57990
653,AT1G58025
654,AT1G58060
655,AT1G58070
656,AT1G58230
657,AT1G58280
658,AT1G58290
659,AT1G58340
660,AT1G58350
661,AT1G58360
662,AT1G58440
663,AT1G58470
664,AT1G59520
665,AT1G59590
666,AT1G59600
667,AT1G59650
668,AT1G59710
669,AT1G60080
670,AT1G60420
671,AT1G60440
672,AT1G60490
673,AT1G60650
674,AT1G60680
675,AT1G60800
676,AT1G60850
677,AT1G60860
678,AT1G60900
679,AT1G60995
680,AT1G61010
681,AT1G61040
682,AT1G61580
683,AT1G61660
684,AT1G61690
685,AT1G61750
686,AT1G61795
687,AT1G61820
688,AT1G61840
689,AT1G61900
690,AT1G61990
691,AT1G62045
692,AT1G62305
693,AT1G62330
694,AT1G62440
695,AT1G62570
696,AT1G62600
697,AT1G62740
698,AT1G62800
699,AT1G62850
700,AT1G62880
701,AT1G63010
702,AT1G63090
703,AT1G63100
704,AT1G63170
705,AT1G63260
706,AT1G63270
707,AT1G63300
708,AT1G63310
709,AT1G63430
710,AT1G63440
711,AT1G63500
712,AT1G63640
713,AT1G63700
714,AT1G63720
715,AT1G63800
716,AT1G63820
717,AT1G63850
718,AT1G63900
719,AT1G63970
720,AT1G64110
721,AT1G64140
722,AT1G64280
723,AT1G64330
724,AT1G64385
725,AT1G64390
726,AT1G64440
727,AT1G64460
728,AT1G64530
729,AT1G64740
730,AT1G64840
731,AT1G64920
732,AT1G64990
733,AT1G65000
734,AT1G65020
735,AT1G65032
736,AT1G65040
737,AT1G65320
738,AT1G65410
739,AT1G65430
740,AT1G65540
741,AT1G65580
742,AT1G65590
743,AT1G65610
744,AT1G65650
745,AT1G65660
746,AT1G65690
747,AT1G65730
748,AT1G65985
749,AT1G66250
750,AT1G66340
751,AT1G66430
752,AT1G66470
753,AT1G66530
754,AT1G66740
755,AT1G66750
756,AT1G66890
757,AT1G67060
758,AT1G67120
759,AT1G67140
760,AT1G67300
761,AT1G67320
762,AT1G67340
763,AT1G67360
764,AT1G67365
765,AT1G67550
766,AT1G67580
767,AT1G67630
768,AT1G67750
769,AT1G67850
770,AT1G67870
771,AT1G67920
772,AT1G67930
773,AT1G67940
774,AT1G67950
775,AT1G68050
776,AT1G68230
777,AT1G68370
778,AT1G68410
779,AT1G68550
780,AT1G68580
781,AT1G68650
782,AT1G68660
783,AT1G68710
784,AT1G68720
785,AT1G68760
786,AT1G68820
787,AT1G68920
788,AT1G69010
789,AT1G69250
790,AT1G69270
791,AT1G69330
792,AT1G69340
793,AT1G69390
794,AT1G69420
795,AT1G69520
796,AT1G69740
797,AT1G69770
798,AT1G69810
799,AT1G69840
800,AT1G69930
801,AT1G70060
802,AT1G70090
803,AT1G70150
804,AT1G70180
805,AT1G70210
806,AT1G70340
807,AT1G70370
808,AT1G70480
809,AT1G70530
810,AT1G70550
811,AT1G70570
812,AT1G70590
813,AT1G70670
814,AT1G70690
815,AT1G70730
816,AT1G70810
817,AT1G70900
818,AT1G70950
819,AT1G71040
820,AT1G71090
821,AT1G71170
822,AT1G71180
823,AT1G71230
824,AT1G71350
825,AT1G71400
826,AT1G71410
827,AT1G71430
828,AT1G71696
829,AT1G71800
830,AT1G71830
831,AT1G71865
832,AT1G71900
833,AT1G71940
834,AT1G72010
835,AT1G72175
836,AT1G72210
837,AT1G72310
838,AT1G72320
839,AT1G72340
840,AT1G72416
841,AT1G72440
842,AT1G72470
843,AT1G72650
844,AT1G72700
845,AT1G72740
846,AT1G72770
847,AT1G72790
848,AT1G72840
849,AT1G72880
850,AT1G72920
851,AT1G72940
852,AT1G73060
853,AT1G73250
854,AT1G73300
855,AT1G73340
856,AT1G73350
857,AT1G73380
858,AT1G73430
859,AT1G73655
860,AT1G73670
861,AT1G73790
862,AT1G73805
863,AT1G73820
864,AT1G73920
865,AT1G73930
866,AT1G73980
867,AT1G74090
868,AT1G74280
869,AT1G74320
870,AT1G74520
871,AT1G74530
872,AT1G74720
873,AT1G74940
874,AT1G74970
875,AT1G75020
876,AT1G75130
877,AT1G75140
878,AT1G75200
879,AT1G75210
880,AT1G75230
881,AT1G75340
882,AT1G75350
883,AT1G75390
884,AT1G75410
885,AT1G75580
886,AT1G75670
887,AT1G75785
888,AT1G75810
889,AT1G75850
890,AT1G75860
891,AT1G75980
892,AT1G76060
893,AT1G76140
894,AT1G76185
895,AT1G76260
896,AT1G76310
897,AT1G76380
898,AT1G76405
899,AT1G76440
900,AT1G76460
901,AT1G76510
902,AT1G76640
903,AT1G76650
904,AT1G76700
905,AT1G76710
906,AT1G76850
907,AT1G76878
908,AT1G76880
909,AT1G76940
910,AT1G76970
911,AT1G77020
912,AT1G77030
913,AT1G77140
914,AT1G77220
915,AT1G77250
916,AT1G77300
917,AT1G77420
918,AT1G77550
919,AT1G77580
920,AT1G77590
921,AT1G77630
922,AT1G77660
923,AT1G78110
924,AT1G78240
925,AT1G78260
926,AT1G78520
927,AT1G78590
928,AT1G78600
929,AT1G78620
930,AT1G78800
931,AT1G78830
932,AT1G79000
933,AT1G79060
934,AT1G79070
935,AT1G79090
936,AT1G79200
937,AT1G79260
938,AT1G79270
939,AT1G79410
940,AT1G79430
941,AT1G79450
942,AT1G79529
943,AT1G79580
944,AT1G79710
945,AT1G79730
946,AT1G79790
947,AT1G79810
948,AT1G79820
949,AT1G79850
950,AT1G79880
951,AT1G80000
952,AT1G80245
953,AT1G80260
954,AT1G80290
955,AT1G80300
956,AT1G80310
957,AT1G80325
958,AT1G80350
959,AT1G80420
960,AT1G80480
961,AT1G80490
962,AT1G80570
963,AT1G80610
964,AT1G80700
965,AT1G80720
966,AT1G80770
967,AT1G80890
968,AT1G80910
969,AT1G80940
970,AT2G01010
971,AT2G01021
972,AT2G01070
973,AT2G01080
974,AT2G01110
975,AT2G01120
976,AT2G01150
977,AT2G01190
978,AT2G01210
979,AT2G01260
980,AT2G01410
981,AT2G01505
982,AT2G01630
983,AT2G01640
984,AT2G01650
985,AT2G01680
986,AT2G01735
987,AT2G01820
988,AT2G01830
989,AT2G01850
990,AT2G01890
991,AT2G01930
992,AT2G02090
993,AT2G02220
994,AT2G02370
995,AT2G02480
996,AT2G02560
997,AT2G02610
998,AT2G02630
999,AT2G02680
1000,AT2G02730
1001,AT2G02740
1002,AT2G02790
1003,AT2G02810
1004,AT2G02930
1005,AT2G02970
1006,AT2G03070
1007,AT2G03150
1008,AT2G03220
1009,AT2G03390
1010,AT2G03430
1011,AT2G03505
1012,AT2G03730
1013,AT2G03780
1014,AT2G04100
1015,AT2G04305
1016,AT2G04340
1017,AT2G04360
1018,AT2G04400
1019,AT2G04550
1020,AT2G04650
1021,AT2G04845
1022,AT2G04850
1023,AT2G04865
1024,AT2G04880
1025,AT2G04940
1026,AT2G05170
1027,AT2G05260
1028,AT2G05330
1029,AT2G05380
1030,AT2G05590
1031,AT2G06210
1032,AT2G06925
1033,AT2G06990
1034,AT2G07170
1035,AT2G07180
1036,AT2G07475
1037,AT2G07690
1038,AT2G08780
1039,AT2G09225
1040,AT2G09785
1041,AT2G09795
1042,AT2G10950
1043,AT2G11520
1044,AT2G12400
1045,AT2G13100
1046,AT2G13370
1047,AT2G13540
1048,AT2G13650
1049,AT2G14110
1050,AT2G14120
1051,AT2G14255
1052,AT2G14260
1053,AT2G14530
1054,AT2G14740
1055,AT2G14825
1056,AT2G14880
1057,AT2G15000
1058,AT2G15230
1059,AT2G15280
1060,AT2G15290
1061,AT2G15320
1062,AT2G15430
1063,AT2G15580
1064,AT2G15690
1065,AT2G15695
1066,AT2G15860
1067,AT2G16370
1068,AT2G16440
1069,AT2G16485
1070,AT2G16530
1071,AT2G16595
1072,AT2G16700
1073,AT2G16740
1074,AT2G16790
1075,AT2G16900
1076,AT2G16950
1077,AT2G17020
1078,AT2G17190
1079,AT2G17230
1080,AT2G17280
1081,AT2G17320
1082,AT2G17350
1083,AT2G17370
1084,AT2G17410
1085,AT2G17510
1086,AT2G17520
1087,AT2G17530
1088,AT2G17540
1089,AT2G17570
1090,AT2G17620
1091,AT2G17640
1092,AT2G17705
1093,AT2G17840
1094,AT2G17870
1095,AT2G17930
1096,AT2G18170
1097,AT2G18193
1098,AT2G18220
1099,AT2G18240
1100,AT2G18250
1101,AT2G18330
1102,AT2G18380
1103,AT2G18410
1104,AT2G18510
1105,AT2G18700
1106,AT2G18730
1107,AT2G18735
1108,AT2G18770
1109,AT2G18840
1110,AT2G18860
1111,AT2G18876
1112,AT2G18900
1113,AT2G18990
1114,AT2G19160
1115,AT2G19180
1116,AT2G19385
1117,AT2G19430
1118,AT2G19450
1119,AT2G19460
1120,AT2G19470
1121,AT2G19560
1122,AT2G19590
1123,AT2G19670
1124,AT2G19720
1125,AT2G19950
1126,AT2G20000
1127,AT2G20130
1128,AT2G20190
1129,AT2G20270
1130,AT2G20390
1131,AT2G20410
1132,AT2G20562
1133,AT2G20610
1134,AT2G20725
1135,AT2G20740
1136,AT2G20780
1137,AT2G20790
1138,AT2G20840
1139,AT2G20900
1140,AT2G20940
1141,AT2G20960
1142,AT2G21130
1143,AT2G21150
1144,AT2G21180
1145,AT2G21185
1146,AT2G21187
1147,AT2G21340
1148,AT2G21380
1149,AT2G21440
1150,AT2G21470
1151,AT2G21500
1152,AT2G21850
1153,AT2G21950
1154,AT2G22000
1155,AT2G22090
1156,AT2G22250
1157,AT2G22300
1158,AT2G22310
1159,AT2G22370
1160,AT2G22420
1161,AT2G22450
1162,AT2G22500
1163,AT2G22510
1164,AT2G22570
1165,AT2G22640
1166,AT2G22720
1167,AT2G22770
1168,AT2G22840
1169,AT2G22880
1170,AT2G22900
1171,AT2G23040
1172,AT2G23080
1173,AT2G23150
1174,AT2G23340
1175,AT2G23370
1176,AT2G23380
1177,AT2G23420
1178,AT2G23450
1179,AT2G23600
1180,AT2G23620
1181,AT2G23790
1182,AT2G23950
1183,AT2G23980
1184,AT2G24060
1185,AT2G24090
1186,AT2G24170
1187,AT2G24230
1188,AT2G24240
1189,AT2G24300
1190,AT2G24400
1191,AT2G24490
1192,AT2G24580
1193,AT2G24590
1194,AT2G24610
1195,AT2G24640
1196,AT2G24755
1197,AT2G24830
1198,AT2G24980
1199,AT2G24990
1200,AT2G25270
1201,AT2G25355
1202,AT2G25460
1203,AT2G25480
1204,AT2G25640
1205,AT2G25650
1206,AT2G25660
1207,AT2G25710
1208,AT2G25720
1209,AT2G25730
1210,AT2G25735
1211,AT2G25740
1212,AT2G25790
1213,AT2G25800
1214,AT2G25880
1215,AT2G25930
1216,AT2G25950
1217,AT2G26170
1218,AT2G26200
1219,AT2G26260
1220,AT2G26340
1221,AT2G26360
1222,AT2G26430
1223,AT2G26460
1224,AT2G26510
1225,AT2G26550
1226,AT2G26570
1227,AT2G26600
1228,AT2G26640
1229,AT2G26660
1230,AT2G26700
1231,AT2G26710
1232,AT2G26780
1233,AT2G26800
1234,AT2G26810
1235,AT2G26830
1236,AT2G26860
1237,AT2G26970
1238,AT2G27010
1239,AT2G27130
1240,AT2G27140
1241,AT2G27210
1242,AT2G27260
1243,AT2G27285
1244,AT2G27350
1245,AT2G27400
1246,AT2G27460
1247,AT2G27470
1248,AT2G27550
1249,AT2G27590
1250,AT2G27740
1251,AT2G27810
1252,AT2G27820
1253,AT2G27900
1254,AT2G28060
1255,AT2G28080
1256,AT2G28200
1257,AT2G28250
1258,AT2G28315
1259,AT2G28350
1260,AT2G28410
1261,AT2G28620
1262,AT2G28660
1263,AT2G28890
1264,AT2G28950
1265,AT2G29070
1266,AT2G29080
1267,AT2G29140
1268,AT2G29190
1269,AT2G29200
1270,AT2G29210
1271,AT2G29440
1272,AT2G29480
1273,AT2G29510
1274,AT2G29580
1275,AT2G29690
1276,AT2G29750
1277,AT2G30105
1278,AT2G30130
1279,AT2G30140
1280,AT2G30160
1281,AT2G30210
1282,AT2G30250
1283,AT2G30270
1284,AT2G30330
1285,AT2G30340
1286,AT2G30360
1287,AT2G30362
1288,AT2G30395
1289,AT2G30400
1290,AT2G30530
1291,AT2G30550
1292,AT2G30600
1293,AT2G30710
1294,AT2G30766
1295,AT2G30780
1296,AT2G30880
1297,AT2G30920
1298,AT2G30990
1299,AT2G31020
1300,AT2G31060
1301,AT2G31082
1302,AT2G31270
1303,AT2G31305
1304,AT2G31510
1305,AT2G31660
1306,AT2G31680
1307,AT2G31710
1308,AT2G31725
1309,AT2G31740
1310,AT2G31800
1311,AT2G31820
1312,AT2G31880
1313,AT2G31900
1314,AT2G31945
1315,AT2G31960
1316,AT2G31970
1317,AT2G32090
1318,AT2G32270
1319,AT2G32440
1320,AT2G32560
1321,AT2G32600
1322,AT2G32650
1323,AT2G32710
1324,AT2G32850
1325,AT2G32900
1326,AT2G32910
1327,AT2G32950
1328,AT2G33255
1329,AT2G33400
1330,AT2G33450
1331,AT2G33580
1332,AT2G33585
1333,AT2G33600
1334,AT2G33610
1335,AT2G33620
1336,AT2G33700
1337,AT2G34050
1338,AT2G34140
1339,AT2G34170
1340,AT2G34310
1341,AT2G34340
1342,AT2G34357
1343,AT2G34410
1344,AT2G34460
1345,AT2G34500
1346,AT2G34570
1347,AT2G34650
1348,AT2G34720
1349,AT2G34840
1350,AT2G34970
1351,AT2G35020
1352,AT2G35110
1353,AT2G35230
1354,AT2G35270
1355,AT2G35320
1356,AT2G35330
1357,AT2G35380
1358,AT2G35510
1359,AT2G35530
1360,AT2G35612
1361,AT2G35620
1362,AT2G35736
1363,AT2G35780
1364,AT2G35840
1365,AT2G35859
1366,AT2G35860
1367,AT2G35910
1368,AT2G35920
1369,AT2G35940
1370,AT2G35945
1371,AT2G36240
1372,AT2G36250
1373,AT2G36305
1374,AT2G36307
1375,AT2G36350
1376,AT2G36360
1377,AT2G36390
1378,AT2G36420
1379,AT2G36460
1380,AT2G36470
1381,AT2G36480
1382,AT2G36680
1383,AT2G36690
1384,AT2G36740
1385,AT2G36835
1386,AT2G36850
1387,AT2G36890
1388,AT2G36895
1389,AT2G37060
1390,AT2G37090
1391,AT2G37200
1392,AT2G37230
1393,AT2G37380
1394,AT2G37400
1395,AT2G37430
1396,AT2G37500
1397,AT2G37555
1398,AT2G37570
1399,AT2G37585
1400,AT2G37620
1401,AT2G37690
1402,AT2G37840
1403,AT2G38000
1404,AT2G38020
1405,AT2G38170
1406,AT2G38180
1407,AT2G38270
1408,AT2G38380
1409,AT2G38410
1410,AT2G38440
1411,AT2G38580
1412,AT2G38610
1413,AT2G38620
1414,AT2G38630
1415,AT2G38650
1416,AT2G38660
1417,AT2G38730
1418,AT2G38770
1419,AT2G38840
1420,AT2G38870
1421,AT2G38880
1422,AT2G38940
1423,AT2G38950
1424,AT2G39000
1425,AT2G39080
1426,AT2G39110
1427,AT2G39170
1428,AT2G39260
1429,AT2G39270
1430,AT2G39280
1431,AT2G39300
1432,AT2G39340
1433,AT2G39350
1434,AT2G39380
1435,AT2G39400
1436,AT2G39410
1437,AT2G39440
1438,AT2G39445
1439,AT2G39450
1440,AT2G39500
1441,AT2G39580
1442,AT2G39650
1443,AT2G39660
1444,AT2G39720
1445,AT2G39725
1446,AT2G39740
1447,AT2G39750
1448,AT2G39760
1449,AT2G39810
1450,AT2G39890
1451,AT2G39940
1452,AT2G40010
1453,AT2G40070
1454,AT2G40190
1455,AT2G40260
1456,AT2G40270
1457,AT2G40410
1458,AT2G40490
1459,AT2G40540
1460,AT2G40550
1461,AT2G40700
1462,AT2G40730
1463,AT2G40750
1464,AT2G40760
1465,AT2G40815
1466,AT2G40830
1467,AT2G40840
1468,AT2G40930
1469,AT2G40935
1470,AT2G40950
1471,AT2G40980
1472,AT2G41060
1473,AT2G41130
1474,AT2G41140
1475,AT2G41150
1476,AT2G41290
1477,AT2G41440
1478,AT2G41490
1479,AT2G41500
1480,AT2G41560
1481,AT2G41620
1482,AT2G41710
1483,AT2G41750
1484,AT2G41760
1485,AT2G41790
1486,AT2G41890
1487,AT2G41960
1488,AT2G42030
1489,AT2G42060
1490,AT2G42070
1491,AT2G42080
1492,AT2G42120
1493,AT2G42160
1494,AT2G42230
1495,AT2G42240
1496,AT2G42280
1497,AT2G42300
1498,AT2G42400
1499,AT2G42670
1500,AT2G42770
1501,AT2G42820
1502,AT2G43020
1503,AT2G43080
1504,AT2G43130
1505,AT2G43240
1506,AT2G43410
1507,AT2G43430
1508,AT2G43480
1509,AT2G43540
1510,AT2G43570
1511,AT2G43630
1512,AT2G43945
1513,AT2G43980
1514,AT2G44040
1515,AT2G44080
1516,AT2G44090
1517,AT2G44110
1518,AT2G44140
1519,AT2G44200
1520,AT2G44270
1521,AT2G44420
1522,AT2G44450
1523,AT2G44530
1524,AT2G44640
1525,AT2G44660
1526,AT2G44670
1527,AT2G44730
1528,AT2G44830
1529,AT2G44870
1530,AT2G44970
1531,AT2G45030
1532,AT2G45220
1533,AT2G45245
1534,AT2G45260
1535,AT2G45310
1536,AT2G45315
1537,AT2G45340
1538,AT2G45360
1539,AT2G45400
1540,AT2G45620
1541,AT2G45700
1542,AT2G45720
1543,AT2G45950
1544,AT2G46090
1545,AT2G46150
1546,AT2G46180
1547,AT2G46200
1548,AT2G46260
1549,AT2G46340
1550,AT2G46410
1551,AT2G46520
1552,AT2G46560
1553,AT2G46580
1554,AT2G46710
1555,AT2G46750
1556,AT2G46920
1557,AT2G47070
1558,AT2G47140
1559,AT2G47360
1560,AT2G47450
1561,AT2G47490
1562,AT2G47500
1563,AT2G47600
1564,AT2G47620
1565,AT2G47630
1566,AT2G47790
1567,AT2G47840
1568,AT2G47850
1569,AT2G47860
1570,AT2G47890
1571,AT2G47940
1572,AT2G47990
1573,AT2G48010
1574,AT2G48030
1575,AT2G48070
1576,AT2G48140
1577,AT2G48160
1578,AT3G01040
1579,AT3G01100
1580,AT3G01150
1581,AT3G01170
1582,AT3G01205
1583,AT3G01300
1584,AT3G01380
1585,AT3G01400
1586,AT3G01435
1587,AT3G01516
1588,AT3G01590
1589,AT3G01640
1590,AT3G01650
1591,AT3G01720
1592,AT3G01780
1593,AT3G01820
1594,AT3G01860
1595,AT3G01930
1596,AT3G01980
1597,AT3G01995
1598,AT3G02030
1599,AT3G02070
1600,AT3G02170
1601,AT3G02245
1602,AT3G02300
1603,AT3G02320
1604,AT3G02340
1605,AT3G02460
1606,AT3G02550
1607,AT3G02555
1608,AT3G02600
1609,AT3G02650
1610,AT3G02710
1611,AT3G02740
1612,AT3G02750
1613,AT3G02800
1614,AT3G02860
1615,AT3G02870
1616,AT3G02875
1617,AT3G02880
1618,AT3G02910
1619,AT3G02920
1620,AT3G02950
1621,AT3G03000
1622,AT3G03010
1623,AT3G03180
1624,AT3G03220
1625,AT3G03280
1626,AT3G03305
1627,AT3G03310
1628,AT3G03340
1629,AT3G03450
1630,AT3G03550
1631,AT3G03560
1632,AT3G03570
1633,AT3G03610
1634,AT3G03690
1635,AT3G03720
1636,AT3G03773
1637,AT3G03790
1638,AT3G03810
1639,AT3G03880
1640,AT3G03890
1641,AT3G03950
1642,AT3G03980
1643,AT3G04080
1644,AT3G04240
1645,AT3G04340
1646,AT3G04480
1647,AT3G04580
1648,AT3G04615
1649,AT3G04680
1650,AT3G04710
1651,AT3G04740
1652,AT3G04770
1653,AT3G04790
1654,AT3G04870
1655,AT3G04930
1656,AT3G05010
1657,AT3G05040
1658,AT3G05050
1659,AT3G05090
1660,AT3G05120
1661,AT3G05150
1662,AT3G05155
1663,AT3G05170
1664,AT3G05200
1665,AT3G05210
1666,AT3G05250
1667,AT3G05380
1668,AT3G05570
1669,AT3G05670
1670,AT3G05680
1671,AT3G05710
1672,AT3G05830
1673,AT3G05870
1674,AT3G05937
1675,AT3G05940
1676,AT3G05970
1677,AT3G05990
1678,AT3G06110
1679,AT3G06130
1680,AT3G06170
1681,AT3G06180
1682,AT3G06190
1683,AT3G06240
1684,AT3G06330
1685,AT3G06435
1686,AT3G06440
1687,AT3G06450
1688,AT3G06483
1689,AT3G06530
1690,AT3G06540
1691,AT3G06550
1692,AT3G06670
1693,AT3G06740
1694,AT3G06760
1695,AT3G06778
1696,AT3G06810
1697,AT3G06820
1698,AT3G06840
1699,AT3G06868
1700,AT3G06930
1701,AT3G07130
1702,AT3G07200
1703,AT3G07215
1704,AT3G07220
1705,AT3G07300
1706,AT3G07315
1707,AT3G07320
1708,AT3G07340
1709,AT3G07370
1710,AT3G07410
1711,AT3G07420
1712,AT3G07440
1713,AT3G07510
1714,AT3G07565
1715,AT3G07580
1716,AT3G07600
1717,AT3G07630
1718,AT3G07650
1719,AT3G07750
1720,AT3G07800
1721,AT3G07860
1722,AT3G07890
1723,AT3G08040
1724,AT3G08720
1725,AT3G08740
1726,AT3G08760
1727,AT3G08850
1728,AT3G08860
1729,AT3G08890
1730,AT3G08910
1731,AT3G09000
1732,AT3G09090
1733,AT3G09100
1734,AT3G09180
1735,AT3G09220
1736,AT3G09350
1737,AT3G09360
1738,AT3G09410
1739,AT3G09670
1740,AT3G09690
1741,AT3G09700
1742,AT3G09720
1743,AT3G09770
1744,AT3G09795
1745,AT3G09800
1746,AT3G09810
1747,AT3G09850
1748,AT3G09875
1749,AT3G09970
1750,AT3G10030
1751,AT3G10050
1752,AT3G10080
1753,AT3G10140
1754,AT3G10160
1755,AT3G10200
1756,AT3G10230
1757,AT3G10300
1758,AT3G10330
1759,AT3G10350
1760,AT3G10380
1761,AT3G10480
1762,AT3G10490
1763,AT3G10500
1764,AT3G10520
1765,AT3G10530
1766,AT3G10540
1767,AT3G10650
1768,AT3G10690
1769,AT3G10760
1770,AT3G10800
1771,AT3G10810
1772,AT3G10980
1773,AT3G11030
1774,AT3G11100
1775,AT3G11170
1776,AT3G11220
1777,AT3G11230
1778,AT3G11270
1779,AT3G11370
1780,AT3G11490
1781,AT3G11520
1782,AT3G11590
1783,AT3G11620
1784,AT3G11650
1785,AT3G11770
1786,AT3G11820
1787,AT3G11880
1788,AT3G11890
1789,AT3G11900
1790,AT3G11945
1791,AT3G11964
1792,AT3G12010
1793,AT3G12150
1794,AT3G12200
1795,AT3G12210
1796,AT3G12240
1797,AT3G12270
1798,AT3G12280
1799,AT3G12300
1800,AT3G12340
1801,AT3G12360
1802,AT3G12370
1803,AT3G12400
1804,AT3G12560
1805,AT3G12590
1806,AT3G12620
1807,AT3G12640
1808,AT3G12680
1809,AT3G12700
1810,AT3G12870
1811,AT3G12977
1812,AT3G12980
1813,AT3G12990
1814,AT3G13070
1815,AT3G13080
1816,AT3G13160
1817,AT3G13222
1818,AT3G13330
1819,AT3G13360
1820,AT3G13430
1821,AT3G13450
1822,AT3G13490
1823,AT3G13510
1824,AT3G13560
1825,AT3G13860
1826,AT3G13910
1827,AT3G13940
1828,AT3G13990
1829,AT3G14000
1830,AT3G14050
1831,AT3G14060
1832,AT3G14080
1833,AT3G14120
1834,AT3G14172
1835,AT3G14180
1836,AT3G14190
1837,AT3G14200
1838,AT3G14220
1839,AT3G14400
1840,AT3G14410
1841,AT3G14560
1842,AT3G14690
1843,AT3G14720
1844,AT3G14740
1845,AT3G14790
1846,AT3G14830
1847,AT3G14860
1848,AT3G14890
1849,AT3G14930
1850,AT3G14960
1851,AT3G14980
1852,AT3G15010
1853,AT3G15020
1854,AT3G15040
1855,AT3G15060
1856,AT3G15070
1857,AT3G15080
1858,AT3G15095
1859,AT3G15120
1860,AT3G15160
1861,AT3G15190
1862,AT3G15300
1863,AT3G15351
1864,AT3G15352
1865,AT3G15360
1866,AT3G15380
1867,AT3G15430
1868,AT3G15460
1869,AT3G15530
1870,AT3G15790
1871,AT3G15880
1872,AT3G15920
1873,AT3G15940
1874,AT3G15980
1875,AT3G16050
1876,AT3G16180
1877,AT3G16200
1878,AT3G16230
1879,AT3G16270
1880,AT3G16330
1881,AT3G16340
1882,AT3G16350
1883,AT3G16430
1884,AT3G16440
1885,AT3G16450
1886,AT3G16490
1887,AT3G16500
1888,AT3G16565
1889,AT3G16720
1890,AT3G16740
1891,AT3G16770
1892,AT3G16785
1893,AT3G16810
1894,AT3G16830
1895,AT3G16940
1896,AT3G16990
1897,AT3G17120
1898,AT3G17205
1899,AT3G17310
1900,AT3G17330
1901,AT3G17340
1902,AT3G17420
1903,AT3G17510
1904,AT3G17650
1905,AT3G17770
1906,AT3G17790
1907,AT3G17800
1908,AT3G17850
1909,AT3G17880
1910,AT3G17900
1911,AT3G17910
1912,AT3G18165
1913,AT3G18210
1914,AT3G18250
1915,AT3G18270
1916,AT3G18290
1917,AT3G18380
1918,AT3G18510
1919,AT3G18640
1920,AT3G18680
1921,AT3G18690
1922,AT3G18790
1923,AT3G18860
1924,AT3G18910
1925,AT3G18960
1926,AT3G18980
1927,AT3G19180
1928,AT3G19240
1929,AT3G19340
1930,AT3G19400
1931,AT3G19460
1932,AT3G19508
1933,AT3G19515
1934,AT3G19590
1935,AT3G19615
1936,AT3G19640
1937,AT3G19650
1938,AT3G19680
1939,AT3G19720
1940,AT3G19900
1941,AT3G20015
1942,AT3G20020
1943,AT3G20120
1944,AT3G20130
1945,AT3G20230
1946,AT3G20250
1947,AT3G20320
1948,AT3G20330
1949,AT3G20360
1950,AT3G20550
1951,AT3G20560
1952,AT3G20640
1953,AT3G20650
1954,AT3G20660
1955,AT3G20740
1956,AT3G20830
1957,AT3G20840
1958,AT3G21110
1959,AT3G21140
1960,AT3G21160
1961,AT3G21175
1962,AT3G21190
1963,AT3G21200
1964,AT3G21220
1965,AT3G21250
1966,AT3G21351
1967,AT3G21400
1968,AT3G21420
1969,AT3G21430
1970,AT3G21640
1971,AT3G22170
1972,AT3G22310
1973,AT3G22415
1974,AT3G22425
1975,AT3G22530
1976,AT3G22570
1977,AT3G22590
1978,AT3G22930
1979,AT3G22990
1980,AT3G23090
1981,AT3G23100
1982,AT3G23170
1983,AT3G23580
1984,AT3G23590
1985,AT3G23605
1986,AT3G23630
1987,AT3G23660
1988,AT3G23750
1989,AT3G23780
1990,AT3G23810
1991,AT3G23900
1992,AT3G23910
1993,AT3G23920
1994,AT3G23980
1995,AT3G24010
1996,AT3G24020
1997,AT3G24180
1998,AT3G24200
1999,AT3G24315
2000,AT3G24350
2001,AT3G24440
2002,AT3G24518
2003,AT3G24530
2004,AT3G24570
2005,AT3G24660
2006,AT3G24730
2007,AT3G24740
2008,AT3G24750
2009,AT3G24800
2010,AT3G24860
2011,AT3G24880
2012,AT3G24929
2013,AT3G25110
2014,AT3G25545
2015,AT3G25730
2016,AT3G25790
2017,AT3G25890
2018,AT3G25900
2019,AT3G25920
2020,AT3G25940
2021,AT3G25980
2022,AT3G26000
2023,AT3G26020
2024,AT3G26090
2025,AT3G26100
2026,AT3G26410
2027,AT3G26590
2028,AT3G26640
2029,AT3G26730
2030,AT3G26744
2031,AT3G26770
2032,AT3G26890
2033,AT3G26900
2034,AT3G26910
2035,AT3G27020
2036,AT3G27030
2037,AT3G27050
2038,AT3G27070
2039,AT3G27160
2040,AT3G27210
2041,AT3G27260
2042,AT3G27280
2043,AT3G27300
2044,AT3G27320
2045,AT3G27325
2046,AT3G27420
2047,AT3G27560
2048,AT3G27750
2049,AT3G27820
2050,AT3G27830
2051,AT3G27850
2052,AT3G27960
2053,AT3G27990
2054,AT3G28455
2055,AT3G28480
2056,AT3G28670
2057,AT3G28700
2058,AT3G28720
2059,AT3G28970
2060,AT3G29090
2061,AT3G29160
2062,AT3G29250
2063,AT3G29270
2064,AT3G29310
2065,AT3G29320
2066,AT3G29390
2067,AT3G29780
2068,AT3G29810
2069,AT3G30300
2070,AT3G30380
2071,AT3G32940
2072,AT3G33520
2073,AT3G42800
2074,AT3G42950
2075,AT3G43220
2076,AT3G43230
2077,AT3G43240
2078,AT3G43270
2079,AT3G43600
2080,AT3G44050
2081,AT3G44220
2082,AT3G44260
2083,AT3G44280
2084,AT3G44340
2085,AT3G44600
2086,AT3G44620
2087,AT3G44680
2088,AT3G44720
2089,AT3G44735
2090,AT3G45040
2091,AT3G45100
2092,AT3G45190
2093,AT3G45240
2094,AT3G45590
2095,AT3G45620
2096,AT3G45630
2097,AT3G45780
2098,AT3G45850
2099,AT3G46180
2100,AT3G46450
2101,AT3G46460
2102,AT3G46490
2103,AT3G46550
2104,AT3G46590
2105,AT3G46740
2106,AT3G46820
2107,AT3G46970
2108,AT3G47000
2109,AT3G47360
2110,AT3G47480
2111,AT3G47620
2112,AT3G47730
2113,AT3G47850
2114,AT3G47890
2115,AT3G47910
2116,AT3G47930
2117,AT3G47980
2118,AT3G47990
2119,AT3G48050
2120,AT3G48070
2121,AT3G48090
2122,AT3G48100
2123,AT3G48160
2124,AT3G48180
2125,AT3G48210
2126,AT3G48330
2127,AT3G48340
2128,AT3G48430
2129,AT3G48690
2130,AT3G48820
2131,AT3G48970
2132,AT3G49180
2133,AT3G49220
2134,AT3G49250
2135,AT3G49350
2136,AT3G49360
2137,AT3G49390
2138,AT3G49490
2139,AT3G49530
2140,AT3G49590
2141,AT3G49630
2142,AT3G49640
2143,AT3G49750
2144,AT3G49790
2145,AT3G49850
2146,AT3G49860
2147,AT3G49990
2148,AT3G50140
2149,AT3G50190
2150,AT3G50470
2151,AT3G50590
2152,AT3G50620
2153,AT3G50690
2154,AT3G50740
2155,AT3G50760
2156,AT3G50780
2157,AT3G50790
2158,AT3G50800
2159,AT3G50860
2160,AT3G50870
2161,AT3G50880
2162,AT3G50910
2163,AT3G50920
2164,AT3G50950
2165,AT3G50960
2166,AT3G51030
2167,AT3G51120
2168,AT3G51140
2169,AT3G51310
2170,AT3G51390
2171,AT3G51500
2172,AT3G51580
2173,AT3G51630
2174,AT3G51660
2175,AT3G51770
2176,AT3G51850
2177,AT3G51980
2178,AT3G52030
2179,AT3G52105
2180,AT3G52110
2181,AT3G52150
2182,AT3G52170
2183,AT3G52190
2184,AT3G52210
2185,AT3G52250
2186,AT3G52280
2187,AT3G52290
2188,AT3G52390
2189,AT3G52420
2190,AT3G52430
2191,AT3G52450
2192,AT3G52490
2193,AT3G52500
2194,AT3G52570
2195,AT3G52630
2196,AT3G52660
2197,AT3G52748
2198,AT3G52860
2199,AT3G52870
2200,AT3G52900
2201,AT3G52910
2202,AT3G53000
2203,AT3G53100
2204,AT3G53160
2205,AT3G53180
2206,AT3G53230
2207,AT3G53370
2208,AT3G53440
2209,AT3G53570
2210,AT3G53650
2211,AT3G53710
2212,AT3G53850
2213,AT3G53880
2214,AT3G53900
2215,AT3G54010
2216,AT3G54130
2217,AT3G54170
2218,AT3G54180
2219,AT3G54230
2220,AT3G54250
2221,AT3G54290
2222,AT3G54320
2223,AT3G54350
2224,AT3G54380
2225,AT3G54420
2226,AT3G54430
2227,AT3G54440
2228,AT3G54500
2229,AT3G54660
2230,AT3G54690
2231,AT3G54740
2232,AT3G54750
2233,AT3G54826
2234,AT3G54860
2235,AT3G54910
2236,AT3G55000
2237,AT3G55010
2238,AT3G55050
2239,AT3G55140
2240,AT3G55150
2241,AT3G55200
2242,AT3G55260
2243,AT3G55270
2244,AT3G55340
2245,AT3G55370
2246,AT3G55400
2247,AT3G55420
2248,AT3G55450
2249,AT3G55470
2250,AT3G55490
2251,AT3G55510
2252,AT3G55530
2253,AT3G55560
2254,AT3G55600
2255,AT3G55605
2256,AT3G55840
2257,AT3G55850
2258,AT3G55920
2259,AT3G55960
2260,AT3G56050
2261,AT3G56120
2262,AT3G56210
2263,AT3G56220
2264,AT3G56740
2265,AT3G56810
2266,AT3G56820
2267,AT3G56930
2268,AT3G56990
2269,AT3G57030
2270,AT3G57040
2271,AT3G57070
2272,AT3G57170
2273,AT3G57300
2274,AT3G57320
2275,AT3G57330
2276,AT3G57470
2277,AT3G57480
2278,AT3G57660
2279,AT3G57710
2280,AT3G57880
2281,AT3G57950
2282,AT3G57990
2283,AT3G58020
2284,AT3G58100
2285,AT3G58130
2286,AT3G58140
2287,AT3G58180
2288,AT3G58490
2289,AT3G58510
2290,AT3G58530
2291,AT3G58580
2292,AT3G58660
2293,AT3G58670
2294,AT3G58810
2295,AT3G59090
2296,AT3G59110
2297,AT3G59220
2298,AT3G59300
2299,AT3G59310
2300,AT3G59320
2301,AT3G59470
2302,AT3G59490
2303,AT3G59660
2304,AT3G59695
2305,AT3G59765
2306,AT3G59770
2307,AT3G59800
2308,AT3G59820
2309,AT3G59910
2310,AT3G59940
2311,AT3G59950
2312,AT3G60030
2313,AT3G60080
2314,AT3G60130
2315,AT3G60180
2316,AT3G60190
2317,AT3G60200
2318,AT3G60260
2319,AT3G60320
2320,AT3G60370
2321,AT3G60440
2322,AT3G60480
2323,AT3G60490
2324,AT3G60500
2325,AT3G60640
2326,AT3G60800
2327,AT3G60810
2328,AT3G60830
2329,AT3G60860
2330,AT3G60880
2331,AT3G61420
2332,AT3G61460
2333,AT3G61560
2334,AT3G61650
2335,AT3G61770
2336,AT3G61980
2337,AT3G61990
2338,AT3G62020
2339,AT3G62060
2340,AT3G62110
2341,AT3G62130
2342,AT3G62140
2343,AT3G62240
2344,AT3G62280
2345,AT3G62300
2346,AT3G62310
2347,AT3G62330
2348,AT3G62390
2349,AT3G62570
2350,AT3G62700
2351,AT3G62770
2352,AT3G62800
2353,AT3G62860
2354,AT3G62880
2355,AT3G62920
2356,AT3G62970
2357,AT3G63010
2358,AT3G63030
2359,AT3G63150
2360,AT3G63170
2361,AT3G63240
2362,AT3G63260
2363,AT3G63270
2364,AT3G63390
2365,AT3G63450
2366,AT3G63520
2367,AT4G00060
2368,AT4G00170
2369,AT4G00200
2370,AT4G00231
2371,AT4G00238
2372,AT4G00270
2373,AT4G00335
2374,AT4G00420
2375,AT4G00440
2376,AT4G00450
2377,AT4G00500
2378,AT4G00630
2379,AT4G00680
2380,AT4G00755
2381,AT4G00840
2382,AT4G00990
2383,AT4G01026
2384,AT4G01070
2385,AT4G01150
2386,AT4G01280
2387,AT4G01310
2388,AT4G01350
2389,AT4G01430
2390,AT4G01630
2391,AT4G01690
2392,AT4G01730
2393,AT4G01770
2394,AT4G01910
2395,AT4G01950
2396,AT4G02030
2397,AT4G02090
2398,AT4G02100
2399,AT4G02120
2400,AT4G02150
2401,AT4G02200
2402,AT4G02350
2403,AT4G02400
2404,AT4G02405
2405,AT4G02540
2406,AT4G02560
2407,AT4G02600
2408,AT4G02680
2409,AT4G02740
2410,AT4G02800
2411,AT4G02820
2412,AT4G02830
2413,AT4G02880
2414,AT4G02920
2415,AT4G02980
2416,AT4G03030
2417,AT4G03120
2418,AT4G03180
2419,AT4G03320
2420,AT4G03390
2421,AT4G03415
2422,AT4G03420
2423,AT4G03490
2424,AT4G03550
2425,AT4G04040
2426,AT4G04320
2427,AT4G04340
2428,AT4G04455
2429,AT4G04700
2430,AT4G04720
2431,AT4G04810
2432,AT4G04870
2433,AT4G04885
2434,AT4G04925
2435,AT4G05000
2436,AT4G05010
2437,AT4G05020
2438,AT4G05060
2439,AT4G05190
2440,AT4G05200
2441,AT4G05400
2442,AT4G05440
2443,AT4G05450
2444,AT4G06599
2445,AT4G06634
2446,AT4G06676
2447,AT4G06701
2448,AT4G06746
2449,AT4G07990
2450,AT4G08170
2451,AT4G08300
2452,AT4G08320
2453,AT4G08330
2454,AT4G08350
2455,AT4G08360
2456,AT4G08400
2457,AT4G08540
2458,AT4G08580
2459,AT4G08685
2460,AT4G08785
2461,AT4G08790
2462,AT4G08810
2463,AT4G08920
2464,AT4G08930
2465,AT4G09020
2466,AT4G09040
2467,AT4G09140
2468,AT4G09150
2469,AT4G09180
2470,AT4G09200
2471,AT4G09310
2472,AT4G09460
2473,AT4G09580
2474,AT4G09620
2475,AT4G09650
2476,AT4G09670
2477,AT4G09760
2478,AT4G09890
2479,AT4G10030
2480,AT4G10040
2481,AT4G10050
2482,AT4G10180
2483,AT4G10280
2484,AT4G10300
2485,AT4G10360
2486,AT4G10430
2487,AT4G10500
2488,AT4G10640
2489,AT4G10730
2490,AT4G10750
2491,AT4G10790
2492,AT4G10890
2493,AT4G10970
2494,AT4G11060
2495,AT4G11080
2496,AT4G11120
2497,AT4G11160
2498,AT4G11280
2499,AT4G11410
2500,AT4G11450
2501,AT4G11560
2502,AT4G11790
2503,AT4G11850
2504,AT4G11860
2505,AT4G12090
2506,AT4G12110
2507,AT4G12390
2508,AT4G12543
2509,AT4G12710
2510,AT4G12760
2511,AT4G12770
2512,AT4G12780
2513,AT4G13050
2514,AT4G13160
2515,AT4G13235
2516,AT4G13300
2517,AT4G13390
2518,AT4G13395
2519,AT4G13505
2520,AT4G13590
2521,AT4G13640
2522,AT4G13710
2523,AT4G13830
2524,AT4G13980
2525,AT4G14020
2526,AT4G14040
2527,AT4G14145
2528,AT4G14147
2529,AT4G14220
2530,AT4G14230
2531,AT4G14300
2532,AT4G14350
2533,AT4G14360
2534,AT4G14510
2535,AT4G14548
2536,AT4G14560
2537,AT4G14570
2538,AT4G14580
2539,AT4G14600
2540,AT4G14720
2541,AT4G14750
2542,AT4G14770
2543,AT4G14905
2544,AT4G14910
2545,AT4G14930
2546,AT4G14950
2547,AT4G14965
2548,AT4G14990
2549,AT4G15010
2550,AT4G15030
2551,AT4G15080
2552,AT4G15180
2553,AT4G15330
2554,AT4G15340
2555,AT4G15410
2556,AT4G15415
2557,AT4G15420
2558,AT4G15640
2559,AT4G15800
2560,AT4G15830
2561,AT4G15880
2562,AT4G15920
2563,AT4G16140
2564,AT4G16155
2565,AT4G16265
2566,AT4G16420
2567,AT4G16430
2568,AT4G16444
2569,AT4G16447
2570,AT4G16480
2571,AT4G16490
2572,AT4G16510
2573,AT4G16563
2574,AT4G16650
2575,AT4G16800
2576,AT4G16845
2577,AT4G17010
2578,AT4G17070
2579,AT4G17085
2580,AT4G17140
2581,AT4G17150
2582,AT4G17230
2583,AT4G17260
2584,AT4G17280
2585,AT4G17310
2586,AT4G17410
2587,AT4G17560
2588,AT4G17620
2589,AT4G17650
2590,AT4G17830
2591,AT4G17840
2592,AT4G18140
2593,AT4G18160
2594,AT4G18230
2595,AT4G18260
2596,AT4G18280
2597,AT4G18400
2598,AT4G18430
2599,AT4G18440
2600,AT4G18580
2601,AT4G18593
2602,AT4G18600
2603,AT4G18760
2604,AT4G18780
2605,AT4G18800
2606,AT4G18890
2607,AT4G18905
2608,AT4G18910
2609,AT4G18950
2610,AT4G19040
2611,AT4G19045
2612,AT4G19120
2613,AT4G19140
2614,AT4G19180
2615,AT4G19190
2616,AT4G19350
2617,AT4G19390
2618,AT4G19540
2619,AT4G19660
2620,AT4G19670
2621,AT4G19710
2622,AT4G20000
2623,AT4G20070
2624,AT4G20110
2625,AT4G20170
2626,AT4G20270
2627,AT4G20280
2628,AT4G20300
2629,AT4G20320
2630,AT4G20325
2631,AT4G20460
2632,AT4G20780
2633,AT4G20860
2634,AT4G21090
2635,AT4G21140
2636,AT4G21160
2637,AT4G21215
2638,AT4G21410
2639,AT4G21460
2640,AT4G21470
2641,AT4G21510
2642,AT4G21540
2643,AT4G21610
2644,AT4G21720
2645,AT4G21770
2646,AT4G21800
2647,AT4G22120
2648,AT4G22230
2649,AT4G22240
2650,AT4G22285
2651,AT4G22305
2652,AT4G22320
2653,AT4G22340
2654,AT4G22460
2655,AT4G22540
2656,AT4G22550
2657,AT4G22720
2658,AT4G22740
2659,AT4G22756
2660,AT4G23050
2661,AT4G23270
2662,AT4G23410
2663,AT4G23460
2664,AT4G23570
2665,AT4G23640
2666,AT4G23740
2667,AT4G23790
2668,AT4G23810
2669,AT4G23840
2670,AT4G23860
2671,AT4G23895
2672,AT4G24026
2673,AT4G24100
2674,AT4G24180
2675,AT4G24230
2676,AT4G24240
2677,AT4G24370
2678,AT4G24390
2679,AT4G24490
2680,AT4G24500
2681,AT4G24560
2682,AT4G24630
2683,AT4G24680
2684,AT4G24750
2685,AT4G24940
2686,AT4G25050
2687,AT4G25080
2688,AT4G25310
2689,AT4G25315
2690,AT4G25320
2691,AT4G25360
2692,AT4G25400
2693,AT4G25560
2694,AT4G26100
2695,AT4G26160
2696,AT4G26220
2697,AT4G26400
2698,AT4G26430
2699,AT4G26450
2700,AT4G26470
2701,AT4G26640
2702,AT4G26660
2703,AT4G26750
2704,AT4G26780
2705,AT4G26850
2706,AT4G26900
2707,AT4G27020
2708,AT4G27040
2709,AT4G27060
2710,AT4G27180
2711,AT4G27350
2712,AT4G27400
2713,AT4G27410
2714,AT4G27540
2715,AT4G27610
2716,AT4G27650
2717,AT4G27680
2718,AT4G27690
2719,AT4G27730
2720,AT4G27740
2721,AT4G27800
2722,AT4G27830
2723,AT4G27950
2724,AT4G28030
2725,AT4G28085
2726,AT4G28100
2727,AT4G28180
2728,AT4G28220
2729,AT4G28250
2730,AT4G28310
2731,AT4G28400
2732,AT4G28440
2733,AT4G28470
2734,AT4G28650
2735,AT4G28706
2736,AT4G28710
2737,AT4G28720
2738,AT4G28730
2739,AT4G28760
2740,AT4G28820
2741,AT4G28980
2742,AT4G28990
2743,AT4G29220
2744,AT4G29360
2745,AT4G29490
2746,AT4G29670
2747,AT4G29690
2748,AT4G29790
2749,AT4G29940
2750,AT4G29950
2751,AT4G30020
2752,AT4G30140
2753,AT4G30210
2754,AT4G30240
2755,AT4G30270
2756,AT4G30310
2757,AT4G30390
2758,AT4G30500
2759,AT4G30580
2760,AT4G30620
2761,AT4G30662
2762,AT4G30690
2763,AT4G30780
2764,AT4G30790
2765,AT4G30820
2766,AT4G30840
2767,AT4G30860
2768,AT4G30900
2769,AT4G30980
2770,AT4G30990
2771,AT4G31040
2772,AT4G31100
2773,AT4G31110
2774,AT4G31150
2775,AT4G31200
2776,AT4G31320
2777,AT4G31350
2778,AT4G31360
2779,AT4G31410
2780,AT4G31510
2781,AT4G31530
2782,AT4G31570
2783,AT4G31730
2784,AT4G31750
2785,AT4G31800
2786,AT4G31890
2787,AT4G31920
2788,AT4G32040
2789,AT4G32160
2790,AT4G32180
2791,AT4G32270
2792,AT4G32560
2793,AT4G32570
2794,AT4G32590
2795,AT4G32600
2796,AT4G32620
2797,AT4G32640
2798,AT4G32660
2799,AT4G32690
2800,AT4G32840
2801,AT4G32860
2802,AT4G32880
2803,AT4G32960
2804,AT4G33030
2805,AT4G33070
2806,AT4G33100
2807,AT4G33130
2808,AT4G33140
2809,AT4G33210
2810,AT4G33240
2811,AT4G33400
2812,AT4G33510
2813,AT4G33520
2814,AT4G33530
2815,AT4G33670
2816,AT4G33690
2817,AT4G33700
2818,AT4G33800
2819,AT4G33920
2820,AT4G33940
2821,AT4G33980
2822,AT4G33985
2823,AT4G34100
2824,AT4G34120
2825,AT4G34290
2826,AT4G34360
2827,AT4G34370
2828,AT4G34410
2829,AT4G34430
2830,AT4G34540
2831,AT4G34560
2832,AT4G34570
2833,AT4G34630
2834,AT4G34840
2835,AT4G34860
2836,AT4G34890
2837,AT4G34910
2838,AT4G34920
2839,AT4G34980
2840,AT4G35050
2841,AT4G35300
2842,AT4G35335
2843,AT4G35360
2844,AT4G35390
2845,AT4G35460
2846,AT4G35470
2847,AT4G35530
2848,AT4G35580
2849,AT4G35600
2850,AT4G35620
2851,AT4G35760
2852,AT4G35905
2853,AT4G35910
2854,AT4G35930
2855,AT4G35940
2856,AT4G35950
2857,AT4G36020
2858,AT4G36390
2859,AT4G36400
2860,AT4G36480
2861,AT4G36650
2862,AT4G36670
2863,AT4G36680
2864,AT4G36790
2865,AT4G36808
2866,AT4G36810
2867,AT4G36860
2868,AT4G36900
2869,AT4G36910
2870,AT4G36920
2871,AT4G36940
2872,AT4G36960
2873,AT4G37020
2874,AT4G37080
2875,AT4G37130
2876,AT4G37160
2877,AT4G37180
2878,AT4G37210
2879,AT4G37330
2880,AT4G37440
2881,AT4G37460
2882,AT4G37530
2883,AT4G37640
2884,AT4G37660
2885,AT4G37740
2886,AT4G37880
2887,AT4G38090
2888,AT4G38200
2889,AT4G38230
2890,AT4G38240
2891,AT4G38270
2892,AT4G38280
2893,AT4G38350
2894,AT4G38360
2895,AT4G38370
2896,AT4G38490
2897,AT4G38545
2898,AT4G38550
2899,AT4G38552
2900,AT4G38580
2901,AT4G38640
2902,AT4G38710
2903,AT4G38760
2904,AT4G38890
2905,AT4G39040
2906,AT4G39150
2907,AT4G39160
2908,AT4G39170
2909,AT4G39240
2910,AT4G39270
2911,AT4G39350
2912,AT4G39540
2913,AT4G39640
2914,AT4G39795
2915,AT4G39870
2916,AT4G40045
2917,AT4G40050
2918,AT4G40065
2919,AT4G40080
2920,AT4G40085
2921,AT5G01090
2922,AT5G01230
2923,AT5G01255
2924,AT5G01390
2925,AT5G01450
2926,AT5G01470
2927,AT5G01520
2928,AT5G01530
2929,AT5G01720
2930,AT5G01820
2931,AT5G01830
2932,AT5G01835
2933,AT5G01850
2934,AT5G01950
2935,AT5G01970
2936,AT5G01990
2937,AT5G02010
2938,AT5G02200
2939,AT5G02240
2940,AT5G02270
2941,AT5G02290
2942,AT5G02310
2943,AT5G02410
2944,AT5G02440
2945,AT5G02560
2946,AT5G02580
2947,AT5G02590
2948,AT5G02600
2949,AT5G02640
2950,AT5G02800
2951,AT5G02820
2952,AT5G02850
2953,AT5G02970
2954,AT5G03030
2955,AT5G03050
2956,AT5G03185
2957,AT5G03200
2958,AT5G03210
2959,AT5G03220
2960,AT5G03230
2961,AT5G03260
2962,AT5G03280
2963,AT5G03330
2964,AT5G03370
2965,AT5G03415
2966,AT5G03430
2967,AT5G03440
2968,AT5G03470
2969,AT5G03560
2970,AT5G03570
2971,AT5G03730
2972,AT5G03760
2973,AT5G03880
2974,AT5G03905
2975,AT5G04040
2976,AT5G04090
2977,AT5G04130
2978,AT5G04200
2979,AT5G04250
2980,AT5G04260
2981,AT5G04280
2982,AT5G04290
2983,AT5G04320
2984,AT5G04340
2985,AT5G04420
2986,AT5G04475
2987,AT5G04540
2988,AT5G04620
2989,AT5G04670
2990,AT5G04710
2991,AT5G04720
2992,AT5G04760
2993,AT5G04770
2994,AT5G04860
2995,AT5G04920
2996,AT5G04930
2997,AT5G04940
2998,AT5G04950
2999,AT5G04990
3000,AT5G05110
3001,AT5G05200
3002,AT5G05250
3003,AT5G05320
3004,AT5G05340
3005,AT5G05460
3006,AT5G05470
3007,AT5G05540
3008,AT5G05620
3009,AT5G05660
3010,AT5G05700
3011,AT5G05800
3012,AT5G05820
3013,AT5G05900
3014,AT5G05965
3015,AT5G05987
3016,AT5G05990
3017,AT5G06050
3018,AT5G06160
3019,AT5G06200
3020,AT5G06240
3021,AT5G06260
3022,AT5G06290
3023,AT5G06310
3024,AT5G06330
3025,AT5G06350
3026,AT5G06460
3027,AT5G06550
3028,AT5G06560
3029,AT5G06610
3030,AT5G06640
3031,AT5G06750
3032,AT5G06780
3033,AT5G06830
3034,AT5G06839
3035,AT5G06910
3036,AT5G06950
3037,AT5G06960
3038,AT5G06970
3039,AT5G07080
3040,AT5G07100
3041,AT5G07270
3042,AT5G07290
3043,AT5G07340
3044,AT5G07360
3045,AT5G07590
3046,AT5G07910
3047,AT5G07970
3048,AT5G08020
3049,AT5G08170
3050,AT5G08200
3051,AT5G08320
3052,AT5G08330
3053,AT5G08340
3054,AT5G08350
3055,AT5G08390
3056,AT5G08415
3057,AT5G08430
3058,AT5G08500
3059,AT5G08535
3060,AT5G08565
3061,AT5G08630
3062,AT5G08750
3063,AT5G08770
3064,AT5G08920
3065,AT5G09250
3066,AT5G09260
3067,AT5G09270
3068,AT5G09290
3069,AT5G09300
3070,AT5G09390
3071,AT5G09400
3072,AT5G09410
3073,AT5G09443
3074,AT5G09460
3075,AT5G09480
3076,AT5G09590
3077,AT5G09680
3078,AT5G09850
3079,AT5G09860
3080,AT5G09880
3081,AT5G09995
3082,AT5G10020
3083,AT5G10070
3084,AT5G10170
3085,AT5G10190
3086,AT5G10240
3087,AT5G10270
3088,AT5G10280
3089,AT5G10460
3090,AT5G10560
3091,AT5G10610
3092,AT5G10650
3093,AT5G10750
3094,AT5G10870
3095,AT5G10920
3096,AT5G10930
3097,AT5G10965
3098,AT5G11010
3099,AT5G11240
3100,AT5G11450
3101,AT5G11480
3102,AT5G11580
3103,AT5G11600
3104,AT5G11700
3105,AT5G11720
3106,AT5G11800
3107,AT5G11860
3108,AT5G11910
3109,AT5G11920
3110,AT5G11950
3111,AT5G11960
3112,AT5G12040
3113,AT5G12050
3114,AT5G12080
3115,AT5G12110
3116,AT5G12130
3117,AT5G12290
3118,AT5G12330
3119,AT5G12400
3120,AT5G13050
3121,AT5G13160
3122,AT5G13300
3123,AT5G13340
3124,AT5G13360
3125,AT5G13390
3126,AT5G13460
3127,AT5G13470
3128,AT5G13480
3129,AT5G13520
3130,AT5G13550
3131,AT5G13570
3132,AT5G13640
3133,AT5G13650
3134,AT5G13760
3135,AT5G13810
3136,AT5G13820
3137,AT5G13930
3138,AT5G13970
3139,AT5G14070
3140,AT5G14150
3141,AT5G14210
3142,AT5G14220
3143,AT5G14260
3144,AT5G14270
3145,AT5G14310
3146,AT5G14420
3147,AT5G14450
3148,AT5G14530
3149,AT5G14550
3150,AT5G14590
3151,AT5G14610
3152,AT5G14620
3153,AT5G14680
3154,AT5G14690
3155,AT5G14710
3156,AT5G14750
3157,AT5G14780
3158,AT5G14790
3159,AT5G14910
3160,AT5G14930
3161,AT5G15080
3162,AT5G15120
3163,AT5G15190
3164,AT5G15260
3165,AT5G15270
3166,AT5G15330
3167,AT5G15400
3168,AT5G15440
3169,AT5G15470
3170,AT5G15600
3171,AT5G15630
3172,AT5G15680
3173,AT5G15910
3174,AT5G15930
3175,AT5G16000
3176,AT5G16210
3177,AT5G16220
3178,AT5G16260
3179,AT5G16270
3180,AT5G16280
3181,AT5G16300
3182,AT5G16380
3183,AT5G16480
3184,AT5G16490
3185,AT5G16560
3186,AT5G16620
3187,AT5G16680
3188,AT5G16710
3189,AT5G16750
3190,AT5G16800
3191,AT5G16910
3192,AT5G17060
3193,AT5G17070
3194,AT5G17210
3195,AT5G17400
3196,AT5G17440
3197,AT5G17510
3198,AT5G17520
3199,AT5G17530
3200,AT5G17550
3201,AT5G17760
3202,AT5G17850
3203,AT5G17890
3204,AT5G17930
3205,AT5G17990
3206,AT5G18070
3207,AT5G18190
3208,AT5G18250
3209,AT5G18255
3210,AT5G18410
3211,AT5G18490
3212,AT5G18540
3213,AT5G18630
3214,AT5G18640
3215,AT5G18830
3216,AT5G18940
3217,AT5G19000
3218,AT5G19130
3219,AT5G19280
3220,AT5G19290
3221,AT5G19300
3222,AT5G19320
3223,AT5G19390
3224,AT5G19400
3225,AT5G19430
3226,AT5G19485
3227,AT5G19540
3228,AT5G19570
3229,AT5G19740
3230,AT5G19800
3231,AT5G19900
3232,AT5G19970
3233,AT5G20050
3234,AT5G20070
3235,AT5G20120
3236,AT5G20130
3237,AT5G20200
3238,AT5G20360
3239,AT5G20550
3240,AT5G20590
3241,AT5G20600
3242,AT5G20610
3243,AT5G20660
3244,AT5G20680
3245,AT5G20840
3246,AT5G20910
3247,AT5G20990
3248,AT5G21105
3249,AT5G21326
3250,AT5G21990
3251,AT5G22010
3252,AT5G22030
3253,AT5G22040
3254,AT5G22070
3255,AT5G22090
3256,AT5G22100
3257,AT5G22120
3258,AT5G22210
3259,AT5G22290
3260,AT5G22350
3261,AT5G22355
3262,AT5G22450
3263,AT5G22640
3264,AT5G22780
3265,AT5G22790
3266,AT5G22840
3267,AT5G22850
3268,AT5G22875
3269,AT5G23050
3270,AT5G23080
3271,AT5G23200
3272,AT5G23300
3273,AT5G23310
3274,AT5G23360
3275,AT5G23400
3276,AT5G23405
3277,AT5G23410
3278,AT5G23440
3279,AT5G23460
3280,AT5G23510
3281,AT5G23520
3282,AT5G23550
3283,AT5G23700
3284,AT5G23710
3285,AT5G23760
3286,AT5G23840
3287,AT5G23880
3288,AT5G23890
3289,AT5G23980
3290,AT5G24020
3291,AT5G24070
3292,AT5G24100
3293,AT5G24170
3294,AT5G24260
3295,AT5G24270
3296,AT5G24314
3297,AT5G24430
3298,AT5G24450
3299,AT5G24460
3300,AT5G24500
3301,AT5G24590
3302,AT5G24620
3303,AT5G24630
3304,AT5G24670
3305,AT5G24710
3306,AT5G24800
3307,AT5G24930
3308,AT5G25060
3309,AT5G25070
3310,AT5G25080
3311,AT5G25090
3312,AT5G25150
3313,AT5G25160
3314,AT5G25210
3315,AT5G25270
3316,AT5G25475
3317,AT5G25490
3318,AT5G25510
3319,AT5G25520
3320,AT5G25560
3321,AT5G25590
3322,AT5G25640
3323,AT5G25780
3324,AT5G26180
3325,AT5G26230
3326,AT5G26330
3327,AT5G26622
3328,AT5G26660
3329,AT5G26690
3330,AT5G26731
3331,AT5G26742
3332,AT5G26860
3333,AT5G26940
3334,AT5G26990
3335,AT5G27150
3336,AT5G27280
3337,AT5G27350
3338,AT5G27420
3339,AT5G27540
3340,AT5G27600
3341,AT5G27650
3342,AT5G27660
3343,AT5G27830
3344,AT5G27950
3345,AT5G28040
3346,AT5G28080
3347,AT5G28220
3348,AT5G28630
3349,AT5G28740
3350,AT5G28750
3351,AT5G28850
3352,AT5G28900
3353,AT5G29000
3354,AT5G30490
3355,AT5G30495
3356,AT5G32470
3357,AT5G33290
3358,AT5G33300
3359,AT5G33355
3360,AT5G35100
3361,AT5G35180
3362,AT5G35210
3363,AT5G35320
3364,AT5G35330
3365,AT5G35430
3366,AT5G35520
3367,AT5G35560
3368,AT5G35570
3369,AT5G35700
3370,AT5G35732
3371,AT5G35910
3372,AT5G36210
3373,AT5G36710
3374,AT5G36800
3375,AT5G36890
3376,AT5G36950
3377,AT5G37020
3378,AT5G37055
3379,AT5G37070
3380,AT5G37130
3381,AT5G37260
3382,AT5G37380
3383,AT5G37660
3384,AT5G37710
3385,AT5G37720
3386,AT5G37850
3387,AT5G37890
3388,AT5G37930
3389,AT5G38220
3390,AT5G38460
3391,AT5G38560
3392,AT5G38600
3393,AT5G38610
3394,AT5G38640
3395,AT5G38660
3396,AT5G38690
3397,AT5G38720
3398,AT5G38840
3399,AT5G38860
3400,AT5G38890
3401,AT5G39040
3402,AT5G39050
3403,AT5G39410
3404,AT5G39580
3405,AT5G39660
3406,AT5G39990
3407,AT5G40020
3408,AT5G40030
3409,AT5G40230
3410,AT5G40240
3411,AT5G40250
3412,AT5G40280
3413,AT5G40300
3414,AT5G40530
3415,AT5G40610
3416,AT5G40930
3417,AT5G41040
3418,AT5G41270
3419,AT5G41350
3420,AT5G41770
3421,AT5G41880
3422,AT5G41910
3423,AT5G41960
3424,AT5G42150
3425,AT5G42200
3426,AT5G42220
3427,AT5G42320
3428,AT5G42390
3429,AT5G42470
3430,AT5G42620
3431,AT5G42650
3432,AT5G42765
3433,AT5G42770
3434,AT5G42785
3435,AT5G42810
3436,AT5G42830
3437,AT5G42860
3438,AT5G42870
3439,AT5G42920
3440,AT5G42940
3441,AT5G43020
3442,AT5G43100
3443,AT5G43130
3444,AT5G43260
3445,AT5G43270
3446,AT5G43280
3447,AT5G43310
3448,AT5G43540
3449,AT5G43620
3450,AT5G43670
3451,AT5G43680
3452,AT5G43710
3453,AT5G43720
3454,AT5G43745
3455,AT5G43900
3456,AT5G43910
3457,AT5G44005
3458,AT5G44030
3459,AT5G44080
3460,AT5G44090
3461,AT5G44100
3462,AT5G44160
3463,AT5G44170
3464,AT5G44180
3465,AT5G44240
3466,AT5G44250
3467,AT5G44290
3468,AT5G44500
3469,AT5G44860
3470,AT5G44910
3471,AT5G45020
3472,AT5G45040
3473,AT5G45070
3474,AT5G45190
3475,AT5G45210
3476,AT5G45290
3477,AT5G45400
3478,AT5G45590
3479,AT5G45660
3480,AT5G45710
3481,AT5G45800
3482,AT5G45940
3483,AT5G46050
3484,AT5G46150
3485,AT5G46190
3486,AT5G46280
3487,AT5G46420
3488,AT5G46530
3489,AT5G46620
3490,AT5G46760
3491,AT5G46850
3492,AT5G47010
3493,AT5G47090
3494,AT5G47140
3495,AT5G47180
3496,AT5G47190
3497,AT5G47420
3498,AT5G47455
3499,AT5G47480
3500,AT5G47520
3501,AT5G47540
3502,AT5G47640
3503,AT5G47740
3504,AT5G47760
3505,AT5G47810
3506,AT5G47820
3507,AT5G47830
3508,AT5G47880
3509,AT5G47920
3510,AT5G48030
3511,AT5G48100
3512,AT5G48150
3513,AT5G48175
3514,AT5G48240
3515,AT5G48290
3516,AT5G48300
3517,AT5G48360
3518,AT5G48430
3519,AT5G48440
3520,AT5G48520
3521,AT5G48560
3522,AT5G48600
3523,AT5G48610
3524,AT5G48630
3525,AT5G48640
3526,AT5G48920
3527,AT5G49010
3528,AT5G49160
3529,AT5G49230
3530,AT5G49530
3531,AT5G49560
3532,AT5G49665
3533,AT5G49760
3534,AT5G49810
3535,AT5G49820
3536,AT5G49830
3537,AT5G49880
3538,AT5G49910
3539,AT5G49945
3540,AT5G49950
3541,AT5G49970
3542,AT5G49980
3543,AT5G50020
3544,AT5G50090
3545,AT5G50175
3546,AT5G50200
3547,AT5G50230
3548,AT5G50310
3549,AT5G50410
3550,AT5G50443
3551,AT5G50550
3552,AT5G50650
3553,AT5G50665
3554,AT5G50740
3555,AT5G50840
3556,AT5G51060
3557,AT5G51140
3558,AT5G51150
3559,AT5G51200
3560,AT5G51280
3561,AT5G51340
3562,AT5G51390
3563,AT5G51410
3564,AT5G51460
3565,AT5G51550
3566,AT5G51560
3567,AT5G51590
3568,AT5G51630
3569,AT5G51640
3570,AT5G51670
3571,AT5G51680
3572,AT5G51690
3573,AT5G51700
3574,AT5G51890
3575,AT5G51980
3576,AT5G52060
3577,AT5G52070
3578,AT5G52170
3579,AT5G52180
3580,AT5G52380
3581,AT5G52430
3582,AT5G52440
3583,AT5G52510
3584,AT5G52530
3585,AT5G52540
3586,AT5G52550
3587,AT5G52710
3588,AT5G52750
3589,AT5G52810
3590,AT5G52870
3591,AT5G52990
3592,AT5G53090
3593,AT5G53110
3594,AT5G53170
3595,AT5G53180
3596,AT5G53280
3597,AT5G53340
3598,AT5G53420
3599,AT5G53470
3600,AT5G53540
3601,AT5G53590
3602,AT5G53760
3603,AT5G53770
3604,AT5G53860
3605,AT5G53930
3606,AT5G53940
3607,AT5G53980
3608,AT5G53990
3609,AT5G54100
3610,AT5G54170
3611,AT5G54380
3612,AT5G54440
3613,AT5G54590
3614,AT5G54670
3615,AT5G54850
3616,AT5G54855
3617,AT5G54860
3618,AT5G54870
3619,AT5G55040
3620,AT5G55100
3621,AT5G55120
3622,AT5G55170
3623,AT5G55200
3624,AT5G55210
3625,AT5G55280
3626,AT5G55480
3627,AT5G55500
3628,AT5G55510
3629,AT5G55550
3630,AT5G55630
3631,AT5G55700
3632,AT5G55710
3633,AT5G55790
3634,AT5G55820
3635,AT5G55970
3636,AT5G55990
3637,AT5G56000
3638,AT5G56120
3639,AT5G56130
3640,AT5G56180
3641,AT5G56190
3642,AT5G56210
3643,AT5G56220
3644,AT5G56240
3645,AT5G56260
3646,AT5G56290
3647,AT5G56340
3648,AT5G56460
3649,AT5G56580
3650,AT5G56650
3651,AT5G56890
3652,AT5G56900
3653,AT5G57015
3654,AT5G57035
3655,AT5G57050
3656,AT5G57060
3657,AT5G57150
3658,AT5G57230
3659,AT5G57270
3660,AT5G57280
3661,AT5G57350
3662,AT5G57360
3663,AT5G57370
3664,AT5G57580
3665,AT5G57620
3666,AT5G57630
3667,AT5G57685
3668,AT5G57700
3669,AT5G57830
3670,AT5G57850
3671,AT5G57860
3672,AT5G57910
3673,AT5G57950
3674,AT5G58000
3675,AT5G58020
3676,AT5G58100
3677,AT5G58210
3678,AT5G58250
3679,AT5G58350
3680,AT5G58370
3681,AT5G58380
3682,AT5G58410
3683,AT5G58440
3684,AT5G58450
3685,AT5G58470
3686,AT5G58520
3687,AT5G58575
3688,AT5G58600
3689,AT5G58700
3690,AT5G58790
3691,AT5G58900
3692,AT5G58920
3693,AT5G58960
3694,AT5G58970
3695,AT5G59010
3696,AT5G59180
3697,AT5G59210
3698,AT5G59300
3699,AT5G59350
3700,AT5G59430
3701,AT5G59450
3702,AT5G59460
3703,AT5G59480
3704,AT5G59500
3705,AT5G59510
3706,AT5G59570
3707,AT5G59710
3708,AT5G59730
3709,AT5G59732
3710,AT5G59740
3711,AT5G59790
3712,AT5G59830
3713,AT5G60020
3714,AT5G60170
3715,AT5G60190
3716,AT5G60300
3717,AT5G60580
3718,AT5G60690
3719,AT5G60700
3720,AT5G60750
3721,AT5G60930
3722,AT5G60940
3723,AT5G60960
3724,AT5G61000
3725,AT5G61030
3726,AT5G61140
3727,AT5G61220
3728,AT5G61330
3729,AT5G61410
3730,AT5G61450
3731,AT5G61580
3732,AT5G61880
3733,AT5G62000
3734,AT5G62150
3735,AT5G62170
3736,AT5G62180
3737,AT5G62330
3738,AT5G62410
3739,AT5G62480
3740,AT5G62500
3741,AT5G62550
3742,AT5G62560
3743,AT5G62570
3744,AT5G62580
3745,AT5G62790
3746,AT5G62865
3747,AT5G63000
3748,AT5G63010
3749,AT5G63050
3750,AT5G63110
3751,AT5G63130
3752,AT5G63135
3753,AT5G63140
3754,AT5G63220
3755,AT5G63260
3756,AT5G63280
3757,AT5G63480
3758,AT5G63610
3759,AT5G63760
3760,AT5G63780
3761,AT5G63810
3762,AT5G63860
3763,AT5G63880
3764,AT5G63930
3765,AT5G63950
3766,AT5G63980
3767,AT5G63990
3768,AT5G64010
3769,AT5G64020
3770,AT5G64070
3771,AT5G64090
3772,AT5G64120
3773,AT5G64220
3774,AT5G64280
3775,AT5G64300
3776,AT5G64340
3777,AT5G64390
3778,AT5G64410
3779,AT5G64430
3780,AT5G64440
3781,AT5G64460
3782,AT5G64570
3783,AT5G64610
3784,AT5G64620
3785,AT5G64660
3786,AT5G64730
3787,AT5G64816
3788,AT5G64840
3789,AT5G64880
3790,AT5G64920
3791,AT5G64930
3792,AT5G64970
3793,AT5G65000
3794,AT5G65040
3795,AT5G65120
3796,AT5G65180
3797,AT5G65250
3798,AT5G65270
3799,AT5G65300
3800,AT5G65310
3801,AT5G65520
3802,AT5G65530
3803,AT5G65640
3804,AT5G65683
3805,AT5G65685
3806,AT5G65740
3807,AT5G65750
3808,AT5G65830
3809,AT5G65860
3810,AT5G65880
3811,AT5G65900
3812,AT5G65920
3813,AT5G65940
3814,AT5G66060
3815,AT5G66090
3816,AT5G66100
3817,AT5G66200
3818,AT5G66230
3819,AT5G66310
3820,AT5G66320
3821,AT5G66420
3822,AT5G66580
3823,AT5G66600
3824,AT5G66675
3825,AT5G66730
3826,AT5G66750
3827,AT5G66770
3828,AT5G66820
3829,AT5G66850
3830,AT5G66880
3831,AT5G66985
3832,AT5G67100
3833,AT5G67190
3834,AT5G67270
3835,AT5G67520
3836,AT5G67530
3837,AT5G67540
3838,AT5G67580
3839,AT5G67630
3840,ATCG00180
3841,ATCG00470
3842,ATCG00540
3843,ATCG00790
3844,ATCG00800
3845,ATCG00810
3846,ATCG00860
3847,ATCG01010
3848,ATMG00290
3849,ATMG00660
3850,ATMG01080
3851,ATMG01360
