"","WS_FLT_c1.which.mclass....7...1."
"1","AT1G01020"
"2","AT1G01070"
"3","AT1G01110"
"4","AT1G01160"
"5","AT1G01170"
"6","AT1G01210"
"7","AT1G01290"
"8","AT1G01350"
"9","AT1G01360"
"10","AT1G01470"
"11","AT1G01490"
"12","AT1G01630"
"13","AT1G01650"
"14","AT1G01820"
"15","AT1G01910"
"16","AT1G01920"
"17","AT1G01940"
"18","AT1G01960"
"19","AT1G01990"
"20","AT1G02080"
"21","AT1G02100"
"22","AT1G02120"
"23","AT1G02145"
"24","AT1G02170"
"25","AT1G02280"
"26","AT1G02305"
"27","AT1G02330"
"28","AT1G02335"
"29","AT1G02410"
"30","AT1G02560"
"31","AT1G02680"
"32","AT1G02690"
"33","AT1G02880"
"34","AT1G02920"
"35","AT1G02950"
"36","AT1G03040"
"37","AT1G03060"
"38","AT1G03080"
"39","AT1G03110"
"40","AT1G03140"
"41","AT1G03150"
"42","AT1G03280"
"43","AT1G03290"
"44","AT1G03350"
"45","AT1G03360"
"46","AT1G03410"
"47","AT1G03430"
"48","AT1G03475"
"49","AT1G03590"
"50","AT1G03610"
"51","AT1G03687"
"52","AT1G03730"
"53","AT1G03910"
"54","AT1G04030"
"55","AT1G04070"
"56","AT1G04080"
"57","AT1G04120"
"58","AT1G04210"
"59","AT1G04260"
"60","AT1G04280"
"61","AT1G04290"
"62","AT1G04300"
"63","AT1G04440"
"64","AT1G04520"
"65","AT1G04530"
"66","AT1G04537"
"67","AT1G04590"
"68","AT1G04780"
"69","AT1G04810"
"70","AT1G04910"
"71","AT1G04940"
"72","AT1G04950"
"73","AT1G04960"
"74","AT1G04980"
"75","AT1G04985"
"76","AT1G05070"
"77","AT1G05170"
"78","AT1G05180"
"79","AT1G05190"
"80","AT1G05210"
"81","AT1G05220"
"82","AT1G05250"
"83","AT1G05270"
"84","AT1G05350"
"85","AT1G05360"
"86","AT1G05380"
"87","AT1G05410"
"88","AT1G05430"
"89","AT1G05500"
"90","AT1G05560"
"91","AT1G05562"
"92","AT1G05575"
"93","AT1G05650"
"94","AT1G05660"
"95","AT1G05710"
"96","AT1G05785"
"97","AT1G05805"
"98","AT1G05810"
"99","AT1G05840"
"100","AT1G05860"
"101","AT1G05870"
"102","AT1G05890"
"103","AT1G05910"
"104","AT1G05940"
"105","AT1G05960"
"106","AT1G05970"
"107","AT1G06010"
"108","AT1G06060"
"109","AT1G06090"
"110","AT1G06130"
"111","AT1G06190"
"112","AT1G06210"
"113","AT1G06220"
"114","AT1G06230"
"115","AT1G06290"
"116","AT1G06410"
"117","AT1G06470"
"118","AT1G06475"
"119","AT1G06530"
"120","AT1G06540"
"121","AT1G06550"
"122","AT1G06570"
"123","AT1G06620"
"124","AT1G06700"
"125","AT1G06720"
"126","AT1G06850"
"127","AT1G06870"
"128","AT1G06890"
"129","AT1G06900"
"130","AT1G06930"
"131","AT1G06950"
"132","AT1G06960"
"133","AT1G07030"
"134","AT1G07040"
"135","AT1G07175"
"136","AT1G07260"
"137","AT1G07310"
"138","AT1G07373"
"139","AT1G07470"
"140","AT1G07480"
"141","AT1G07510"
"142","AT1G07530"
"143","AT1G07640"
"144","AT1G07670"
"145","AT1G07780"
"146","AT1G07840"
"147","AT1G07985"
"148","AT1G08010"
"149","AT1G08037"
"150","AT1G08125"
"151","AT1G08130"
"152","AT1G08190"
"153","AT1G08210"
"154","AT1G08220"
"155","AT1G08260"
"156","AT1G08350"
"157","AT1G08370"
"158","AT1G08410"
"159","AT1G08450"
"160","AT1G08510"
"161","AT1G08560"
"162","AT1G08570"
"163","AT1G08600"
"164","AT1G08620"
"165","AT1G08640"
"166","AT1G08657"
"167","AT1G08660"
"168","AT1G08680"
"169","AT1G08700"
"170","AT1G08770"
"171","AT1G08780"
"172","AT1G08820"
"173","AT1G08890"
"174","AT1G08930"
"175","AT1G08970"
"176","AT1G09020"
"177","AT1G09070"
"178","AT1G09090"
"179","AT1G09130"
"180","AT1G09160"
"181","AT1G09230"
"182","AT1G09250"
"183","AT1G09280"
"184","AT1G09290"
"185","AT1G09420"
"186","AT1G09520"
"187","AT1G09570"
"188","AT1G09580"
"189","AT1G09645"
"190","AT1G09750"
"191","AT1G09815"
"192","AT1G09870"
"193","AT1G09920"
"194","AT1G09927"
"195","AT1G09980"
"196","AT1G10120"
"197","AT1G10130"
"198","AT1G10140"
"199","AT1G10290"
"200","AT1G10310"
"201","AT1G10380"
"202","AT1G10390"
"203","AT1G10410"
"204","AT1G10430"
"205","AT1G10470"
"206","AT1G10490"
"207","AT1G10500"
"208","AT1G10580"
"209","AT1G10600"
"210","AT1G10690"
"211","AT1G10700"
"212","AT1G10720"
"213","AT1G10740"
"214","AT1G10750"
"215","AT1G10760"
"216","AT1G10890"
"217","AT1G10940"
"218","AT1G10990"
"219","AT1G11000"
"220","AT1G11020"
"221","AT1G11200"
"222","AT1G11240"
"223","AT1G11260"
"224","AT1G11310"
"225","AT1G11400"
"226","AT1G11430"
"227","AT1G11450"
"228","AT1G11480"
"229","AT1G11530"
"230","AT1G11592"
"231","AT1G11740"
"232","AT1G11760"
"233","AT1G11905"
"234","AT1G11930"
"235","AT1G12010"
"236","AT1G12040"
"237","AT1G12050"
"238","AT1G12120"
"239","AT1G12160"
"240","AT1G12200"
"241","AT1G12240"
"242","AT1G12340"
"243","AT1G12360"
"244","AT1G12410"
"245","AT1G12500"
"246","AT1G12580"
"247","AT1G12640"
"248","AT1G12650"
"249","AT1G12740"
"250","AT1G12760"
"251","AT1G12780"
"252","AT1G12820"
"253","AT1G12830"
"254","AT1G12845"
"255","AT1G12850"
"256","AT1G13000"
"257","AT1G13160"
"258","AT1G13195"
"259","AT1G13220"
"260","AT1G13245"
"261","AT1G13260"
"262","AT1G13300"
"263","AT1G13320"
"264","AT1G13360"
"265","AT1G13390"
"266","AT1G13450"
"267","AT1G13530"
"268","AT1G13570"
"269","AT1G13580"
"270","AT1G13690"
"271","AT1G13730"
"272","AT1G13750"
"273","AT1G13930"
"274","AT1G13950"
"275","AT1G13980"
"276","AT1G13990"
"277","AT1G14000"
"278","AT1G14060"
"279","AT1G14080"
"280","AT1G14220"
"281","AT1G14230"
"282","AT1G14300"
"283","AT1G14330"
"284","AT1G14360"
"285","AT1G14380"
"286","AT1G14410"
"287","AT1G14453"
"288","AT1G14510"
"289","AT1G14650"
"290","AT1G14685"
"291","AT1G14690"
"292","AT1G14710"
"293","AT1G14740"
"294","AT1G14860"
"295","AT1G14990"
"296","AT1G15020"
"297","AT1G15030"
"298","AT1G15110"
"299","AT1G15140"
"300","AT1G15200"
"301","AT1G15230"
"302","AT1G15240"
"303","AT1G15280"
"304","AT1G15385"
"305","AT1G15390"
"306","AT1G15440"
"307","AT1G15470"
"308","AT1G15570"
"309","AT1G15670"
"310","AT1G15740"
"311","AT1G15750"
"312","AT1G15810"
"313","AT1G15860"
"314","AT1G15880"
"315","AT1G15910"
"316","AT1G15920"
"317","AT1G15940"
"318","AT1G15960"
"319","AT1G16010"
"320","AT1G16040"
"321","AT1G16190"
"322","AT1G16210"
"323","AT1G16300"
"324","AT1G16340"
"325","AT1G16460"
"326","AT1G16520"
"327","AT1G16710"
"328","AT1G16860"
"329","AT1G16870"
"330","AT1G16900"
"331","AT1G16916"
"332","AT1G16970"
"333","AT1G17130"
"334","AT1G17210"
"335","AT1G17280"
"336","AT1G17285"
"337","AT1G17300"
"338","AT1G17350"
"339","AT1G17410"
"340","AT1G17430"
"341","AT1G17455"
"342","AT1G17490"
"343","AT1G17510"
"344","AT1G17530"
"345","AT1G17620"
"346","AT1G17690"
"347","AT1G17720"
"348","AT1G17730"
"349","AT1G17745"
"350","AT1G17970"
"351","AT1G18040"
"352","AT1G18150"
"353","AT1G18260"
"354","AT1G18270"
"355","AT1G18470"
"356","AT1G18480"
"357","AT1G18500"
"358","AT1G18580"
"359","AT1G18745"
"360","AT1G18840"
"361","AT1G18890"
"362","AT1G18980"
"363","AT1G19140"
"364","AT1G19180"
"365","AT1G19240"
"366","AT1G19300"
"367","AT1G19310"
"368","AT1G19400"
"369","AT1G19430"
"370","AT1G19440"
"371","AT1G19450"
"372","AT1G19520"
"373","AT1G19570"
"374","AT1G19580"
"375","AT1G19600"
"376","AT1G19660"
"377","AT1G19680"
"378","AT1G19730"
"379","AT1G19770"
"380","AT1G19800"
"381","AT1G19850"
"382","AT1G19880"
"383","AT1G19968"
"384","AT1G19990"
"385","AT1G20110"
"386","AT1G20140"
"387","AT1G20220"
"388","AT1G20225"
"389","AT1G20460"
"390","AT1G20540"
"391","AT1G20560"
"392","AT1G20575"
"393","AT1G20610"
"394","AT1G20620"
"395","AT1G20630"
"396","AT1G20770"
"397","AT1G20930"
"398","AT1G20970"
"399","AT1G20980"
"400","AT1G21000"
"401","AT1G21140"
"402","AT1G21380"
"403","AT1G21450"
"404","AT1G21480"
"405","AT1G21560"
"406","AT1G21660"
"407","AT1G21680"
"408","AT1G21690"
"409","AT1G21710"
"410","AT1G21880"
"411","AT1G21920"
"412","AT1G22065"
"413","AT1G22070"
"414","AT1G22140"
"415","AT1G22200"
"416","AT1G22230"
"417","AT1G22280"
"418","AT1G22330"
"419","AT1G22360"
"420","AT1G22440"
"421","AT1G22500"
"422","AT1G22510"
"423","AT1G22620"
"424","AT1G22640"
"425","AT1G22790"
"426","AT1G22800"
"427","AT1G22885"
"428","AT1G22910"
"429","AT1G22920"
"430","AT1G22930"
"431","AT1G22970"
"432","AT1G23030"
"433","AT1G23040"
"434","AT1G23080"
"435","AT1G23100"
"436","AT1G23205"
"437","AT1G23260"
"438","AT1G23310"
"439","AT1G23480"
"440","AT1G23760"
"441","AT1G23800"
"442","AT1G23850"
"443","AT1G23870"
"444","AT1G24120"
"445","AT1G24170"
"446","AT1G24190"
"447","AT1G24267"
"448","AT1G24310"
"449","AT1G24350"
"450","AT1G24450"
"451","AT1G24460"
"452","AT1G24764"
"453","AT1G25220"
"454","AT1G25280"
"455","AT1G25350"
"456","AT1G25380"
"457","AT1G25420"
"458","AT1G25500"
"459","AT1G25520"
"460","AT1G25682"
"461","AT1G26100"
"462","AT1G26270"
"463","AT1G26300"
"464","AT1G26340"
"465","AT1G26440"
"466","AT1G26450"
"467","AT1G26460"
"468","AT1G26470"
"469","AT1G26640"
"470","AT1G26660"
"471","AT1G26665"
"472","AT1G26690"
"473","AT1G26820"
"474","AT1G26830"
"475","AT1G26840"
"476","AT1G26910"
"477","AT1G26930"
"478","AT1G26940"
"479","AT1G26960"
"480","AT1G27000"
"481","AT1G27030"
"482","AT1G27050"
"483","AT1G27130"
"484","AT1G27150"
"485","AT1G27300"
"486","AT1G27320"
"487","AT1G27340"
"488","AT1G27385"
"489","AT1G27390"
"490","AT1G27440"
"491","AT1G27470"
"492","AT1G27600"
"493","AT1G27630"
"494","AT1G27695"
"495","AT1G27760"
"496","AT1G27770"
"497","AT1G27930"
"498","AT1G28060"
"499","AT1G28100"
"500","AT1G28110"
"501","AT1G28120"
"502","AT1G28130"
"503","AT1G28190"
"504","AT1G28200"
"505","AT1G28280"
"506","AT1G28310"
"507","AT1G28340"
"508","AT1G28395"
"509","AT1G28420"
"510","AT1G28490"
"511","AT1G28510"
"512","AT1G28540"
"513","AT1G28580"
"514","AT1G28680"
"515","AT1G29020"
"516","AT1G29025"
"517","AT1G29040"
"518","AT1G29050"
"519","AT1G29120"
"520","AT1G29260"
"521","AT1G29320"
"522","AT1G29330"
"523","AT1G29370"
"524","AT1G29390"
"525","AT1G29535"
"526","AT1G29785"
"527","AT1G29790"
"528","AT1G29810"
"529","AT1G29880"
"530","AT1G29890"
"531","AT1G29940"
"532","AT1G29950"
"533","AT1G29970"
"534","AT1G29980"
"535","AT1G30000"
"536","AT1G30070"
"537","AT1G30080"
"538","AT1G30110"
"539","AT1G30130"
"540","AT1G30270"
"541","AT1G30360"
"542","AT1G30400"
"543","AT1G30440"
"544","AT1G30480"
"545","AT1G30550"
"546","AT1G30590"
"547","AT1G30690"
"548","AT1G30870"
"549","AT1G30890"
"550","AT1G30900"
"551","AT1G30910"
"552","AT1G30990"
"553","AT1G31020"
"554","AT1G31160"
"555","AT1G31300"
"556","AT1G31420"
"557","AT1G31660"
"558","AT1G31730"
"559","AT1G31760"
"560","AT1G31780"
"561","AT1G31830"
"562","AT1G31935"
"563","AT1G31940"
"564","AT1G31950"
"565","AT1G32127"
"566","AT1G32130"
"567","AT1G32190"
"568","AT1G32260"
"569","AT1G32310"
"570","AT1G32370"
"571","AT1G32380"
"572","AT1G32410"
"573","AT1G32440"
"574","AT1G32490"
"575","AT1G32630"
"576","AT1G32640"
"577","AT1G32750"
"578","AT1G32990"
"579","AT1G33050"
"580","AT1G33230"
"581","AT1G33250"
"582","AT1G33265"
"583","AT1G33280"
"584","AT1G33520"
"585","AT1G33590"
"586","AT1G33680"
"587","AT1G33700"
"588","AT1G33750"
"589","AT1G33790"
"590","AT1G33980"
"591","AT1G33990"
"592","AT1G34010"
"593","AT1G34020"
"594","AT1G34110"
"595","AT1G34130"
"596","AT1G34190"
"597","AT1G34320"
"598","AT1G34350"
"599","AT1G34370"
"600","AT1G34630"
"601","AT1G34770"
"602","AT1G35620"
"603","AT1G35670"
"604","AT1G35680"
"605","AT1G36310"
"606","AT1G36380"
"607","AT1G37130"
"608","AT1G42440"
"609","AT1G42990"
"610","AT1G43580"
"611","AT1G43690"
"612","AT1G43700"
"613","AT1G43850"
"614","AT1G43860"
"615","AT1G43900"
"616","AT1G43910"
"617","AT1G44170"
"618","AT1G44180"
"619","AT1G44760"
"620","AT1G44770"
"621","AT1G44810"
"622","AT1G44835"
"623","AT1G44900"
"624","AT1G44910"
"625","AT1G45015"
"626","AT1G45050"
"627","AT1G45130"
"628","AT1G45170"
"629","AT1G45688"
"630","AT1G45976"
"631","AT1G46264"
"632","AT1G47210"
"633","AT1G47250"
"634","AT1G47290"
"635","AT1G47380"
"636","AT1G47410"
"637","AT1G47500"
"638","AT1G47530"
"639","AT1G47710"
"640","AT1G47820"
"641","AT1G47840"
"642","AT1G47960"
"643","AT1G47970"
"644","AT1G48140"
"645","AT1G48170"
"646","AT1G48200"
"647","AT1G48210"
"648","AT1G48230"
"649","AT1G48240"
"650","AT1G48315"
"651","AT1G48350"
"652","AT1G48420"
"653","AT1G48510"
"654","AT1G48610"
"655","AT1G48620"
"656","AT1G48635"
"657","AT1G48650"
"658","AT1G48790"
"659","AT1G48850"
"660","AT1G48860"
"661","AT1G48900"
"662","AT1G48950"
"663","AT1G49032"
"664","AT1G49040"
"665","AT1G49050"
"666","AT1G49400"
"667","AT1G49470"
"668","AT1G49500"
"669","AT1G49580"
"670","AT1G49590"
"671","AT1G49720"
"672","AT1G49820"
"673","AT1G49850"
"674","AT1G49950"
"675","AT1G49970"
"676","AT1G50090"
"677","AT1G50320"
"678","AT1G50420"
"679","AT1G50480"
"680","AT1G50500"
"681","AT1G50560"
"682","AT1G50570"
"683","AT1G50600"
"684","AT1G50640"
"685","AT1G50660"
"686","AT1G50710"
"687","AT1G51035"
"688","AT1G51390"
"689","AT1G51420"
"690","AT1G51570"
"691","AT1G51590"
"692","AT1G51630"
"693","AT1G51690"
"694","AT1G51710"
"695","AT1G51760"
"696","AT1G51850"
"697","AT1G51950"
"698","AT1G52140"
"699","AT1G52150"
"700","AT1G52340"
"701","AT1G52342"
"702","AT1G52360"
"703","AT1G52370"
"704","AT1G52420"
"705","AT1G52500"
"706","AT1G52540"
"707","AT1G52710"
"708","AT1G52730"
"709","AT1G52750"
"710","AT1G52980"
"711","AT1G53000"
"712","AT1G53030"
"713","AT1G53040"
"714","AT1G53180"
"715","AT1G53280"
"716","AT1G53290"
"717","AT1G53300"
"718","AT1G53310"
"719","AT1G53320"
"720","AT1G53380"
"721","AT1G53400"
"722","AT1G53500"
"723","AT1G53530"
"724","AT1G53560"
"725","AT1G53645"
"726","AT1G53680"
"727","AT1G53710"
"728","AT1G53760"
"729","AT1G53830"
"730","AT1G53840"
"731","AT1G53920"
"732","AT1G54060"
"733","AT1G54090"
"734","AT1G54115"
"735","AT1G54170"
"736","AT1G54250"
"737","AT1G54360"
"738","AT1G54370"
"739","AT1G54390"
"740","AT1G54610"
"741","AT1G54770"
"742","AT1G54830"
"743","AT1G54890"
"744","AT1G54920"
"745","AT1G54950"
"746","AT1G54990"
"747","AT1G55080"
"748","AT1G55190"
"749","AT1G55205"
"750","AT1G55340"
"751","AT1G55500"
"752","AT1G55520"
"753","AT1G55530"
"754","AT1G55535"
"755","AT1G55680"
"756","AT1G55690"
"757","AT1G55730"
"758","AT1G55805"
"759","AT1G55880"
"760","AT1G55890"
"761","AT1G55900"
"762","AT1G56010"
"763","AT1G56190"
"764","AT1G56210"
"765","AT1G56230"
"766","AT1G56300"
"767","AT1G56460"
"768","AT1G56590"
"769","AT1G56660"
"770","AT1G56680"
"771","AT1G57540"
"772","AT1G57610"
"773","AT1G57765"
"774","AT1G57860"
"775","AT1G58030"
"776","AT1G58070"
"777","AT1G58100"
"778","AT1G58180"
"779","AT1G58290"
"780","AT1G59580"
"781","AT1G59600"
"782","AT1G59710"
"783","AT1G59760"
"784","AT1G59830"
"785","AT1G60070"
"786","AT1G60080"
"787","AT1G60140"
"788","AT1G60170"
"789","AT1G60200"
"790","AT1G60640"
"791","AT1G60730"
"792","AT1G60770"
"793","AT1G60850"
"794","AT1G60860"
"795","AT1G60900"
"796","AT1G60940"
"797","AT1G60960"
"798","AT1G61010"
"799","AT1G61040"
"800","AT1G61100"
"801","AT1G61150"
"802","AT1G61590"
"803","AT1G61620"
"804","AT1G61670"
"805","AT1G61730"
"806","AT1G61740"
"807","AT1G61770"
"808","AT1G61795"
"809","AT1G61840"
"810","AT1G61870"
"811","AT1G61900"
"812","AT1G62020"
"813","AT1G62180"
"814","AT1G62290"
"815","AT1G62300"
"816","AT1G62330"
"817","AT1G62390"
"818","AT1G62422"
"819","AT1G62430"
"820","AT1G62570"
"821","AT1G62640"
"822","AT1G62660"
"823","AT1G62730"
"824","AT1G62770"
"825","AT1G62790"
"826","AT1G62820"
"827","AT1G62980"
"828","AT1G63050"
"829","AT1G63110"
"830","AT1G63120"
"831","AT1G63170"
"832","AT1G63180"
"833","AT1G63270"
"834","AT1G63290"
"835","AT1G63300"
"836","AT1G63310"
"837","AT1G63420"
"838","AT1G63470"
"839","AT1G63640"
"840","AT1G63690"
"841","AT1G63780"
"842","AT1G63800"
"843","AT1G63970"
"844","AT1G64060"
"845","AT1G64200"
"846","AT1G64350"
"847","AT1G64385"
"848","AT1G64440"
"849","AT1G64460"
"850","AT1G64550"
"851","AT1G64790"
"852","AT1G64850"
"853","AT1G64880"
"854","AT1G64900"
"855","AT1G64920"
"856","AT1G64950"
"857","AT1G64970"
"858","AT1G64990"
"859","AT1G65020"
"860","AT1G65030"
"861","AT1G65220"
"862","AT1G65260"
"863","AT1G65280"
"864","AT1G65295"
"865","AT1G65650"
"866","AT1G65660"
"867","AT1G65700"
"868","AT1G65730"
"869","AT1G65840"
"870","AT1G66070"
"871","AT1G66150"
"872","AT1G66260"
"873","AT1G66430"
"874","AT1G66530"
"875","AT1G66670"
"876","AT1G66680"
"877","AT1G66750"
"878","AT1G66760"
"879","AT1G67030"
"880","AT1G67060"
"881","AT1G67080"
"882","AT1G67120"
"883","AT1G67140"
"884","AT1G67150"
"885","AT1G67280"
"886","AT1G67320"
"887","AT1G67325"
"888","AT1G67590"
"889","AT1G67620"
"890","AT1G67680"
"891","AT1G67800"
"892","AT1G67810"
"893","AT1G67850"
"894","AT1G67950"
"895","AT1G68060"
"896","AT1G68070"
"897","AT1G68100"
"898","AT1G68130"
"899","AT1G68150"
"900","AT1G68220"
"901","AT1G68230"
"902","AT1G68370"
"903","AT1G68410"
"904","AT1G68440"
"905","AT1G68490"
"906","AT1G68660"
"907","AT1G68670"
"908","AT1G68720"
"909","AT1G68760"
"910","AT1G68810"
"911","AT1G68825"
"912","AT1G68840"
"913","AT1G68880"
"914","AT1G68990"
"915","AT1G69010"
"916","AT1G69030"
"917","AT1G69070"
"918","AT1G69220"
"919","AT1G69250"
"920","AT1G69330"
"921","AT1G69340"
"922","AT1G69390"
"923","AT1G69420"
"924","AT1G69490"
"925","AT1G69520"
"926","AT1G69587"
"927","AT1G69640"
"928","AT1G69740"
"929","AT1G69750"
"930","AT1G69840"
"931","AT1G69850"
"932","AT1G69960"
"933","AT1G69980"
"934","AT1G70090"
"935","AT1G70150"
"936","AT1G70160"
"937","AT1G70180"
"938","AT1G70210"
"939","AT1G70280"
"940","AT1G70290"
"941","AT1G70300"
"942","AT1G70330"
"943","AT1G70340"
"944","AT1G70580"
"945","AT1G70620"
"946","AT1G70670"
"947","AT1G70730"
"948","AT1G70850"
"949","AT1G70900"
"950","AT1G70940"
"951","AT1G70990"
"952","AT1G71020"
"953","AT1G71070"
"954","AT1G71080"
"955","AT1G71110"
"956","AT1G71190"
"957","AT1G71220"
"958","AT1G71270"
"959","AT1G71350"
"960","AT1G71410"
"961","AT1G71430"
"962","AT1G71695"
"963","AT1G71696"
"964","AT1G71730"
"965","AT1G71740"
"966","AT1G71790"
"967","AT1G71820"
"968","AT1G71830"
"969","AT1G71840"
"970","AT1G71865"
"971","AT1G71880"
"972","AT1G71900"
"973","AT1G71920"
"974","AT1G71940"
"975","AT1G71980"
"976","AT1G72040"
"977","AT1G72050"
"978","AT1G72090"
"979","AT1G72160"
"980","AT1G72175"
"981","AT1G72200"
"982","AT1G72310"
"983","AT1G72320"
"984","AT1G72340"
"985","AT1G72440"
"986","AT1G72480"
"987","AT1G72490"
"988","AT1G72630"
"989","AT1G72710"
"990","AT1G72740"
"991","AT1G72790"
"992","AT1G72820"
"993","AT1G72830"
"994","AT1G72840"
"995","AT1G72850"
"996","AT1G72852"
"997","AT1G72880"
"998","AT1G72900"
"999","AT1G73180"
"1000","AT1G73250"
"1001","AT1G73340"
"1002","AT1G73590"
"1003","AT1G73720"
"1004","AT1G73790"
"1005","AT1G73820"
"1006","AT1G73840"
"1007","AT1G73920"
"1008","AT1G74020"
"1009","AT1G74090"
"1010","AT1G74100"
"1011","AT1G74160"
"1012","AT1G74260"
"1013","AT1G74440"
"1014","AT1G74510"
"1015","AT1G74520"
"1016","AT1G74770"
"1017","AT1G74790"
"1018","AT1G74940"
"1019","AT1G74960"
"1020","AT1G74970"
"1021","AT1G75080"
"1022","AT1G75170"
"1023","AT1G75180"
"1024","AT1G75190"
"1025","AT1G75220"
"1026","AT1G75280"
"1027","AT1G75335"
"1028","AT1G75340"
"1029","AT1G75380"
"1030","AT1G75400"
"1031","AT1G75440"
"1032","AT1G75510"
"1033","AT1G75660"
"1034","AT1G75670"
"1035","AT1G75710"
"1036","AT1G75760"
"1037","AT1G75785"
"1038","AT1G75810"
"1039","AT1G75850"
"1040","AT1G75860"
"1041","AT1G75980"
"1042","AT1G75990"
"1043","AT1G76140"
"1044","AT1G76150"
"1045","AT1G76240"
"1046","AT1G76260"
"1047","AT1G76310"
"1048","AT1G76340"
"1049","AT1G76405"
"1050","AT1G76440"
"1051","AT1G76460"
"1052","AT1G76500"
"1053","AT1G76550"
"1054","AT1G76560"
"1055","AT1G76600"
"1056","AT1G76660"
"1057","AT1G76760"
"1058","AT1G76878"
"1059","AT1G76880"
"1060","AT1G76900"
"1061","AT1G76920"
"1062","AT1G76940"
"1063","AT1G77020"
"1064","AT1G77080"
"1065","AT1G77130"
"1066","AT1G77300"
"1067","AT1G77370"
"1068","AT1G77380"
"1069","AT1G77470"
"1070","AT1G77510"
"1071","AT1G77540"
"1072","AT1G77590"
"1073","AT1G77670"
"1074","AT1G77750"
"1075","AT1G77840"
"1076","AT1G77920"
"1077","AT1G78100"
"1078","AT1G78110"
"1079","AT1G78260"
"1080","AT1G78290"
"1081","AT1G78420"
"1082","AT1G78560"
"1083","AT1G78590"
"1084","AT1G78620"
"1085","AT1G78630"
"1086","AT1G78670"
"1087","AT1G78680"
"1088","AT1G78700"
"1089","AT1G78880"
"1090","AT1G78895"
"1091","AT1G78920"
"1092","AT1G79000"
"1093","AT1G79060"
"1094","AT1G79070"
"1095","AT1G79180"
"1096","AT1G79200"
"1097","AT1G79260"
"1098","AT1G79380"
"1099","AT1G79430"
"1100","AT1G79440"
"1101","AT1G79500"
"1102","AT1G79580"
"1103","AT1G79590"
"1104","AT1G79690"
"1105","AT1G79710"
"1106","AT1G79730"
"1107","AT1G79850"
"1108","AT1G79870"
"1109","AT1G79920"
"1110","AT1G79940"
"1111","AT1G79970"
"1112","AT1G79990"
"1113","AT1G80160"
"1114","AT1G80190"
"1115","AT1G80270"
"1116","AT1G80280"
"1117","AT1G80350"
"1118","AT1G80360"
"1119","AT1G80370"
"1120","AT1G80420"
"1121","AT1G80460"
"1122","AT1G80490"
"1123","AT1G80530"
"1124","AT1G80560"
"1125","AT1G80600"
"1126","AT1G80610"
"1127","AT1G80620"
"1128","AT1G80670"
"1129","AT1G80680"
"1130","AT1G80690"
"1131","AT1G80720"
"1132","AT1G80790"
"1133","AT1G80910"
"1134","AT1G80940"
"1135","AT1G80950"
"1136","AT2G01008"
"1137","AT2G01010"
"1138","AT2G01020"
"1139","AT2G01070"
"1140","AT2G01090"
"1141","AT2G01170"
"1142","AT2G01180"
"1143","AT2G01190"
"1144","AT2G01220"
"1145","AT2G01270"
"1146","AT2G01350"
"1147","AT2G01410"
"1148","AT2G01420"
"1149","AT2G01505"
"1150","AT2G01540"
"1151","AT2G01570"
"1152","AT2G01600"
"1153","AT2G01630"
"1154","AT2G01640"
"1155","AT2G01670"
"1156","AT2G01690"
"1157","AT2G01710"
"1158","AT2G01735"
"1159","AT2G01850"
"1160","AT2G01910"
"1161","AT2G02040"
"1162","AT2G02180"
"1163","AT2G02370"
"1164","AT2G02470"
"1165","AT2G02480"
"1166","AT2G02570"
"1167","AT2G02680"
"1168","AT2G02710"
"1169","AT2G02740"
"1170","AT2G02800"
"1171","AT2G02810"
"1172","AT2G02820"
"1173","AT2G02870"
"1174","AT2G02960"
"1175","AT2G03150"
"1176","AT2G03220"
"1177","AT2G03240"
"1178","AT2G03350"
"1179","AT2G03440"
"1180","AT2G03470"
"1181","AT2G03500"
"1182","AT2G03640"
"1183","AT2G03690"
"1184","AT2G03760"
"1185","AT2G03780"
"1186","AT2G03830"
"1187","AT2G03890"
"1188","AT2G04025"
"1189","AT2G04030"
"1190","AT2G04100"
"1191","AT2G04240"
"1192","AT2G04280"
"1193","AT2G04305"
"1194","AT2G04360"
"1195","AT2G04550"
"1196","AT2G04650"
"1197","AT2G04700"
"1198","AT2G04755"
"1199","AT2G04845"
"1200","AT2G04850"
"1201","AT2G04940"
"1202","AT2G05230"
"1203","AT2G05590"
"1204","AT2G05630"
"1205","AT2G05755"
"1206","AT2G05830"
"1207","AT2G05920"
"1208","AT2G06010"
"1209","AT2G06050"
"1210","AT2G06255"
"1211","AT2G06530"
"1212","AT2G06925"
"1213","AT2G06990"
"1214","AT2G07050"
"1215","AT2G07175"
"1216","AT2G07360"
"1217","AT2G07690"
"1218","AT2G07696"
"1219","AT2G07715"
"1220","AT2G07725"
"1221","AT2G08000"
"1222","AT2G08340"
"1223","AT2G09225"
"1224","AT2G09785"
"1225","AT2G11890"
"1226","AT2G12400"
"1227","AT2G12646"
"1228","AT2G13560"
"1229","AT2G14045"
"1230","AT2G14100"
"1231","AT2G14120"
"1232","AT2G14170"
"1233","AT2G14260"
"1234","AT2G14720"
"1235","AT2G14750"
"1236","AT2G14820"
"1237","AT2G14825"
"1238","AT2G15000"
"1239","AT2G15270"
"1240","AT2G15280"
"1241","AT2G15290"
"1242","AT2G15320"
"1243","AT2G15430"
"1244","AT2G15480"
"1245","AT2G15620"
"1246","AT2G15790"
"1247","AT2G15830"
"1248","AT2G15860"
"1249","AT2G16280"
"1250","AT2G16365"
"1251","AT2G16370"
"1252","AT2G16460"
"1253","AT2G16485"
"1254","AT2G16500"
"1255","AT2G16530"
"1256","AT2G16570"
"1257","AT2G16595"
"1258","AT2G16640"
"1259","AT2G16710"
"1260","AT2G16780"
"1261","AT2G16800"
"1262","AT2G16860"
"1263","AT2G16950"
"1264","AT2G17080"
"1265","AT2G17120"
"1266","AT2G17130"
"1267","AT2G17190"
"1268","AT2G17200"
"1269","AT2G17230"
"1270","AT2G17240"
"1271","AT2G17250"
"1272","AT2G17265"
"1273","AT2G17280"
"1274","AT2G17290"
"1275","AT2G17320"
"1276","AT2G17340"
"1277","AT2G17370"
"1278","AT2G17450"
"1279","AT2G17500"
"1280","AT2G17510"
"1281","AT2G17530"
"1282","AT2G17630"
"1283","AT2G17790"
"1284","AT2G17800"
"1285","AT2G17980"
"1286","AT2G17990"
"1287","AT2G18030"
"1288","AT2G18050"
"1289","AT2G18090"
"1290","AT2G18196"
"1291","AT2G18220"
"1292","AT2G18230"
"1293","AT2G18280"
"1294","AT2G18290"
"1295","AT2G18380"
"1296","AT2G18410"
"1297","AT2G18510"
"1298","AT2G18630"
"1299","AT2G18670"
"1300","AT2G18690"
"1301","AT2G18710"
"1302","AT2G18730"
"1303","AT2G18735"
"1304","AT2G18750"
"1305","AT2G18840"
"1306","AT2G18900"
"1307","AT2G18910"
"1308","AT2G18990"
"1309","AT2G19110"
"1310","AT2G19160"
"1311","AT2G19180"
"1312","AT2G19270"
"1313","AT2G19340"
"1314","AT2G19350"
"1315","AT2G19385"
"1316","AT2G19430"
"1317","AT2G19460"
"1318","AT2G19470"
"1319","AT2G19560"
"1320","AT2G19570"
"1321","AT2G19572"
"1322","AT2G19600"
"1323","AT2G19640"
"1324","AT2G19670"
"1325","AT2G19680"
"1326","AT2G19720"
"1327","AT2G19810"
"1328","AT2G19880"
"1329","AT2G19940"
"1330","AT2G19950"
"1331","AT2G20280"
"1332","AT2G20330"
"1333","AT2G20370"
"1334","AT2G20390"
"1335","AT2G20562"
"1336","AT2G20580"
"1337","AT2G20610"
"1338","AT2G20670"
"1339","AT2G20740"
"1340","AT2G20780"
"1341","AT2G20790"
"1342","AT2G20810"
"1343","AT2G20830"
"1344","AT2G20840"
"1345","AT2G20860"
"1346","AT2G20890"
"1347","AT2G20900"
"1348","AT2G20920"
"1349","AT2G20940"
"1350","AT2G21120"
"1351","AT2G21150"
"1352","AT2G21187"
"1353","AT2G21195"
"1354","AT2G21240"
"1355","AT2G21270"
"1356","AT2G21300"
"1357","AT2G21340"
"1358","AT2G21410"
"1359","AT2G21440"
"1360","AT2G21520"
"1361","AT2G21790"
"1362","AT2G21880"
"1363","AT2G22000"
"1364","AT2G22120"
"1365","AT2G22125"
"1366","AT2G22250"
"1367","AT2G22300"
"1368","AT2G22330"
"1369","AT2G22370"
"1370","AT2G22400"
"1371","AT2G22420"
"1372","AT2G22430"
"1373","AT2G22450"
"1374","AT2G22475"
"1375","AT2G22480"
"1376","AT2G22490"
"1377","AT2G22540"
"1378","AT2G22630"
"1379","AT2G22660"
"1380","AT2G22720"
"1381","AT2G22840"
"1382","AT2G22870"
"1383","AT2G22900"
"1384","AT2G22970"
"1385","AT2G23030"
"1386","AT2G23050"
"1387","AT2G23080"
"1388","AT2G23320"
"1389","AT2G23420"
"1390","AT2G23620"
"1391","AT2G23790"
"1392","AT2G23820"
"1393","AT2G24040"
"1394","AT2G24060"
"1395","AT2G24100"
"1396","AT2G24170"
"1397","AT2G24180"
"1398","AT2G24280"
"1399","AT2G24290"
"1400","AT2G24300"
"1401","AT2G24310"
"1402","AT2G24400"
"1403","AT2G24420"
"1404","AT2G24490"
"1405","AT2G24500"
"1406","AT2G24590"
"1407","AT2G24640"
"1408","AT2G24790"
"1409","AT2G24830"
"1410","AT2G24945"
"1411","AT2G24980"
"1412","AT2G25080"
"1413","AT2G25170"
"1414","AT2G25180"
"1415","AT2G25250"
"1416","AT2G25260"
"1417","AT2G25430"
"1418","AT2G25480"
"1419","AT2G25650"
"1420","AT2G25660"
"1421","AT2G25710"
"1422","AT2G25730"
"1423","AT2G25790"
"1424","AT2G25870"
"1425","AT2G25880"
"1426","AT2G25950"
"1427","AT2G25980"
"1428","AT2G26020"
"1429","AT2G26060"
"1430","AT2G26110"
"1431","AT2G26140"
"1432","AT2G26170"
"1433","AT2G26190"
"1434","AT2G26210"
"1435","AT2G26230"
"1436","AT2G26260"
"1437","AT2G26280"
"1438","AT2G26355"
"1439","AT2G26460"
"1440","AT2G26510"
"1441","AT2G26590"
"1442","AT2G26600"
"1443","AT2G26640"
"1444","AT2G26650"
"1445","AT2G26660"
"1446","AT2G26670"
"1447","AT2G26680"
"1448","AT2G26690"
"1449","AT2G26700"
"1450","AT2G26830"
"1451","AT2G26970"
"1452","AT2G26980"
"1453","AT2G26990"
"1454","AT2G27000"
"1455","AT2G27040"
"1456","AT2G27050"
"1457","AT2G27080"
"1458","AT2G27100"
"1459","AT2G27130"
"1460","AT2G27140"
"1461","AT2G27170"
"1462","AT2G27190"
"1463","AT2G27260"
"1464","AT2G27350"
"1465","AT2G27370"
"1466","AT2G27400"
"1467","AT2G27470"
"1468","AT2G27550"
"1469","AT2G27580"
"1470","AT2G27590"
"1471","AT2G27600"
"1472","AT2G27740"
"1473","AT2G27900"
"1474","AT2G27970"
"1475","AT2G28060"
"1476","AT2G28070"
"1477","AT2G28080"
"1478","AT2G28160"
"1479","AT2G28200"
"1480","AT2G28230"
"1481","AT2G28310"
"1482","AT2G28315"
"1483","AT2G28330"
"1484","AT2G28370"
"1485","AT2G28380"
"1486","AT2G28390"
"1487","AT2G28400"
"1488","AT2G28410"
"1489","AT2G28430"
"1490","AT2G28510"
"1491","AT2G28520"
"1492","AT2G28600"
"1493","AT2G28620"
"1494","AT2G28660"
"1495","AT2G28670"
"1496","AT2G28671"
"1497","AT2G28720"
"1498","AT2G28800"
"1499","AT2G28810"
"1500","AT2G28890"
"1501","AT2G28900"
"1502","AT2G29050"
"1503","AT2G29125"
"1504","AT2G29140"
"1505","AT2G29210"
"1506","AT2G29340"
"1507","AT2G29440"
"1508","AT2G29560"
"1509","AT2G29750"
"1510","AT2G30000"
"1511","AT2G30060"
"1512","AT2G30105"
"1513","AT2G30110"
"1514","AT2G30130"
"1515","AT2G30140"
"1516","AT2G30160"
"1517","AT2G30210"
"1518","AT2G30230"
"1519","AT2G30340"
"1520","AT2G30395"
"1521","AT2G30440"
"1522","AT2G30500"
"1523","AT2G30530"
"1524","AT2G30590"
"1525","AT2G30700"
"1526","AT2G30710"
"1527","AT2G30880"
"1528","AT2G30920"
"1529","AT2G31060"
"1530","AT2G31140"
"1531","AT2G31200"
"1532","AT2G31305"
"1533","AT2G31350"
"1534","AT2G31370"
"1535","AT2G31400"
"1536","AT2G31440"
"1537","AT2G31570"
"1538","AT2G31660"
"1539","AT2G31710"
"1540","AT2G31740"
"1541","AT2G31751"
"1542","AT2G31900"
"1543","AT2G31960"
"1544","AT2G32080"
"1545","AT2G32170"
"1546","AT2G32180"
"1547","AT2G32190"
"1548","AT2G32210"
"1549","AT2G32220"
"1550","AT2G32270"
"1551","AT2G32280"
"1552","AT2G32560"
"1553","AT2G32580"
"1554","AT2G32600"
"1555","AT2G32650"
"1556","AT2G32710"
"1557","AT2G32850"
"1558","AT2G32910"
"1559","AT2G32980"
"1560","AT2G33210"
"1561","AT2G33310"
"1562","AT2G33390"
"1563","AT2G33400"
"1564","AT2G33435"
"1565","AT2G33450"
"1566","AT2G33510"
"1567","AT2G33590"
"1568","AT2G33600"
"1569","AT2G33800"
"1570","AT2G33840"
"1571","AT2G33845"
"1572","AT2G33990"
"1573","AT2G34020"
"1574","AT2G34050"
"1575","AT2G34070"
"1576","AT2G34140"
"1577","AT2G34190"
"1578","AT2G34260"
"1579","AT2G34300"
"1580","AT2G34357"
"1581","AT2G34410"
"1582","AT2G34570"
"1583","AT2G34630"
"1584","AT2G34660"
"1585","AT2G34680"
"1586","AT2G34710"
"1587","AT2G34730"
"1588","AT2G34840"
"1589","AT2G34900"
"1590","AT2G34970"
"1591","AT2G35010"
"1592","AT2G35020"
"1593","AT2G35050"
"1594","AT2G35190"
"1595","AT2G35470"
"1596","AT2G35510"
"1597","AT2G35610"
"1598","AT2G35612"
"1599","AT2G35630"
"1600","AT2G35680"
"1601","AT2G35736"
"1602","AT2G35780"
"1603","AT2G35860"
"1604","AT2G35880"
"1605","AT2G36070"
"1606","AT2G36080"
"1607","AT2G36230"
"1608","AT2G36250"
"1609","AT2G36290"
"1610","AT2G36300"
"1611","AT2G36305"
"1612","AT2G36307"
"1613","AT2G36380"
"1614","AT2G36400"
"1615","AT2G36420"
"1616","AT2G36460"
"1617","AT2G36490"
"1618","AT2G36740"
"1619","AT2G36835"
"1620","AT2G36850"
"1621","AT2G36885"
"1622","AT2G36890"
"1623","AT2G36895"
"1624","AT2G36900"
"1625","AT2G36910"
"1626","AT2G37020"
"1627","AT2G37060"
"1628","AT2G37080"
"1629","AT2G37220"
"1630","AT2G37230"
"1631","AT2G37380"
"1632","AT2G37400"
"1633","AT2G37500"
"1634","AT2G37540"
"1635","AT2G37550"
"1636","AT2G37620"
"1637","AT2G37678"
"1638","AT2G37760"
"1639","AT2G37790"
"1640","AT2G37860"
"1641","AT2G37940"
"1642","AT2G38040"
"1643","AT2G38080"
"1644","AT2G38090"
"1645","AT2G38140"
"1646","AT2G38170"
"1647","AT2G38180"
"1648","AT2G38230"
"1649","AT2G38270"
"1650","AT2G38280"
"1651","AT2G38290"
"1652","AT2G38450"
"1653","AT2G38470"
"1654","AT2G38560"
"1655","AT2G38580"
"1656","AT2G38610"
"1657","AT2G38620"
"1658","AT2G38640"
"1659","AT2G38650"
"1660","AT2G38730"
"1661","AT2G38740"
"1662","AT2G38800"
"1663","AT2G38860"
"1664","AT2G38870"
"1665","AT2G39020"
"1666","AT2G39040"
"1667","AT2G39050"
"1668","AT2G39130"
"1669","AT2G39260"
"1670","AT2G39300"
"1671","AT2G39340"
"1672","AT2G39420"
"1673","AT2G39445"
"1674","AT2G39500"
"1675","AT2G39518"
"1676","AT2G39550"
"1677","AT2G39570"
"1678","AT2G39580"
"1679","AT2G39630"
"1680","AT2G39705"
"1681","AT2G39760"
"1682","AT2G39795"
"1683","AT2G39800"
"1684","AT2G39805"
"1685","AT2G39890"
"1686","AT2G39940"
"1687","AT2G39970"
"1688","AT2G40000"
"1689","AT2G40095"
"1690","AT2G40110"
"1691","AT2G40140"
"1692","AT2G40190"
"1693","AT2G40300"
"1694","AT2G40316"
"1695","AT2G40380"
"1696","AT2G40470"
"1697","AT2G40475"
"1698","AT2G40550"
"1699","AT2G40600"
"1700","AT2G40650"
"1701","AT2G40660"
"1702","AT2G40700"
"1703","AT2G40750"
"1704","AT2G40800"
"1705","AT2G40820"
"1706","AT2G40900"
"1707","AT2G40935"
"1708","AT2G40940"
"1709","AT2G40950"
"1710","AT2G41010"
"1711","AT2G41070"
"1712","AT2G41130"
"1713","AT2G41140"
"1714","AT2G41220"
"1715","AT2G41250"
"1716","AT2G41310"
"1717","AT2G41490"
"1718","AT2G41560"
"1719","AT2G41600"
"1720","AT2G41620"
"1721","AT2G41630"
"1722","AT2G41740"
"1723","AT2G41760"
"1724","AT2G41780"
"1725","AT2G41790"
"1726","AT2G41900"
"1727","AT2G41945"
"1728","AT2G41960"
"1729","AT2G42030"
"1730","AT2G42060"
"1731","AT2G42230"
"1732","AT2G42490"
"1733","AT2G42710"
"1734","AT2G42770"
"1735","AT2G42780"
"1736","AT2G42790"
"1737","AT2G42820"
"1738","AT2G42880"
"1739","AT2G43030"
"1740","AT2G43070"
"1741","AT2G43080"
"1742","AT2G43110"
"1743","AT2G43130"
"1744","AT2G43160"
"1745","AT2G43210"
"1746","AT2G43290"
"1747","AT2G43340"
"1748","AT2G43420"
"1749","AT2G43480"
"1750","AT2G43630"
"1751","AT2G43650"
"1752","AT2G43770"
"1753","AT2G43950"
"1754","AT2G43980"
"1755","AT2G44040"
"1756","AT2G44080"
"1757","AT2G44140"
"1758","AT2G44180"
"1759","AT2G44270"
"1760","AT2G44310"
"1761","AT2G44360"
"1762","AT2G44370"
"1763","AT2G44410"
"1764","AT2G44430"
"1765","AT2G44450"
"1766","AT2G44490"
"1767","AT2G44500"
"1768","AT2G44520"
"1769","AT2G44530"
"1770","AT2G44650"
"1771","AT2G44660"
"1772","AT2G44680"
"1773","AT2G44740"
"1774","AT2G44770"
"1775","AT2G44820"
"1776","AT2G44970"
"1777","AT2G45000"
"1778","AT2G45010"
"1779","AT2G45030"
"1780","AT2G45060"
"1781","AT2G45160"
"1782","AT2G45210"
"1783","AT2G45220"
"1784","AT2G45240"
"1785","AT2G45250"
"1786","AT2G45290"
"1787","AT2G45300"
"1788","AT2G45330"
"1789","AT2G45380"
"1790","AT2G45400"
"1791","AT2G45440"
"1792","AT2G45510"
"1793","AT2G45520"
"1794","AT2G45540"
"1795","AT2G45660"
"1796","AT2G45670"
"1797","AT2G45695"
"1798","AT2G45730"
"1799","AT2G45810"
"1800","AT2G45920"
"1801","AT2G45980"
"1802","AT2G45990"
"1803","AT2G46000"
"1804","AT2G46020"
"1805","AT2G46030"
"1806","AT2G46080"
"1807","AT2G46225"
"1808","AT2G46260"
"1809","AT2G46470"
"1810","AT2G46500"
"1811","AT2G46550"
"1812","AT2G46600"
"1813","AT2G46630"
"1814","AT2G46710"
"1815","AT2G46740"
"1816","AT2G46890"
"1817","AT2G46930"
"1818","AT2G47020"
"1819","AT2G47060"
"1820","AT2G47070"
"1821","AT2G47130"
"1822","AT2G47210"
"1823","AT2G47250"
"1824","AT2G47270"
"1825","AT2G47360"
"1826","AT2G47390"
"1827","AT2G47400"
"1828","AT2G47440"
"1829","AT2G47485"
"1830","AT2G47500"
"1831","AT2G47540"
"1832","AT2G47600"
"1833","AT2G47620"
"1834","AT2G47700"
"1835","AT2G47710"
"1836","AT2G47760"
"1837","AT2G47790"
"1838","AT2G47840"
"1839","AT2G47900"
"1840","AT2G47970"
"1841","AT2G47980"
"1842","AT2G48130"
"1843","AT2G48160"
"1844","AT3G01050"
"1845","AT3G01090"
"1846","AT3G01150"
"1847","AT3G01160"
"1848","AT3G01205"
"1849","AT3G01220"
"1850","AT3G01260"
"1851","AT3G01310"
"1852","AT3G01360"
"1853","AT3G01435"
"1854","AT3G01520"
"1855","AT3G01560"
"1856","AT3G01640"
"1857","AT3G01770"
"1858","AT3G01780"
"1859","AT3G01820"
"1860","AT3G01850"
"1861","AT3G01950"
"1862","AT3G01960"
"1863","AT3G01995"
"1864","AT3G02030"
"1865","AT3G02040"
"1866","AT3G02120"
"1867","AT3G02170"
"1868","AT3G02300"
"1869","AT3G02350"
"1870","AT3G02420"
"1871","AT3G02540"
"1872","AT3G02550"
"1873","AT3G02570"
"1874","AT3G02600"
"1875","AT3G02630"
"1876","AT3G02650"
"1877","AT3G02700"
"1878","AT3G02740"
"1879","AT3G02820"
"1880","AT3G02870"
"1881","AT3G02880"
"1882","AT3G02910"
"1883","AT3G02920"
"1884","AT3G02935"
"1885","AT3G02950"
"1886","AT3G03010"
"1887","AT3G03050"
"1888","AT3G03130"
"1889","AT3G03220"
"1890","AT3G03320"
"1891","AT3G03330"
"1892","AT3G03340"
"1893","AT3G03380"
"1894","AT3G03420"
"1895","AT3G03490"
"1896","AT3G03500"
"1897","AT3G03550"
"1898","AT3G03560"
"1899","AT3G03570"
"1900","AT3G03600"
"1901","AT3G03740"
"1902","AT3G03773"
"1903","AT3G03860"
"1904","AT3G03880"
"1905","AT3G03940"
"1906","AT3G03950"
"1907","AT3G03980"
"1908","AT3G04080"
"1909","AT3G04230"
"1910","AT3G04240"
"1911","AT3G04350"
"1912","AT3G04470"
"1913","AT3G04500"
"1914","AT3G04520"
"1915","AT3G04560"
"1916","AT3G04600"
"1917","AT3G04615"
"1918","AT3G04680"
"1919","AT3G04710"
"1920","AT3G04770"
"1921","AT3G04810"
"1922","AT3G04880"
"1923","AT3G04910"
"1924","AT3G04930"
"1925","AT3G04940"
"1926","AT3G05010"
"1927","AT3G05070"
"1928","AT3G05090"
"1929","AT3G05100"
"1930","AT3G05120"
"1931","AT3G05150"
"1932","AT3G05165"
"1933","AT3G05220"
"1934","AT3G05290"
"1935","AT3G05380"
"1936","AT3G05420"
"1937","AT3G05520"
"1938","AT3G05545"
"1939","AT3G05690"
"1940","AT3G05710"
"1941","AT3G05760"
"1942","AT3G06060"
"1943","AT3G06110"
"1944","AT3G06170"
"1945","AT3G06330"
"1946","AT3G06380"
"1947","AT3G06400"
"1948","AT3G06450"
"1949","AT3G06530"
"1950","AT3G06540"
"1951","AT3G06550"
"1952","AT3G06590"
"1953","AT3G06740"
"1954","AT3G06750"
"1955","AT3G06840"
"1956","AT3G06850"
"1957","AT3G06860"
"1958","AT3G06868"
"1959","AT3G06930"
"1960","AT3G06960"
"1961","AT3G07020"
"1962","AT3G07050"
"1963","AT3G07090"
"1964","AT3G07100"
"1965","AT3G07140"
"1966","AT3G07170"
"1967","AT3G07180"
"1968","AT3G07215"
"1969","AT3G07220"
"1970","AT3G07315"
"1971","AT3G07320"
"1972","AT3G07330"
"1973","AT3G07340"
"1974","AT3G07350"
"1975","AT3G07410"
"1976","AT3G07430"
"1977","AT3G07510"
"1978","AT3G07565"
"1979","AT3G07570"
"1980","AT3G07630"
"1981","AT3G07640"
"1982","AT3G07660"
"1983","AT3G07760"
"1984","AT3G07770"
"1985","AT3G07780"
"1986","AT3G07790"
"1987","AT3G07800"
"1988","AT3G07890"
"1989","AT3G07990"
"1990","AT3G08040"
"1991","AT3G08510"
"1992","AT3G08550"
"1993","AT3G08640"
"1994","AT3G08650"
"1995","AT3G08670"
"1996","AT3G08680"
"1997","AT3G08710"
"1998","AT3G08730"
"1999","AT3G08740"
"2000","AT3G08760"
"2001","AT3G08780"
"2002","AT3G08850"
"2003","AT3G08890"
"2004","AT3G08943"
"2005","AT3G09035"
"2006","AT3G09100"
"2007","AT3G09260"
"2008","AT3G09320"
"2009","AT3G09455"
"2010","AT3G09470"
"2011","AT3G09570"
"2012","AT3G09690"
"2013","AT3G09700"
"2014","AT3G09720"
"2015","AT3G09770"
"2016","AT3G09795"
"2017","AT3G09800"
"2018","AT3G09810"
"2019","AT3G09890"
"2020","AT3G09900"
"2021","AT3G09940"
"2022","AT3G09980"
"2023","AT3G10050"
"2024","AT3G10080"
"2025","AT3G10130"
"2026","AT3G10190"
"2027","AT3G10210"
"2028","AT3G10230"
"2029","AT3G10250"
"2030","AT3G10260"
"2031","AT3G10330"
"2032","AT3G10340"
"2033","AT3G10350"
"2034","AT3G10380"
"2035","AT3G10480"
"2036","AT3G10520"
"2037","AT3G10620"
"2038","AT3G10640"
"2039","AT3G10720"
"2040","AT3G10740"
"2041","AT3G10760"
"2042","AT3G10915"
"2043","AT3G10940"
"2044","AT3G10980"
"2045","AT3G11070"
"2046","AT3G11170"
"2047","AT3G11280"
"2048","AT3G11330"
"2049","AT3G11397"
"2050","AT3G11420"
"2051","AT3G11490"
"2052","AT3G11520"
"2053","AT3G11530"
"2054","AT3G11540"
"2055","AT3G11600"
"2056","AT3G11660"
"2057","AT3G11700"
"2058","AT3G11730"
"2059","AT3G11770"
"2060","AT3G11810"
"2061","AT3G11820"
"2062","AT3G11945"
"2063","AT3G11964"
"2064","AT3G12010"
"2065","AT3G12030"
"2066","AT3G12050"
"2067","AT3G12090"
"2068","AT3G12130"
"2069","AT3G12140"
"2070","AT3G12180"
"2071","AT3G12200"
"2072","AT3G12210"
"2073","AT3G12220"
"2074","AT3G12240"
"2075","AT3G12280"
"2076","AT3G12300"
"2077","AT3G12340"
"2078","AT3G12370"
"2079","AT3G12400"
"2080","AT3G12480"
"2081","AT3G12500"
"2082","AT3G12570"
"2083","AT3G12620"
"2084","AT3G12650"
"2085","AT3G12670"
"2086","AT3G12680"
"2087","AT3G12710"
"2088","AT3G12740"
"2089","AT3G12780"
"2090","AT3G12860"
"2091","AT3G12870"
"2092","AT3G12950"
"2093","AT3G12970"
"2094","AT3G12980"
"2095","AT3G13040"
"2096","AT3G13060"
"2097","AT3G13120"
"2098","AT3G13160"
"2099","AT3G13175"
"2100","AT3G13222"
"2101","AT3G13235"
"2102","AT3G13320"
"2103","AT3G13330"
"2104","AT3G13350"
"2105","AT3G13360"
"2106","AT3G13445"
"2107","AT3G13470"
"2108","AT3G13550"
"2109","AT3G13560"
"2110","AT3G13650"
"2111","AT3G13670"
"2112","AT3G13710"
"2113","AT3G13720"
"2114","AT3G13750"
"2115","AT3G13760"
"2116","AT3G13860"
"2117","AT3G13870"
"2118","AT3G13940"
"2119","AT3G13990"
"2120","AT3G14000"
"2121","AT3G14010"
"2122","AT3G14067"
"2123","AT3G14080"
"2124","AT3G14110"
"2125","AT3G14180"
"2126","AT3G14190"
"2127","AT3G14240"
"2128","AT3G14350"
"2129","AT3G14390"
"2130","AT3G14400"
"2131","AT3G14410"
"2132","AT3G14415"
"2133","AT3G14595"
"2134","AT3G14610"
"2135","AT3G14660"
"2136","AT3G14740"
"2137","AT3G14790"
"2138","AT3G14840"
"2139","AT3G14860"
"2140","AT3G14960"
"2141","AT3G15010"
"2142","AT3G15020"
"2143","AT3G15080"
"2144","AT3G15095"
"2145","AT3G15120"
"2146","AT3G15190"
"2147","AT3G15210"
"2148","AT3G15260"
"2149","AT3G15380"
"2150","AT3G15395"
"2151","AT3G15410"
"2152","AT3G15430"
"2153","AT3G15460"
"2154","AT3G15530"
"2155","AT3G15610"
"2156","AT3G15630"
"2157","AT3G15680"
"2158","AT3G15690"
"2159","AT3G15950"
"2160","AT3G15970"
"2161","AT3G15980"
"2162","AT3G16050"
"2163","AT3G16060"
"2164","AT3G16180"
"2165","AT3G16190"
"2166","AT3G16200"
"2167","AT3G16230"
"2168","AT3G16270"
"2169","AT3G16330"
"2170","AT3G16340"
"2171","AT3G16500"
"2172","AT3G16570"
"2173","AT3G16630"
"2174","AT3G16700"
"2175","AT3G16760"
"2176","AT3G16800"
"2177","AT3G16840"
"2178","AT3G16850"
"2179","AT3G16857"
"2180","AT3G16910"
"2181","AT3G16920"
"2182","AT3G16990"
"2183","AT3G17000"
"2184","AT3G17090"
"2185","AT3G17120"
"2186","AT3G17365"
"2187","AT3G17410"
"2188","AT3G17420"
"2189","AT3G17430"
"2190","AT3G17465"
"2191","AT3G17590"
"2192","AT3G17650"
"2193","AT3G17800"
"2194","AT3G17840"
"2195","AT3G17860"
"2196","AT3G18000"
"2197","AT3G18030"
"2198","AT3G18040"
"2199","AT3G18060"
"2200","AT3G18140"
"2201","AT3G18165"
"2202","AT3G18215"
"2203","AT3G18230"
"2204","AT3G18240"
"2205","AT3G18380"
"2206","AT3G18480"
"2207","AT3G18490"
"2208","AT3G18520"
"2209","AT3G18560"
"2210","AT3G18580"
"2211","AT3G18790"
"2212","AT3G18830"
"2213","AT3G18940"
"2214","AT3G18960"
"2215","AT3G18980"
"2216","AT3G19010"
"2217","AT3G19050"
"2218","AT3G19100"
"2219","AT3G19120"
"2220","AT3G19200"
"2221","AT3G19340"
"2222","AT3G19420"
"2223","AT3G19460"
"2224","AT3G19490"
"2225","AT3G19515"
"2226","AT3G19520"
"2227","AT3G19540"
"2228","AT3G19590"
"2229","AT3G19630"
"2230","AT3G19660"
"2231","AT3G19740"
"2232","AT3G19790"
"2233","AT3G19860"
"2234","AT3G19950"
"2235","AT3G19960"
"2236","AT3G20015"
"2237","AT3G20260"
"2238","AT3G20290"
"2239","AT3G20310"
"2240","AT3G20410"
"2241","AT3G20550"
"2242","AT3G20630"
"2243","AT3G20640"
"2244","AT3G20790"
"2245","AT3G20800"
"2246","AT3G20840"
"2247","AT3G20870"
"2248","AT3G20920"
"2249","AT3G20940"
"2250","AT3G20970"
"2251","AT3G21070"
"2252","AT3G21110"
"2253","AT3G21215"
"2254","AT3G21220"
"2255","AT3G21240"
"2256","AT3G21260"
"2257","AT3G21400"
"2258","AT3G21420"
"2259","AT3G21430"
"2260","AT3G21465"
"2261","AT3G21510"
"2262","AT3G21550"
"2263","AT3G21610"
"2264","AT3G21680"
"2265","AT3G22120"
"2266","AT3G22121"
"2267","AT3G22170"
"2268","AT3G22310"
"2269","AT3G22370"
"2270","AT3G22425"
"2271","AT3G22530"
"2272","AT3G22680"
"2273","AT3G22780"
"2274","AT3G22790"
"2275","AT3G22800"
"2276","AT3G22850"
"2277","AT3G22930"
"2278","AT3G22970"
"2279","AT3G22990"
"2280","AT3G23030"
"2281","AT3G23090"
"2282","AT3G23100"
"2283","AT3G23280"
"2284","AT3G23300"
"2285","AT3G23310"
"2286","AT3G23325"
"2287","AT3G23470"
"2288","AT3G23560"
"2289","AT3G23570"
"2290","AT3G23640"
"2291","AT3G23660"
"2292","AT3G23690"
"2293","AT3G23750"
"2294","AT3G23880"
"2295","AT3G24020"
"2296","AT3G24040"
"2297","AT3G24050"
"2298","AT3G24120"
"2299","AT3G24170"
"2300","AT3G24180"
"2301","AT3G24240"
"2302","AT3G24255"
"2303","AT3G24315"
"2304","AT3G24350"
"2305","AT3G24450"
"2306","AT3G24490"
"2307","AT3G24503"
"2308","AT3G24506"
"2309","AT3G24530"
"2310","AT3G24550"
"2311","AT3G24570"
"2312","AT3G24670"
"2313","AT3G24730"
"2314","AT3G24750"
"2315","AT3G24860"
"2316","AT3G25070"
"2317","AT3G25110"
"2318","AT3G25120"
"2319","AT3G25150"
"2320","AT3G25290"
"2321","AT3G25470"
"2322","AT3G25500"
"2323","AT3G25540"
"2324","AT3G25545"
"2325","AT3G25580"
"2326","AT3G25600"
"2327","AT3G25710"
"2328","AT3G25717"
"2329","AT3G25790"
"2330","AT3G25800"
"2331","AT3G25900"
"2332","AT3G25920"
"2333","AT3G25940"
"2334","AT3G25980"
"2335","AT3G26030"
"2336","AT3G26340"
"2337","AT3G26360"
"2338","AT3G26370"
"2339","AT3G26410"
"2340","AT3G26470"
"2341","AT3G26512"
"2342","AT3G26560"
"2343","AT3G26590"
"2344","AT3G26610"
"2345","AT3G26618"
"2346","AT3G26640"
"2347","AT3G26670"
"2348","AT3G26690"
"2349","AT3G26720"
"2350","AT3G26730"
"2351","AT3G26810"
"2352","AT3G26935"
"2353","AT3G26980"
"2354","AT3G27027"
"2355","AT3G27030"
"2356","AT3G27050"
"2357","AT3G27070"
"2358","AT3G27080"
"2359","AT3G27100"
"2360","AT3G27160"
"2361","AT3G27190"
"2362","AT3G27200"
"2363","AT3G27230"
"2364","AT3G27280"
"2365","AT3G27310"
"2366","AT3G27340"
"2367","AT3G27350"
"2368","AT3G27390"
"2369","AT3G27570"
"2370","AT3G27820"
"2371","AT3G27830"
"2372","AT3G27850"
"2373","AT3G27884"
"2374","AT3G27950"
"2375","AT3G28180"
"2376","AT3G28200"
"2377","AT3G28340"
"2378","AT3G28455"
"2379","AT3G28480"
"2380","AT3G28690"
"2381","AT3G28720"
"2382","AT3G28730"
"2383","AT3G28940"
"2384","AT3G28950"
"2385","AT3G29034"
"2386","AT3G29035"
"2387","AT3G29130"
"2388","AT3G29160"
"2389","AT3G29170"
"2390","AT3G29200"
"2391","AT3G29240"
"2392","AT3G29250"
"2393","AT3G29350"
"2394","AT3G29390"
"2395","AT3G29430"
"2396","AT3G30180"
"2397","AT3G30350"
"2398","AT3G30390"
"2399","AT3G30775"
"2400","AT3G32930"
"2401","AT3G33530"
"2402","AT3G41762"
"2403","AT3G41979"
"2404","AT3G42150"
"2405","AT3G42170"
"2406","AT3G43240"
"2407","AT3G43270"
"2408","AT3G43430"
"2409","AT3G43440"
"2410","AT3G43520"
"2411","AT3G43590"
"2412","AT3G44150"
"2413","AT3G44200"
"2414","AT3G44280"
"2415","AT3G44430"
"2416","AT3G44590"
"2417","AT3G44600"
"2418","AT3G44716"
"2419","AT3G44720"
"2420","AT3G45090"
"2421","AT3G45100"
"2422","AT3G45190"
"2423","AT3G45230"
"2424","AT3G45640"
"2425","AT3G45770"
"2426","AT3G45850"
"2427","AT3G46180"
"2428","AT3G46430"
"2429","AT3G46460"
"2430","AT3G46500"
"2431","AT3G46510"
"2432","AT3G46550"
"2433","AT3G46600"
"2434","AT3G46640"
"2435","AT3G47160"
"2436","AT3G47300"
"2437","AT3G47480"
"2438","AT3G47590"
"2439","AT3G47610"
"2440","AT3G47620"
"2441","AT3G47640"
"2442","AT3G47670"
"2443","AT3G47730"
"2444","AT3G47850"
"2445","AT3G47910"
"2446","AT3G47930"
"2447","AT3G47980"
"2448","AT3G47990"
"2449","AT3G48050"
"2450","AT3G48090"
"2451","AT3G48115"
"2452","AT3G48185"
"2453","AT3G48210"
"2454","AT3G48330"
"2455","AT3G48340"
"2456","AT3G48380"
"2457","AT3G48410"
"2458","AT3G48570"
"2459","AT3G48670"
"2460","AT3G48690"
"2461","AT3G48710"
"2462","AT3G48760"
"2463","AT3G48780"
"2464","AT3G48820"
"2465","AT3G48860"
"2466","AT3G48870"
"2467","AT3G48880"
"2468","AT3G48970"
"2469","AT3G49080"
"2470","AT3G49180"
"2471","AT3G49250"
"2472","AT3G49310"
"2473","AT3G49430"
"2474","AT3G49470"
"2475","AT3G49560"
"2476","AT3G49601"
"2477","AT3G49630"
"2478","AT3G49640"
"2479","AT3G49750"
"2480","AT3G49800"
"2481","AT3G49810"
"2482","AT3G49860"
"2483","AT3G49990"
"2484","AT3G50070"
"2485","AT3G50210"
"2486","AT3G50260"
"2487","AT3G50500"
"2488","AT3G50520"
"2489","AT3G50550"
"2490","AT3G50590"
"2491","AT3G50620"
"2492","AT3G50660"
"2493","AT3G50690"
"2494","AT3G50780"
"2495","AT3G50830"
"2496","AT3G50900"
"2497","AT3G51000"
"2498","AT3G51010"
"2499","AT3G51030"
"2500","AT3G51040"
"2501","AT3G51050"
"2502","AT3G51100"
"2503","AT3G51130"
"2504","AT3G51140"
"2505","AT3G51270"
"2506","AT3G51280"
"2507","AT3G51310"
"2508","AT3G51330"
"2509","AT3G51430"
"2510","AT3G51440"
"2511","AT3G51460"
"2512","AT3G51520"
"2513","AT3G51550"
"2514","AT3G51580"
"2515","AT3G51610"
"2516","AT3G51720"
"2517","AT3G51740"
"2518","AT3G51910"
"2519","AT3G51980"
"2520","AT3G52060"
"2521","AT3G52120"
"2522","AT3G52150"
"2523","AT3G52190"
"2524","AT3G52200"
"2525","AT3G52220"
"2526","AT3G52240"
"2527","AT3G52250"
"2528","AT3G52390"
"2529","AT3G52420"
"2530","AT3G52430"
"2531","AT3G52470"
"2532","AT3G52480"
"2533","AT3G52500"
"2534","AT3G52630"
"2535","AT3G52640"
"2536","AT3G52748"
"2537","AT3G52760"
"2538","AT3G52850"
"2539","AT3G52860"
"2540","AT3G52870"
"2541","AT3G52890"
"2542","AT3G52900"
"2543","AT3G52910"
"2544","AT3G53100"
"2545","AT3G53110"
"2546","AT3G53120"
"2547","AT3G53180"
"2548","AT3G53190"
"2549","AT3G53210"
"2550","AT3G53260"
"2551","AT3G53340"
"2552","AT3G53630"
"2553","AT3G53670"
"2554","AT3G53850"
"2555","AT3G53900"
"2556","AT3G53970"
"2557","AT3G54030"
"2558","AT3G54085"
"2559","AT3G54170"
"2560","AT3G54180"
"2561","AT3G54190"
"2562","AT3G54210"
"2563","AT3G54220"
"2564","AT3G54250"
"2565","AT3G54260"
"2566","AT3G54300"
"2567","AT3G54320"
"2568","AT3G54350"
"2569","AT3G54360"
"2570","AT3G54366"
"2571","AT3G54380"
"2572","AT3G54540"
"2573","AT3G54650"
"2574","AT3G54680"
"2575","AT3G54690"
"2576","AT3G54750"
"2577","AT3G54826"
"2578","AT3G54840"
"2579","AT3G54860"
"2580","AT3G54900"
"2581","AT3G55000"
"2582","AT3G55005"
"2583","AT3G55010"
"2584","AT3G55030"
"2585","AT3G55140"
"2586","AT3G55340"
"2587","AT3G55410"
"2588","AT3G55420"
"2589","AT3G55510"
"2590","AT3G55560"
"2591","AT3G55605"
"2592","AT3G55610"
"2593","AT3G55830"
"2594","AT3G55880"
"2595","AT3G55920"
"2596","AT3G55960"
"2597","AT3G56110"
"2598","AT3G56400"
"2599","AT3G56510"
"2600","AT3G56580"
"2601","AT3G56590"
"2602","AT3G56720"
"2603","AT3G56740"
"2604","AT3G56750"
"2605","AT3G56810"
"2606","AT3G56820"
"2607","AT3G56850"
"2608","AT3G56860"
"2609","AT3G56910"
"2610","AT3G56930"
"2611","AT3G56950"
"2612","AT3G56990"
"2613","AT3G57000"
"2614","AT3G57030"
"2615","AT3G57040"
"2616","AT3G57080"
"2617","AT3G57090"
"2618","AT3G57220"
"2619","AT3G57300"
"2620","AT3G57320"
"2621","AT3G57340"
"2622","AT3G57400"
"2623","AT3G57410"
"2624","AT3G57560"
"2625","AT3G57860"
"2626","AT3G57890"
"2627","AT3G58030"
"2628","AT3G58040"
"2629","AT3G58100"
"2630","AT3G58110"
"2631","AT3G58130"
"2632","AT3G58140"
"2633","AT3G58170"
"2634","AT3G58180"
"2635","AT3G58220"
"2636","AT3G58470"
"2637","AT3G58490"
"2638","AT3G58510"
"2639","AT3G58560"
"2640","AT3G58600"
"2641","AT3G58640"
"2642","AT3G58660"
"2643","AT3G58710"
"2644","AT3G58810"
"2645","AT3G58840"
"2646","AT3G59020"
"2647","AT3G59100"
"2648","AT3G59210"
"2649","AT3G59300"
"2650","AT3G59360"
"2651","AT3G59380"
"2652","AT3G59500"
"2653","AT3G59660"
"2654","AT3G59670"
"2655","AT3G59690"
"2656","AT3G59770"
"2657","AT3G59840"
"2658","AT3G59890"
"2659","AT3G59950"
"2660","AT3G59980"
"2661","AT3G60080"
"2662","AT3G60130"
"2663","AT3G60210"
"2664","AT3G60240"
"2665","AT3G60260"
"2666","AT3G60340"
"2667","AT3G60440"
"2668","AT3G60480"
"2669","AT3G60500"
"2670","AT3G60630"
"2671","AT3G60800"
"2672","AT3G60830"
"2673","AT3G60860"
"2674","AT3G60880"
"2675","AT3G60900"
"2676","AT3G60910"
"2677","AT3G60980"
"2678","AT3G61010"
"2679","AT3G61050"
"2680","AT3G61060"
"2681","AT3G61100"
"2682","AT3G61140"
"2683","AT3G61180"
"2684","AT3G61190"
"2685","AT3G61240"
"2686","AT3G61260"
"2687","AT3G61270"
"2688","AT3G61460"
"2689","AT3G61540"
"2690","AT3G61560"
"2691","AT3G61600"
"2692","AT3G61790"
"2693","AT3G61850"
"2694","AT3G61980"
"2695","AT3G62020"
"2696","AT3G62040"
"2697","AT3G62060"
"2698","AT3G62140"
"2699","AT3G62190"
"2700","AT3G62240"
"2701","AT3G62270"
"2702","AT3G62280"
"2703","AT3G62310"
"2704","AT3G62330"
"2705","AT3G62360"
"2706","AT3G62370"
"2707","AT3G62450"
"2708","AT3G62560"
"2709","AT3G62570"
"2710","AT3G62630"
"2711","AT3G62650"
"2712","AT3G62660"
"2713","AT3G62680"
"2714","AT3G62770"
"2715","AT3G62800"
"2716","AT3G62810"
"2717","AT3G62860"
"2718","AT3G62900"
"2719","AT3G62920"
"2720","AT3G62940"
"2721","AT3G62980"
"2722","AT3G63000"
"2723","AT3G63010"
"2724","AT3G63120"
"2725","AT3G63130"
"2726","AT3G63170"
"2727","AT3G63200"
"2728","AT3G63240"
"2729","AT3G63260"
"2730","AT3G63390"
"2731","AT3G63420"
"2732","AT3G63430"
"2733","AT3G63460"
"2734","AT3G63490"
"2735","AT4G00026"
"2736","AT4G00110"
"2737","AT4G00150"
"2738","AT4G00231"
"2739","AT4G00238"
"2740","AT4G00270"
"2741","AT4G00300"
"2742","AT4G00355"
"2743","AT4G00420"
"2744","AT4G00440"
"2745","AT4G00450"
"2746","AT4G00570"
"2747","AT4G00620"
"2748","AT4G00660"
"2749","AT4G00710"
"2750","AT4G00740"
"2751","AT4G00752"
"2752","AT4G00840"
"2753","AT4G00990"
"2754","AT4G01000"
"2755","AT4G01040"
"2756","AT4G01120"
"2757","AT4G01150"
"2758","AT4G01290"
"2759","AT4G01310"
"2760","AT4G01330"
"2761","AT4G01395"
"2762","AT4G01430"
"2763","AT4G01450"
"2764","AT4G01560"
"2765","AT4G01630"
"2766","AT4G01690"
"2767","AT4G01710"
"2768","AT4G01810"
"2769","AT4G01860"
"2770","AT4G01870"
"2771","AT4G01897"
"2772","AT4G01940"
"2773","AT4G02010"
"2774","AT4G02030"
"2775","AT4G02050"
"2776","AT4G02060"
"2777","AT4G02100"
"2778","AT4G02150"
"2779","AT4G02220"
"2780","AT4G02340"
"2781","AT4G02440"
"2782","AT4G02480"
"2783","AT4G02590"
"2784","AT4G02610"
"2785","AT4G02640"
"2786","AT4G02680"
"2787","AT4G02715"
"2788","AT4G02720"
"2789","AT4G02740"
"2790","AT4G02800"
"2791","AT4G02860"
"2792","AT4G02940"
"2793","AT4G03020"
"2794","AT4G03110"
"2795","AT4G03120"
"2796","AT4G03140"
"2797","AT4G03180"
"2798","AT4G03240"
"2799","AT4G03260"
"2800","AT4G03320"
"2801","AT4G03390"
"2802","AT4G03430"
"2803","AT4G03510"
"2804","AT4G03560"
"2805","AT4G04210"
"2806","AT4G04614"
"2807","AT4G04630"
"2808","AT4G04700"
"2809","AT4G04720"
"2810","AT4G04770"
"2811","AT4G04780"
"2812","AT4G04800"
"2813","AT4G04860"
"2814","AT4G04870"
"2815","AT4G04910"
"2816","AT4G04950"
"2817","AT4G04955"
"2818","AT4G04972"
"2819","AT4G05000"
"2820","AT4G05020"
"2821","AT4G05150"
"2822","AT4G05160"
"2823","AT4G05190"
"2824","AT4G05390"
"2825","AT4G05400"
"2826","AT4G05420"
"2827","AT4G05460"
"2828","AT4G05590"
"2829","AT4G05775"
"2830","AT4G06599"
"2831","AT4G06701"
"2832","AT4G07410"
"2833","AT4G07820"
"2834","AT4G07855"
"2835","AT4G07950"
"2836","AT4G08240"
"2837","AT4G08290"
"2838","AT4G08310"
"2839","AT4G08330"
"2840","AT4G08350"
"2841","AT4G08580"
"2842","AT4G08685"
"2843","AT4G08690"
"2844","AT4G08810"
"2845","AT4G08920"
"2846","AT4G08960"
"2847","AT4G09020"
"2848","AT4G09160"
"2849","AT4G09180"
"2850","AT4G09550"
"2851","AT4G09580"
"2852","AT4G09695"
"2853","AT4G09720"
"2854","AT4G09760"
"2855","AT4G10040"
"2856","AT4G10050"
"2857","AT4G10080"
"2858","AT4G10110"
"2859","AT4G10140"
"2860","AT4G10270"
"2861","AT4G10280"
"2862","AT4G10300"
"2863","AT4G10330"
"2864","AT4G10500"
"2865","AT4G10610"
"2866","AT4G10640"
"2867","AT4G10710"
"2868","AT4G10750"
"2869","AT4G10810"
"2870","AT4G10840"
"2871","AT4G10890"
"2872","AT4G10925"
"2873","AT4G10930"
"2874","AT4G10970"
"2875","AT4G11060"
"2876","AT4G11080"
"2877","AT4G11120"
"2878","AT4G11547"
"2879","AT4G11560"
"2880","AT4G11630"
"2881","AT4G11790"
"2882","AT4G11830"
"2883","AT4G12050"
"2884","AT4G12060"
"2885","AT4G12230"
"2886","AT4G12390"
"2887","AT4G12400"
"2888","AT4G12545"
"2889","AT4G12560"
"2890","AT4G12720"
"2891","AT4G12760"
"2892","AT4G12780"
"2893","AT4G12790"
"2894","AT4G13010"
"2895","AT4G13020"
"2896","AT4G13050"
"2897","AT4G13200"
"2898","AT4G13270"
"2899","AT4G13310"
"2900","AT4G13350"
"2901","AT4G13360"
"2902","AT4G13390"
"2903","AT4G13505"
"2904","AT4G13510"
"2905","AT4G13530"
"2906","AT4G13640"
"2907","AT4G13660"
"2908","AT4G13780"
"2909","AT4G14020"
"2910","AT4G14145"
"2911","AT4G14160"
"2912","AT4G14300"
"2913","AT4G14342"
"2914","AT4G14360"
"2915","AT4G14385"
"2916","AT4G14410"
"2917","AT4G14430"
"2918","AT4G14455"
"2919","AT4G14465"
"2920","AT4G14500"
"2921","AT4G14510"
"2922","AT4G14600"
"2923","AT4G14630"
"2924","AT4G14770"
"2925","AT4G14900"
"2926","AT4G14950"
"2927","AT4G15030"
"2928","AT4G15080"
"2929","AT4G15093"
"2930","AT4G15180"
"2931","AT4G15410"
"2932","AT4G15520"
"2933","AT4G15545"
"2934","AT4G15550"
"2935","AT4G15560"
"2936","AT4G15610"
"2937","AT4G15640"
"2938","AT4G15790"
"2939","AT4G15800"
"2940","AT4G15830"
"2941","AT4G15900"
"2942","AT4G15920"
"2943","AT4G15940"
"2944","AT4G16140"
"2945","AT4G16143"
"2946","AT4G16150"
"2947","AT4G16155"
"2948","AT4G16180"
"2949","AT4G16190"
"2950","AT4G16210"
"2951","AT4G16265"
"2952","AT4G16330"
"2953","AT4G16340"
"2954","AT4G16360"
"2955","AT4G16380"
"2956","AT4G16430"
"2957","AT4G16444"
"2958","AT4G16447"
"2959","AT4G16510"
"2960","AT4G16563"
"2961","AT4G16630"
"2962","AT4G16760"
"2963","AT4G16830"
"2964","AT4G16980"
"2965","AT4G17010"
"2966","AT4G17040"
"2967","AT4G17050"
"2968","AT4G17070"
"2969","AT4G17085"
"2970","AT4G17098"
"2971","AT4G17100"
"2972","AT4G17140"
"2973","AT4G17220"
"2974","AT4G17230"
"2975","AT4G17260"
"2976","AT4G17270"
"2977","AT4G17280"
"2978","AT4G17310"
"2979","AT4G17330"
"2980","AT4G17420"
"2981","AT4G17486"
"2982","AT4G17620"
"2983","AT4G17650"
"2984","AT4G17720"
"2985","AT4G17730"
"2986","AT4G17770"
"2987","AT4G17800"
"2988","AT4G17830"
"2989","AT4G17890"
"2990","AT4G17900"
"2991","AT4G17940"
"2992","AT4G17950"
"2993","AT4G18060"
"2994","AT4G18230"
"2995","AT4G18340"
"2996","AT4G18360"
"2997","AT4G18580"
"2998","AT4G18593"
"2999","AT4G18600"
"3000","AT4G18670"
"3001","AT4G18700"
"3002","AT4G18760"
"3003","AT4G18780"
"3004","AT4G18800"
"3005","AT4G18905"
"3006","AT4G19003"
"3007","AT4G19045"
"3008","AT4G19120"
"3009","AT4G19140"
"3010","AT4G19150"
"3011","AT4G19185"
"3012","AT4G19240"
"3013","AT4G19350"
"3014","AT4G19540"
"3015","AT4G19670"
"3016","AT4G19700"
"3017","AT4G19840"
"3018","AT4G19860"
"3019","AT4G20020"
"3020","AT4G20170"
"3021","AT4G20210"
"3022","AT4G20270"
"3023","AT4G20280"
"3024","AT4G20300"
"3025","AT4G20360"
"3026","AT4G20380"
"3027","AT4G20400"
"3028","AT4G20410"
"3029","AT4G20460"
"3030","AT4G20835"
"3031","AT4G21090"
"3032","AT4G21160"
"3033","AT4G21192"
"3034","AT4G21215"
"3035","AT4G21410"
"3036","AT4G21560"
"3037","AT4G21580"
"3038","AT4G21610"
"3039","AT4G21680"
"3040","AT4G21710"
"3041","AT4G21860"
"3042","AT4G22130"
"3043","AT4G22140"
"3044","AT4G22150"
"3045","AT4G22235"
"3046","AT4G22360"
"3047","AT4G22530"
"3048","AT4G22550"
"3049","AT4G22720"
"3050","AT4G22740"
"3051","AT4G22750"
"3052","AT4G22756"
"3053","AT4G23010"
"3054","AT4G23410"
"3055","AT4G23430"
"3056","AT4G23460"
"3057","AT4G23515"
"3058","AT4G23590"
"3059","AT4G23620"
"3060","AT4G23640"
"3061","AT4G23810"
"3062","AT4G23895"
"3063","AT4G23910"
"3064","AT4G24050"
"3065","AT4G24060"
"3066","AT4G24160"
"3067","AT4G24210"
"3068","AT4G24280"
"3069","AT4G24290"
"3070","AT4G24370"
"3071","AT4G24400"
"3072","AT4G24440"
"3073","AT4G24470"
"3074","AT4G24490"
"3075","AT4G24500"
"3076","AT4G24550"
"3077","AT4G24590"
"3078","AT4G24680"
"3079","AT4G24740"
"3080","AT4G24760"
"3081","AT4G24770"
"3082","AT4G24800"
"3083","AT4G24805"
"3084","AT4G24840"
"3085","AT4G24940"
"3086","AT4G24990"
"3087","AT4G25050"
"3088","AT4G25130"
"3089","AT4G25170"
"3090","AT4G25230"
"3091","AT4G25250"
"3092","AT4G25260"
"3093","AT4G25310"
"3094","AT4G25315"
"3095","AT4G25320"
"3096","AT4G25370"
"3097","AT4G25500"
"3098","AT4G25660"
"3099","AT4G25670"
"3100","AT4G25680"
"3101","AT4G25690"
"3102","AT4G25720"
"3103","AT4G25730"
"3104","AT4G25810"
"3105","AT4G25820"
"3106","AT4G25840"
"3107","AT4G25870"
"3108","AT4G25900"
"3109","AT4G25970"
"3110","AT4G26000"
"3111","AT4G26060"
"3112","AT4G26080"
"3113","AT4G26100"
"3114","AT4G26130"
"3115","AT4G26300"
"3116","AT4G26310"
"3117","AT4G26400"
"3118","AT4G26510"
"3119","AT4G26540"
"3120","AT4G26542"
"3121","AT4G26550"
"3122","AT4G26610"
"3123","AT4G26620"
"3124","AT4G26660"
"3125","AT4G26690"
"3126","AT4G26720"
"3127","AT4G26750"
"3128","AT4G26760"
"3129","AT4G26900"
"3130","AT4G26910"
"3131","AT4G26940"
"3132","AT4G26970"
"3133","AT4G27040"
"3134","AT4G27080"
"3135","AT4G27120"
"3136","AT4G27180"
"3137","AT4G27280"
"3138","AT4G27380"
"3139","AT4G27430"
"3140","AT4G27470"
"3141","AT4G27490"
"3142","AT4G27540"
"3143","AT4G27585"
"3144","AT4G27640"
"3145","AT4G27680"
"3146","AT4G27690"
"3147","AT4G27720"
"3148","AT4G27745"
"3149","AT4G27750"
"3150","AT4G27880"
"3151","AT4G27950"
"3152","AT4G28025"
"3153","AT4G28050"
"3154","AT4G28085"
"3155","AT4G28100"
"3156","AT4G28180"
"3157","AT4G28190"
"3158","AT4G28200"
"3159","AT4G28210"
"3160","AT4G28260"
"3161","AT4G28310"
"3162","AT4G28440"
"3163","AT4G28450"
"3164","AT4G28470"
"3165","AT4G28480"
"3166","AT4G28510"
"3167","AT4G28540"
"3168","AT4G28610"
"3169","AT4G28703"
"3170","AT4G28820"
"3171","AT4G28830"
"3172","AT4G28860"
"3173","AT4G28980"
"3174","AT4G29010"
"3175","AT4G29100"
"3176","AT4G29120"
"3177","AT4G29210"
"3178","AT4G29330"
"3179","AT4G29490"
"3180","AT4G29520"
"3181","AT4G29660"
"3182","AT4G29680"
"3183","AT4G29830"
"3184","AT4G29900"
"3185","AT4G29960"
"3186","AT4G30160"
"3187","AT4G30200"
"3188","AT4G30210"
"3189","AT4G30270"
"3190","AT4G30290"
"3191","AT4G30310"
"3192","AT4G30330"
"3193","AT4G30410"
"3194","AT4G30420"
"3195","AT4G30480"
"3196","AT4G30500"
"3197","AT4G30580"
"3198","AT4G30620"
"3199","AT4G30662"
"3200","AT4G30690"
"3201","AT4G30800"
"3202","AT4G30810"
"3203","AT4G30850"
"3204","AT4G30890"
"3205","AT4G30900"
"3206","AT4G30980"
"3207","AT4G30990"
"3208","AT4G30993"
"3209","AT4G30996"
"3210","AT4G31040"
"3211","AT4G31080"
"3212","AT4G31100"
"3213","AT4G31110"
"3214","AT4G31120"
"3215","AT4G31170"
"3216","AT4G31310"
"3217","AT4G31350"
"3218","AT4G31360"
"3219","AT4G31420"
"3220","AT4G31430"
"3221","AT4G31550"
"3222","AT4G31570"
"3223","AT4G31590"
"3224","AT4G31600"
"3225","AT4G31790"
"3226","AT4G31870"
"3227","AT4G31875"
"3228","AT4G31920"
"3229","AT4G32070"
"3230","AT4G32140"
"3231","AT4G32260"
"3232","AT4G32270"
"3233","AT4G32285"
"3234","AT4G32400"
"3235","AT4G32420"
"3236","AT4G32520"
"3237","AT4G32551"
"3238","AT4G32640"
"3239","AT4G32660"
"3240","AT4G32680"
"3241","AT4G32760"
"3242","AT4G32830"
"3243","AT4G32850"
"3244","AT4G32870"
"3245","AT4G32880"
"3246","AT4G32890"
"3247","AT4G32910"
"3248","AT4G32915"
"3249","AT4G32940"
"3250","AT4G32960"
"3251","AT4G33060"
"3252","AT4G33080"
"3253","AT4G33090"
"3254","AT4G33100"
"3255","AT4G33110"
"3256","AT4G33130"
"3257","AT4G33140"
"3258","AT4G33150"
"3259","AT4G33300"
"3260","AT4G33380"
"3261","AT4G33400"
"3262","AT4G33430"
"3263","AT4G33540"
"3264","AT4G33625"
"3265","AT4G33670"
"3266","AT4G33700"
"3267","AT4G33890"
"3268","AT4G33910"
"3269","AT4G33945"
"3270","AT4G33960"
"3271","AT4G34030"
"3272","AT4G34070"
"3273","AT4G34100"
"3274","AT4G34135"
"3275","AT4G34150"
"3276","AT4G34215"
"3277","AT4G34230"
"3278","AT4G34290"
"3279","AT4G34350"
"3280","AT4G34430"
"3281","AT4G34460"
"3282","AT4G34540"
"3283","AT4G34560"
"3284","AT4G34570"
"3285","AT4G34630"
"3286","AT4G34660"
"3287","AT4G34840"
"3288","AT4G34890"
"3289","AT4G34910"
"3290","AT4G34920"
"3291","AT4G34960"
"3292","AT4G35000"
"3293","AT4G35040"
"3294","AT4G35050"
"3295","AT4G35220"
"3296","AT4G35230"
"3297","AT4G35335"
"3298","AT4G35360"
"3299","AT4G35410"
"3300","AT4G35460"
"3301","AT4G35470"
"3302","AT4G35580"
"3303","AT4G35790"
"3304","AT4G35800"
"3305","AT4G35850"
"3306","AT4G35860"
"3307","AT4G35905"
"3308","AT4G35940"
"3309","AT4G35950"
"3310","AT4G36020"
"3311","AT4G36180"
"3312","AT4G36195"
"3313","AT4G36210"
"3314","AT4G36360"
"3315","AT4G36380"
"3316","AT4G36390"
"3317","AT4G36410"
"3318","AT4G36430"
"3319","AT4G36440"
"3320","AT4G36480"
"3321","AT4G36520"
"3322","AT4G36620"
"3323","AT4G36640"
"3324","AT4G36670"
"3325","AT4G36680"
"3326","AT4G36720"
"3327","AT4G36730"
"3328","AT4G36750"
"3329","AT4G36780"
"3330","AT4G36790"
"3331","AT4G36860"
"3332","AT4G36890"
"3333","AT4G36960"
"3334","AT4G36980"
"3335","AT4G36990"
"3336","AT4G37010"
"3337","AT4G37070"
"3338","AT4G37080"
"3339","AT4G37120"
"3340","AT4G37160"
"3341","AT4G37180"
"3342","AT4G37210"
"3343","AT4G37250"
"3344","AT4G37260"
"3345","AT4G37280"
"3346","AT4G37300"
"3347","AT4G37330"
"3348","AT4G37400"
"3349","AT4G37409"
"3350","AT4G37440"
"3351","AT4G37450"
"3352","AT4G37460"
"3353","AT4G37520"
"3354","AT4G37590"
"3355","AT4G37630"
"3356","AT4G37650"
"3357","AT4G37660"
"3358","AT4G37680"
"3359","AT4G37740"
"3360","AT4G37820"
"3361","AT4G37880"
"3362","AT4G37940"
"3363","AT4G38040"
"3364","AT4G38060"
"3365","AT4G38240"
"3366","AT4G38250"
"3367","AT4G38260"
"3368","AT4G38320"
"3369","AT4G38350"
"3370","AT4G38460"
"3371","AT4G38470"
"3372","AT4G38490"
"3373","AT4G38495"
"3374","AT4G38500"
"3375","AT4G38520"
"3376","AT4G38540"
"3377","AT4G38570"
"3378","AT4G38580"
"3379","AT4G38600"
"3380","AT4G38660"
"3381","AT4G38760"
"3382","AT4G38810"
"3383","AT4G38890"
"3384","AT4G39050"
"3385","AT4G39100"
"3386","AT4G39150"
"3387","AT4G39160"
"3388","AT4G39170"
"3389","AT4G39240"
"3390","AT4G39280"
"3391","AT4G39350"
"3392","AT4G39460"
"3393","AT4G39540"
"3394","AT4G39690"
"3395","AT4G39820"
"3396","AT4G39880"
"3397","AT4G39910"
"3398","AT4G39950"
"3399","AT4G39955"
"3400","AT4G39990"
"3401","AT4G40042"
"3402","AT4G40045"
"3403","AT4G40060"
"3404","AT5G01040"
"3405","AT5G01090"
"3406","AT5G01160"
"3407","AT5G01210"
"3408","AT5G01215"
"3409","AT5G01295"
"3410","AT5G01340"
"3411","AT5G01430"
"3412","AT5G01460"
"3413","AT5G01470"
"3414","AT5G01610"
"3415","AT5G01650"
"3416","AT5G01710"
"3417","AT5G01810"
"3418","AT5G01815"
"3419","AT5G01835"
"3420","AT5G01890"
"3421","AT5G01900"
"3422","AT5G01960"
"3423","AT5G01970"
"3424","AT5G01980"
"3425","AT5G02010"
"3426","AT5G02020"
"3427","AT5G02040"
"3428","AT5G02100"
"3429","AT5G02150"
"3430","AT5G02240"
"3431","AT5G02410"
"3432","AT5G02420"
"3433","AT5G02440"
"3434","AT5G02480"
"3435","AT5G02640"
"3436","AT5G02810"
"3437","AT5G02820"
"3438","AT5G02840"
"3439","AT5G02850"
"3440","AT5G03040"
"3441","AT5G03080"
"3442","AT5G03150"
"3443","AT5G03160"
"3444","AT5G03185"
"3445","AT5G03220"
"3446","AT5G03280"
"3447","AT5G03530"
"3448","AT5G03540"
"3449","AT5G03570"
"3450","AT5G03660"
"3451","AT5G03830"
"3452","AT5G03860"
"3453","AT5G03970"
"3454","AT5G04090"
"3455","AT5G04160"
"3456","AT5G04170"
"3457","AT5G04200"
"3458","AT5G04240"
"3459","AT5G04260"
"3460","AT5G04280"
"3461","AT5G04320"
"3462","AT5G04410"
"3463","AT5G04420"
"3464","AT5G04440"
"3465","AT5G04550"
"3466","AT5G04560"
"3467","AT5G04830"
"3468","AT5G04850"
"3469","AT5G04860"
"3470","AT5G04870"
"3471","AT5G04910"
"3472","AT5G04930"
"3473","AT5G04970"
"3474","AT5G04990"
"3475","AT5G05000"
"3476","AT5G05450"
"3477","AT5G05460"
"3478","AT5G05470"
"3479","AT5G05520"
"3480","AT5G05540"
"3481","AT5G05620"
"3482","AT5G05660"
"3483","AT5G05680"
"3484","AT5G05690"
"3485","AT5G05820"
"3486","AT5G05880"
"3487","AT5G05900"
"3488","AT5G05980"
"3489","AT5G05987"
"3490","AT5G05990"
"3491","AT5G06060"
"3492","AT5G06130"
"3493","AT5G06160"
"3494","AT5G06200"
"3495","AT5G06210"
"3496","AT5G06240"
"3497","AT5G06265"
"3498","AT5G06270"
"3499","AT5G06320"
"3500","AT5G06330"
"3501","AT5G06350"
"3502","AT5G06370"
"3503","AT5G06390"
"3504","AT5G06395"
"3505","AT5G06450"
"3506","AT5G06550"
"3507","AT5G06600"
"3508","AT5G06630"
"3509","AT5G06700"
"3510","AT5G06750"
"3511","AT5G06800"
"3512","AT5G06830"
"3513","AT5G07010"
"3514","AT5G07030"
"3515","AT5G07220"
"3516","AT5G07300"
"3517","AT5G07340"
"3518","AT5G07370"
"3519","AT5G07590"
"3520","AT5G07910"
"3521","AT5G08020"
"3522","AT5G08080"
"3523","AT5G08120"
"3524","AT5G08130"
"3525","AT5G08190"
"3526","AT5G08240"
"3527","AT5G08260"
"3528","AT5G08280"
"3529","AT5G08320"
"3530","AT5G08330"
"3531","AT5G08340"
"3532","AT5G08350"
"3533","AT5G08391"
"3534","AT5G08450"
"3535","AT5G08540"
"3536","AT5G08560"
"3537","AT5G08580"
"3538","AT5G09225"
"3539","AT5G09250"
"3540","AT5G09270"
"3541","AT5G09290"
"3542","AT5G09300"
"3543","AT5G09330"
"3544","AT5G09390"
"3545","AT5G09410"
"3546","AT5G09440"
"3547","AT5G09443"
"3548","AT5G09450"
"3549","AT5G09590"
"3550","AT5G09620"
"3551","AT5G09680"
"3552","AT5G09850"
"3553","AT5G09880"
"3554","AT5G09890"
"3555","AT5G09920"
"3556","AT5G09960"
"3557","AT5G09978"
"3558","AT5G09995"
"3559","AT5G10010"
"3560","AT5G10060"
"3561","AT5G10210"
"3562","AT5G10240"
"3563","AT5G10270"
"3564","AT5G10300"
"3565","AT5G10400"
"3566","AT5G10460"
"3567","AT5G10480"
"3568","AT5G10520"
"3569","AT5G10550"
"3570","AT5G10625"
"3571","AT5G10695"
"3572","AT5G10730"
"3573","AT5G10745"
"3574","AT5G10750"
"3575","AT5G10810"
"3576","AT5G10820"
"3577","AT5G10920"
"3578","AT5G10950"
"3579","AT5G11010"
"3580","AT5G11040"
"3581","AT5G11150"
"3582","AT5G11230"
"3583","AT5G11450"
"3584","AT5G11480"
"3585","AT5G11490"
"3586","AT5G11560"
"3587","AT5G11630"
"3588","AT5G11640"
"3589","AT5G11680"
"3590","AT5G11690"
"3591","AT5G11710"
"3592","AT5G11750"
"3593","AT5G11760"
"3594","AT5G11810"
"3595","AT5G11850"
"3596","AT5G11860"
"3597","AT5G11890"
"3598","AT5G11910"
"3599","AT5G11920"
"3600","AT5G11950"
"3601","AT5G11960"
"3602","AT5G11975"
"3603","AT5G11980"
"3604","AT5G12040"
"3605","AT5G12050"
"3606","AT5G12120"
"3607","AT5G12130"
"3608","AT5G12150"
"3609","AT5G12190"
"3610","AT5G12200"
"3611","AT5G12230"
"3612","AT5G12290"
"3613","AT5G12310"
"3614","AT5G12320"
"3615","AT5G12330"
"3616","AT5G12370"
"3617","AT5G12390"
"3618","AT5G12440"
"3619","AT5G12850"
"3620","AT5G12860"
"3621","AT5G12980"
"3622","AT5G13010"
"3623","AT5G13020"
"3624","AT5G13030"
"3625","AT5G13050"
"3626","AT5G13070"
"3627","AT5G13090"
"3628","AT5G13100"
"3629","AT5G13110"
"3630","AT5G13190"
"3631","AT5G13240"
"3632","AT5G13260"
"3633","AT5G13300"
"3634","AT5G13330"
"3635","AT5G13340"
"3636","AT5G13370"
"3637","AT5G13460"
"3638","AT5G13470"
"3639","AT5G13490"
"3640","AT5G13500"
"3641","AT5G13640"
"3642","AT5G13810"
"3643","AT5G13870"
"3644","AT5G13890"
"3645","AT5G13980"
"3646","AT5G14000"
"3647","AT5G14020"
"3648","AT5G14050"
"3649","AT5G14060"
"3650","AT5G14070"
"3651","AT5G14105"
"3652","AT5G14120"
"3653","AT5G14150"
"3654","AT5G14170"
"3655","AT5G14210"
"3656","AT5G14250"
"3657","AT5G14285"
"3658","AT5G14320"
"3659","AT5G14390"
"3660","AT5G14420"
"3661","AT5G14540"
"3662","AT5G14550"
"3663","AT5G14680"
"3664","AT5G14710"
"3665","AT5G14720"
"3666","AT5G14730"
"3667","AT5G14750"
"3668","AT5G14790"
"3669","AT5G15120"
"3670","AT5G15130"
"3671","AT5G15180"
"3672","AT5G15330"
"3673","AT5G15460"
"3674","AT5G15470"
"3675","AT5G15550"
"3676","AT5G15580"
"3677","AT5G15640"
"3678","AT5G15680"
"3679","AT5G15750"
"3680","AT5G15810"
"3681","AT5G15880"
"3682","AT5G16070"
"3683","AT5G16120"
"3684","AT5G16170"
"3685","AT5G16260"
"3686","AT5G16290"
"3687","AT5G16360"
"3688","AT5G16370"
"3689","AT5G16440"
"3690","AT5G16450"
"3691","AT5G16480"
"3692","AT5G16550"
"3693","AT5G16560"
"3694","AT5G16590"
"3695","AT5G16650"
"3696","AT5G16710"
"3697","AT5G16750"
"3698","AT5G16760"
"3699","AT5G16780"
"3700","AT5G16800"
"3701","AT5G16830"
"3702","AT5G17020"
"3703","AT5G17060"
"3704","AT5G17070"
"3705","AT5G17160"
"3706","AT5G17210"
"3707","AT5G17280"
"3708","AT5G17440"
"3709","AT5G17530"
"3710","AT5G17620"
"3711","AT5G17640"
"3712","AT5G17650"
"3713","AT5G17760"
"3714","AT5G17930"
"3715","AT5G18120"
"3716","AT5G18130"
"3717","AT5G18150"
"3718","AT5G18200"
"3719","AT5G18230"
"3720","AT5G18250"
"3721","AT5G18280"
"3722","AT5G18400"
"3723","AT5G18420"
"3724","AT5G18500"
"3725","AT5G18540"
"3726","AT5G18620"
"3727","AT5G18680"
"3728","AT5G18850"
"3729","AT5G18920"
"3730","AT5G18940"
"3731","AT5G19000"
"3732","AT5G19010"
"3733","AT5G19050"
"3734","AT5G19130"
"3735","AT5G19140"
"3736","AT5G19150"
"3737","AT5G19180"
"3738","AT5G19190"
"3739","AT5G19250"
"3740","AT5G19300"
"3741","AT5G19330"
"3742","AT5G19340"
"3743","AT5G19370"
"3744","AT5G19390"
"3745","AT5G19400"
"3746","AT5G19450"
"3747","AT5G19480"
"3748","AT5G19530"
"3749","AT5G19550"
"3750","AT5G19570"
"3751","AT5G19680"
"3752","AT5G19820"
"3753","AT5G19890"
"3754","AT5G19910"
"3755","AT5G19930"
"3756","AT5G19980"
"3757","AT5G20000"
"3758","AT5G20045"
"3759","AT5G20070"
"3760","AT5G20130"
"3761","AT5G20150"
"3762","AT5G20190"
"3763","AT5G20200"
"3764","AT5G20350"
"3765","AT5G20490"
"3766","AT5G20550"
"3767","AT5G20600"
"3768","AT5G20660"
"3769","AT5G20680"
"3770","AT5G20885"
"3771","AT5G20990"
"3772","AT5G21060"
"3773","AT5G21070"
"3774","AT5G21105"
"3775","AT5G21160"
"3776","AT5G21170"
"3777","AT5G21990"
"3778","AT5G22000"
"3779","AT5G22040"
"3780","AT5G22050"
"3781","AT5G22070"
"3782","AT5G22100"
"3783","AT5G22120"
"3784","AT5G22210"
"3785","AT5G22280"
"3786","AT5G22320"
"3787","AT5G22330"
"3788","AT5G22350"
"3789","AT5G22370"
"3790","AT5G22450"
"3791","AT5G22480"
"3792","AT5G22570"
"3793","AT5G22630"
"3794","AT5G22770"
"3795","AT5G22780"
"3796","AT5G22850"
"3797","AT5G22875"
"3798","AT5G22890"
"3799","AT5G22950"
"3800","AT5G23090"
"3801","AT5G23210"
"3802","AT5G23250"
"3803","AT5G23300"
"3804","AT5G23340"
"3805","AT5G23360"
"3806","AT5G23420"
"3807","AT5G23450"
"3808","AT5G23550"
"3809","AT5G23590"
"3810","AT5G23610"
"3811","AT5G23630"
"3812","AT5G23980"
"3813","AT5G24020"
"3814","AT5G24030"
"3815","AT5G24090"
"3816","AT5G24170"
"3817","AT5G24410"
"3818","AT5G24490"
"3819","AT5G24500"
"3820","AT5G24520"
"3821","AT5G24530"
"3822","AT5G24630"
"3823","AT5G24650"
"3824","AT5G24670"
"3825","AT5G24690"
"3826","AT5G24710"
"3827","AT5G24735"
"3828","AT5G24800"
"3829","AT5G24840"
"3830","AT5G24890"
"3831","AT5G24980"
"3832","AT5G25070"
"3833","AT5G25080"
"3834","AT5G25090"
"3835","AT5G25170"
"3836","AT5G25270"
"3837","AT5G25350"
"3838","AT5G25360"
"3839","AT5G25490"
"3840","AT5G25510"
"3841","AT5G25560"
"3842","AT5G25640"
"3843","AT5G25780"
"3844","AT5G25830"
"3845","AT5G25900"
"3846","AT5G26030"
"3847","AT5G26110"
"3848","AT5G26180"
"3849","AT5G26210"
"3850","AT5G26260"
"3851","AT5G26330"
"3852","AT5G26600"
"3853","AT5G26610"
"3854","AT5G26680"
"3855","AT5G26731"
"3856","AT5G26740"
"3857","AT5G26751"
"3858","AT5G26800"
"3859","AT5G26830"
"3860","AT5G26860"
"3861","AT5G26940"
"3862","AT5G27210"
"3863","AT5G27280"
"3864","AT5G27330"
"3865","AT5G27380"
"3866","AT5G27395"
"3867","AT5G27400"
"3868","AT5G27410"
"3869","AT5G27490"
"3870","AT5G27540"
"3871","AT5G27600"
"3872","AT5G27720"
"3873","AT5G27740"
"3874","AT5G27760"
"3875","AT5G27820"
"3876","AT5G27840"
"3877","AT5G27950"
"3878","AT5G27990"
"3879","AT5G28220"
"3880","AT5G28750"
"3881","AT5G28840"
"3882","AT5G28900"
"3883","AT5G30490"
"3884","AT5G30495"
"3885","AT5G30510"
"3886","AT5G32470"
"3887","AT5G33300"
"3888","AT5G35160"
"3889","AT5G35200"
"3890","AT5G35320"
"3891","AT5G35430"
"3892","AT5G35460"
"3893","AT5G35525"
"3894","AT5G35560"
"3895","AT5G35670"
"3896","AT5G35690"
"3897","AT5G35700"
"3898","AT5G35730"
"3899","AT5G35732"
"3900","AT5G35740"
"3901","AT5G35980"
"3902","AT5G36160"
"3903","AT5G36210"
"3904","AT5G36880"
"3905","AT5G37055"
"3906","AT5G37260"
"3907","AT5G37310"
"3908","AT5G37370"
"3909","AT5G37480"
"3910","AT5G37540"
"3911","AT5G37660"
"3912","AT5G37720"
"3913","AT5G37770"
"3914","AT5G37790"
"3915","AT5G37850"
"3916","AT5G38200"
"3917","AT5G38380"
"3918","AT5G38530"
"3919","AT5G38590"
"3920","AT5G38690"
"3921","AT5G38830"
"3922","AT5G38840"
"3923","AT5G38880"
"3924","AT5G38890"
"3925","AT5G39410"
"3926","AT5G39500"
"3927","AT5G39510"
"3928","AT5G39590"
"3929","AT5G39730"
"3930","AT5G39890"
"3931","AT5G39990"
"3932","AT5G40020"
"3933","AT5G40030"
"3934","AT5G40080"
"3935","AT5G40200"
"3936","AT5G40230"
"3937","AT5G40250"
"3938","AT5G40300"
"3939","AT5G40340"
"3940","AT5G40530"
"3941","AT5G40590"
"3942","AT5G40610"
"3943","AT5G40640"
"3944","AT5G40650"
"3945","AT5G40670"
"3946","AT5G40760"
"3947","AT5G40830"
"3948","AT5G40870"
"3949","AT5G40890"
"3950","AT5G40960"
"3951","AT5G40980"
"3952","AT5G41020"
"3953","AT5G41060"
"3954","AT5G41190"
"3955","AT5G41260"
"3956","AT5G41300"
"3957","AT5G41340"
"3958","AT5G41600"
"3959","AT5G41680"
"3960","AT5G41760"
"3961","AT5G41770"
"3962","AT5G41790"
"3963","AT5G41880"
"3964","AT5G41940"
"3965","AT5G41950"
"3966","AT5G41990"
"3967","AT5G42000"
"3968","AT5G42050"
"3969","AT5G42060"
"3970","AT5G42146"
"3971","AT5G42200"
"3972","AT5G42220"
"3973","AT5G42320"
"3974","AT5G42470"
"3975","AT5G42520"
"3976","AT5G42540"
"3977","AT5G42560"
"3978","AT5G42630"
"3979","AT5G42740"
"3980","AT5G42770"
"3981","AT5G42785"
"3982","AT5G42825"
"3983","AT5G42860"
"3984","AT5G42940"
"3985","AT5G42950"
"3986","AT5G42960"
"3987","AT5G42970"
"3988","AT5G43010"
"3989","AT5G43180"
"3990","AT5G43280"
"3991","AT5G43310"
"3992","AT5G43320"
"3993","AT5G43350"
"3994","AT5G43430"
"3995","AT5G43540"
"3996","AT5G43560"
"3997","AT5G43600"
"3998","AT5G43720"
"3999","AT5G43760"
"4000","AT5G43810"
"4001","AT5G43850"
"4002","AT5G43900"
"4003","AT5G43960"
"4004","AT5G44070"
"4005","AT5G44160"
"4006","AT5G44170"
"4007","AT5G44180"
"4008","AT5G44320"
"4009","AT5G44450"
"4010","AT5G44460"
"4011","AT5G44480"
"4012","AT5G44560"
"4013","AT5G44710"
"4014","AT5G44720"
"4015","AT5G44790"
"4016","AT5G44800"
"4017","AT5G44860"
"4018","AT5G44920"
"4019","AT5G45000"
"4020","AT5G45210"
"4021","AT5G45290"
"4022","AT5G45350"
"4023","AT5G45360"
"4024","AT5G45400"
"4025","AT5G45430"
"4026","AT5G45470"
"4027","AT5G45480"
"4028","AT5G45590"
"4029","AT5G45600"
"4030","AT5G45750"
"4031","AT5G45800"
"4032","AT5G45920"
"4033","AT5G46070"
"4034","AT5G46180"
"4035","AT5G46210"
"4036","AT5G46230"
"4037","AT5G46340"
"4038","AT5G46410"
"4039","AT5G46570"
"4040","AT5G46630"
"4041","AT5G46750"
"4042","AT5G46780"
"4043","AT5G46790"
"4044","AT5G46800"
"4045","AT5G46860"
"4046","AT5G47010"
"4047","AT5G47060"
"4048","AT5G47080"
"4049","AT5G47180"
"4050","AT5G47190"
"4051","AT5G47310"
"4052","AT5G47390"
"4053","AT5G47420"
"4054","AT5G47455"
"4055","AT5G47480"
"4056","AT5G47620"
"4057","AT5G47630"
"4058","AT5G47680"
"4059","AT5G47710"
"4060","AT5G47720"
"4061","AT5G47730"
"4062","AT5G47750"
"4063","AT5G47760"
"4064","AT5G47780"
"4065","AT5G47820"
"4066","AT5G47830"
"4067","AT5G47840"
"4068","AT5G47870"
"4069","AT5G47880"
"4070","AT5G48020"
"4071","AT5G48100"
"4072","AT5G48160"
"4073","AT5G48180"
"4074","AT5G48240"
"4075","AT5G48290"
"4076","AT5G48360"
"4077","AT5G48380"
"4078","AT5G48500"
"4079","AT5G48540"
"4080","AT5G48545"
"4081","AT5G48560"
"4082","AT5G48630"
"4083","AT5G48640"
"4084","AT5G48655"
"4085","AT5G48680"
"4086","AT5G48720"
"4087","AT5G48920"
"4088","AT5G48940"
"4089","AT5G49020"
"4090","AT5G49030"
"4091","AT5G49100"
"4092","AT5G49160"
"4093","AT5G49360"
"4094","AT5G49400"
"4095","AT5G49450"
"4096","AT5G49480"
"4097","AT5G49550"
"4098","AT5G49555"
"4099","AT5G49560"
"4100","AT5G49640"
"4101","AT5G49645"
"4102","AT5G49650"
"4103","AT5G49710"
"4104","AT5G49830"
"4105","AT5G49940"
"4106","AT5G49980"
"4107","AT5G50010"
"4108","AT5G50150"
"4109","AT5G50175"
"4110","AT5G50180"
"4111","AT5G50300"
"4112","AT5G50310"
"4113","AT5G50370"
"4114","AT5G50430"
"4115","AT5G50560"
"4116","AT5G50565"
"4117","AT5G50660"
"4118","AT5G50665"
"4119","AT5G50680"
"4120","AT5G50740"
"4121","AT5G50920"
"4122","AT5G50960"
"4123","AT5G51140"
"4124","AT5G51220"
"4125","AT5G51280"
"4126","AT5G51300"
"4127","AT5G51430"
"4128","AT5G51570"
"4129","AT5G51590"
"4130","AT5G51780"
"4131","AT5G51830"
"4132","AT5G51840"
"4133","AT5G51880"
"4134","AT5G51890"
"4135","AT5G51940"
"4136","AT5G51960"
"4137","AT5G52070"
"4138","AT5G52170"
"4139","AT5G52180"
"4140","AT5G52210"
"4141","AT5G52280"
"4142","AT5G52380"
"4143","AT5G52430"
"4144","AT5G52540"
"4145","AT5G52680"
"4146","AT5G52710"
"4147","AT5G52830"
"4148","AT5G52882"
"4149","AT5G52980"
"4150","AT5G52990"
"4151","AT5G53000"
"4152","AT5G53045"
"4153","AT5G53070"
"4154","AT5G53090"
"4155","AT5G53120"
"4156","AT5G53290"
"4157","AT5G53330"
"4158","AT5G53350"
"4159","AT5G53420"
"4160","AT5G53440"
"4161","AT5G53480"
"4162","AT5G53530"
"4163","AT5G53570"
"4164","AT5G53620"
"4165","AT5G53760"
"4166","AT5G53770"
"4167","AT5G53800"
"4168","AT5G53850"
"4169","AT5G53860"
"4170","AT5G53940"
"4171","AT5G54380"
"4172","AT5G54390"
"4173","AT5G54800"
"4174","AT5G54855"
"4175","AT5G54940"
"4176","AT5G54980"
"4177","AT5G55040"
"4178","AT5G55050"
"4179","AT5G55120"
"4180","AT5G55130"
"4181","AT5G55140"
"4182","AT5G55200"
"4183","AT5G55230"
"4184","AT5G55260"
"4185","AT5G55280"
"4186","AT5G55310"
"4187","AT5G55480"
"4188","AT5G55510"
"4189","AT5G55530"
"4190","AT5G55550"
"4191","AT5G55630"
"4192","AT5G55730"
"4193","AT5G55910"
"4194","AT5G55920"
"4195","AT5G55990"
"4196","AT5G56040"
"4197","AT5G56090"
"4198","AT5G56120"
"4199","AT5G56140"
"4200","AT5G56150"
"4201","AT5G56220"
"4202","AT5G56280"
"4203","AT5G56320"
"4204","AT5G56340"
"4205","AT5G56500"
"4206","AT5G56530"
"4207","AT5G56630"
"4208","AT5G56650"
"4209","AT5G56740"
"4210","AT5G56750"
"4211","AT5G56760"
"4212","AT5G56795"
"4213","AT5G56870"
"4214","AT5G56890"
"4215","AT5G57015"
"4216","AT5G57040"
"4217","AT5G57100"
"4218","AT5G57110"
"4219","AT5G57280"
"4220","AT5G57300"
"4221","AT5G57370"
"4222","AT5G57410"
"4223","AT5G57460"
"4224","AT5G57620"
"4225","AT5G57685"
"4226","AT5G57700"
"4227","AT5G57815"
"4228","AT5G57860"
"4229","AT5G57900"
"4230","AT5G57990"
"4231","AT5G58000"
"4232","AT5G58005"
"4233","AT5G58010"
"4234","AT5G58020"
"4235","AT5G58040"
"4236","AT5G58070"
"4237","AT5G58090"
"4238","AT5G58100"
"4239","AT5G58130"
"4240","AT5G58200"
"4241","AT5G58230"
"4242","AT5G58250"
"4243","AT5G58300"
"4244","AT5G58370"
"4245","AT5G58430"
"4246","AT5G58440"
"4247","AT5G58490"
"4248","AT5G58560"
"4249","AT5G58575"
"4250","AT5G58720"
"4251","AT5G58730"
"4252","AT5G58787"
"4253","AT5G58920"
"4254","AT5G58930"
"4255","AT5G58950"
"4256","AT5G58970"
"4257","AT5G58990"
"4258","AT5G59030"
"4259","AT5G59150"
"4260","AT5G59180"
"4261","AT5G59350"
"4262","AT5G59380"
"4263","AT5G59410"
"4264","AT5G59440"
"4265","AT5G59450"
"4266","AT5G59460"
"4267","AT5G59480"
"4268","AT5G59500"
"4269","AT5G59770"
"4270","AT5G59840"
"4271","AT5G59960"
"4272","AT5G60020"
"4273","AT5G60030"
"4274","AT5G60190"
"4275","AT5G60210"
"4276","AT5G60300"
"4277","AT5G60410"
"4278","AT5G60490"
"4279","AT5G60540"
"4280","AT5G60550"
"4281","AT5G60570"
"4282","AT5G60690"
"4283","AT5G60750"
"4284","AT5G60890"
"4285","AT5G60930"
"4286","AT5G60940"
"4287","AT5G60960"
"4288","AT5G60990"
"4289","AT5G61030"
"4290","AT5G61060"
"4291","AT5G61140"
"4292","AT5G61150"
"4293","AT5G61210"
"4294","AT5G61220"
"4295","AT5G61330"
"4296","AT5G61340"
"4297","AT5G61380"
"4298","AT5G61440"
"4299","AT5G61500"
"4300","AT5G61510"
"4301","AT5G61530"
"4302","AT5G61670"
"4303","AT5G61770"
"4304","AT5G61780"
"4305","AT5G61840"
"4306","AT5G61880"
"4307","AT5G61960"
"4308","AT5G61970"
"4309","AT5G62050"
"4310","AT5G62180"
"4311","AT5G62200"
"4312","AT5G62260"
"4313","AT5G62270"
"4314","AT5G62350"
"4315","AT5G62460"
"4316","AT5G62500"
"4317","AT5G62530"
"4318","AT5G62540"
"4319","AT5G62550"
"4320","AT5G62580"
"4321","AT5G62610"
"4322","AT5G62640"
"4323","AT5G62680"
"4324","AT5G62740"
"4325","AT5G62810"
"4326","AT5G62865"
"4327","AT5G62900"
"4328","AT5G62950"
"4329","AT5G63000"
"4330","AT5G63010"
"4331","AT5G63030"
"4332","AT5G63050"
"4333","AT5G63135"
"4334","AT5G63140"
"4335","AT5G63195"
"4336","AT5G63220"
"4337","AT5G63260"
"4338","AT5G63310"
"4339","AT5G63320"
"4340","AT5G63370"
"4341","AT5G63460"
"4342","AT5G63470"
"4343","AT5G63480"
"4344","AT5G63550"
"4345","AT5G63570"
"4346","AT5G63610"
"4347","AT5G63620"
"4348","AT5G63640"
"4349","AT5G63650"
"4350","AT5G63680"
"4351","AT5G63780"
"4352","AT5G63840"
"4353","AT5G63860"
"4354","AT5G63870"
"4355","AT5G63880"
"4356","AT5G63890"
"4357","AT5G63905"
"4358","AT5G63910"
"4359","AT5G63940"
"4360","AT5G63980"
"4361","AT5G64020"
"4362","AT5G64030"
"4363","AT5G64070"
"4364","AT5G64090"
"4365","AT5G64160"
"4366","AT5G64180"
"4367","AT5G64240"
"4368","AT5G64270"
"4369","AT5G64290"
"4370","AT5G64370"
"4371","AT5G64420"
"4372","AT5G64460"
"4373","AT5G64610"
"4374","AT5G64650"
"4375","AT5G64670"
"4376","AT5G64760"
"4377","AT5G64810"
"4378","AT5G64813"
"4379","AT5G64850"
"4380","AT5G64960"
"4381","AT5G64970"
"4382","AT5G65000"
"4383","AT5G65010"
"4384","AT5G65040"
"4385","AT5G65050"
"4386","AT5G65110"
"4387","AT5G65220"
"4388","AT5G65260"
"4389","AT5G65270"
"4390","AT5G65380"
"4391","AT5G65495"
"4392","AT5G65520"
"4393","AT5G65530"
"4394","AT5G65575"
"4395","AT5G65620"
"4396","AT5G65630"
"4397","AT5G65700"
"4398","AT5G65720"
"4399","AT5G65760"
"4400","AT5G65770"
"4401","AT5G65780"
"4402","AT5G65860"
"4403","AT5G65880"
"4404","AT5G65900"
"4405","AT5G65910"
"4406","AT5G65925"
"4407","AT5G65930"
"4408","AT5G65940"
"4409","AT5G65950"
"4410","AT5G65960"
"4411","AT5G65970"
"4412","AT5G66030"
"4413","AT5G66050"
"4414","AT5G66070"
"4415","AT5G66080"
"4416","AT5G66090"
"4417","AT5G66120"
"4418","AT5G66160"
"4419","AT5G66230"
"4420","AT5G66250"
"4421","AT5G66290"
"4422","AT5G66310"
"4423","AT5G66410"
"4424","AT5G66490"
"4425","AT5G66530"
"4426","AT5G66540"
"4427","AT5G66590"
"4428","AT5G66770"
"4429","AT5G66815"
"4430","AT5G66930"
"4431","AT5G66985"
"4432","AT5G67070"
"4433","AT5G67100"
"4434","AT5G67130"
"4435","AT5G67240"
"4436","AT5G67250"
"4437","AT5G67270"
"4438","AT5G67300"
"4439","AT5G67330"
"4440","AT5G67390"
"4441","AT5G67480"
"4442","AT5G67530"
"4443","AT5G67630"
"4444","ATCG00170"
"4445","ATCG00340"
"4446","ATCG00480"
"4447","ATCG00500"
"4448","ATCG00740"
"4449","ATCG00830"
"4450","ATCG00860"
"4451","ATCG01280"
"4452","ATCG01310"
"4453","ATMG00080"
"4454","ATMG00410"
"4455","ATMG00513"
"4456","ATMG00660"
"4457","ATMG01080"
"4458","ATMG01360"
