"","WS_GC_c1.which.mclass....4...1."
"1","AT1G01150"
"2","AT1G01183"
"3","AT1G01190"
"4","AT1G01420"
"5","AT1G01453"
"6","AT1G01520"
"7","AT1G01560"
"8","AT1G01680"
"9","AT1G01695"
"10","AT1G02205"
"11","AT1G02310"
"12","AT1G02470"
"13","AT1G02510"
"14","AT1G02570"
"15","AT1G02770"
"16","AT1G02813"
"17","AT1G02820"
"18","AT1G03170"
"19","AT1G03390"
"20","AT1G03502"
"21","AT1G03506"
"22","AT1G03700"
"23","AT1G03743"
"24","AT1G03746"
"25","AT1G03790"
"26","AT1G04013"
"27","AT1G04037"
"28","AT1G04073"
"29","AT1G04083"
"30","AT1G04103"
"31","AT1G04105"
"32","AT1G04147"
"33","AT1G04187"
"34","AT1G04193"
"35","AT1G04197"
"36","AT1G04217"
"37","AT1G04223"
"38","AT1G04227"
"39","AT1G04237"
"40","AT1G04267"
"41","AT1G04273"
"42","AT1G04277"
"43","AT1G04303"
"44","AT1G04343"
"45","AT1G04363"
"46","AT1G04397"
"47","AT1G04403"
"48","AT1G04427"
"49","AT1G04445"
"50","AT1G04467"
"51","AT1G04493"
"52","AT1G04497"
"53","AT1G04500"
"54","AT1G04507"
"55","AT1G04523"
"56","AT1G04533"
"57","AT1G04563"
"58","AT1G04567"
"59","AT1G04577"
"60","AT1G04583"
"61","AT1G04587"
"62","AT1G04625"
"63","AT1G04643"
"64","AT1G04657"
"65","AT1G04660"
"66","AT1G04670"
"67","AT1G04703"
"68","AT1G04743"
"69","AT1G04767"
"70","AT1G04797"
"71","AT1G04800"
"72","AT1G04817"
"73","AT1G04853"
"74","AT1G04913"
"75","AT1G04933"
"76","AT1G05013"
"77","AT1G05020"
"78","AT1G05023"
"79","AT1G05057"
"80","AT1G05083"
"81","AT1G05103"
"82","AT1G05203"
"83","AT1G05207"
"84","AT1G05243"
"85","AT1G05247"
"86","AT1G05253"
"87","AT1G05283"
"88","AT1G05297"
"89","AT1G05303"
"90","AT1G05327"
"91","AT1G05330"
"92","AT1G05353"
"93","AT1G05357"
"94","AT1G05383"
"95","AT1G05417"
"96","AT1G05423"
"97","AT1G05447"
"98","AT1G05450"
"99","AT1G05463"
"100","AT1G05493"
"101","AT1G05510"
"102","AT1G05550"
"103","AT1G05607"
"104","AT1G05675"
"105","AT1G05693"
"106","AT1G05703"
"107","AT1G05707"
"108","AT1G05723"
"109","AT1G05727"
"110","AT1G05747"
"111","AT1G05757"
"112","AT1G05783"
"113","AT1G05913"
"114","AT1G05917"
"115","AT1G05920"
"116","AT1G05927"
"117","AT1G05933"
"118","AT1G05937"
"119","AT1G05990"
"120","AT1G05993"
"121","AT1G05997"
"122","AT1G06017"
"123","AT1G06020"
"124","AT1G06030"
"125","AT1G06087"
"126","AT1G06100"
"127","AT1G06117"
"128","AT1G06135"
"129","AT1G06148"
"130","AT1G06160"
"131","AT1G06163"
"132","AT1G06170"
"133","AT1G06217"
"134","AT1G06237"
"135","AT1G06243"
"136","AT1G06253"
"137","AT1G06260"
"138","AT1G06273"
"139","AT1G06337"
"140","AT1G06453"
"141","AT1G06457"
"142","AT1G06467"
"143","AT1G06487"
"144","AT1G06520"
"145","AT1G06537"
"146","AT1G06547"
"147","AT1G06583"
"148","AT1G06587"
"149","AT1G06607"
"150","AT1G06613"
"151","AT1G06645"
"152","AT1G06667"
"153","AT1G06717"
"154","AT1G06750"
"155","AT1G06753"
"156","AT1G06757"
"157","AT1G06773"
"158","AT1G06830"
"159","AT1G06837"
"160","AT1G06923"
"161","AT1G06970"
"162","AT1G06977"
"163","AT1G06983"
"164","AT1G07023"
"165","AT1G07180"
"166","AT1G07267"
"167","AT1G07287"
"168","AT1G07323"
"169","AT1G07340"
"170","AT1G07430"
"171","AT1G07473"
"172","AT1G07476"
"173","AT1G07493"
"174","AT1G07500"
"175","AT1G07547"
"176","AT1G07550"
"177","AT1G07563"
"178","AT1G07587"
"179","AT1G07653"
"180","AT1G07657"
"181","AT1G07663"
"182","AT1G07690"
"183","AT1G07693"
"184","AT1G07697"
"185","AT1G07703"
"186","AT1G07743"
"187","AT1G07823"
"188","AT1G07850"
"189","AT1G07853"
"190","AT1G07877"
"191","AT1G07880"
"192","AT1G07887"
"193","AT1G07900"
"194","AT1G07943"
"195","AT1G07963"
"196","AT1G07987"
"197","AT1G08005"
"198","AT1G08090"
"199","AT1G08093"
"200","AT1G08097"
"201","AT1G08115"
"202","AT1G08120"
"203","AT1G08123"
"204","AT1G08147"
"205","AT1G08165"
"206","AT1G08213"
"207","AT1G08217"
"208","AT1G08273"
"209","AT1G08323"
"210","AT1G08440"
"211","AT1G08537"
"212","AT1G08543"
"213","AT1G08557"
"214","AT1G08563"
"215","AT1G08567"
"216","AT1G08573"
"217","AT1G08633"
"218","AT1G08643"
"219","AT1G08667"
"220","AT1G08697"
"221","AT1G08707"
"222","AT1G08713"
"223","AT1G08810"
"224","AT1G08823"
"225","AT1G08827"
"226","AT1G08847"
"227","AT1G08853"
"228","AT1G08857"
"229","AT1G08867"
"230","AT1G08903"
"231","AT1G08937"
"232","AT1G08967"
"233","AT1G09003"
"234","AT1G09017"
"235","AT1G09063"
"236","AT1G09067"
"237","AT1G09080"
"238","AT1G09083"
"239","AT1G09127"
"240","AT1G09157"
"241","AT1G09163"
"242","AT1G09176"
"243","AT1G09233"
"244","AT1G09260"
"245","AT1G09267"
"246","AT1G09287"
"247","AT1G09317"
"248","AT1G09323"
"249","AT1G09423"
"250","AT1G09427"
"251","AT1G09433"
"252","AT1G09447"
"253","AT1G09453"
"254","AT1G09467"
"255","AT1G09473"
"256","AT1G09500"
"257","AT1G09510"
"258","AT1G09513"
"259","AT1G09527"
"260","AT1G09537"
"261","AT1G09553"
"262","AT1G09557"
"263","AT1G09573"
"264","AT1G09603"
"265","AT1G09607"
"266","AT1G09677"
"267","AT1G09720"
"268","AT1G09757"
"269","AT1G09773"
"270","AT1G09777"
"271","AT1G09793"
"272","AT1G09803"
"273","AT1G09823"
"274","AT1G09843"
"275","AT1G09853"
"276","AT1G09877"
"277","AT1G09903"
"278","AT1G09907"
"279","AT1G09917"
"280","AT1G10000"
"281","AT1G10010"
"282","AT1G10455"
"283","AT1G10550"
"284","AT1G10588"
"285","AT1G10640"
"286","AT1G10747"
"287","AT1G11070"
"288","AT1G11112"
"289","AT1G11330"
"290","AT1G11350"
"291","AT1G11362"
"292","AT1G11410"
"293","AT1G11470"
"294","AT1G11510"
"295","AT1G11560"
"296","AT1G11572"
"297","AT1G11590"
"298","AT1G11600"
"299","AT1G11655"
"300","AT1G11920"
"301","AT1G12013"
"302","AT1G12150"
"303","AT1G12294"
"304","AT1G12570"
"305","AT1G12610"
"306","AT1G12663"
"307","AT1G12672"
"308","AT1G13130"
"309","AT1G13200"
"310","AT1G13400"
"311","AT1G13490"
"312","AT1G13500"
"313","AT1G13608"
"314","AT1G13790"
"315","AT1G14071"
"316","AT1G14455"
"317","AT1G14520"
"318","AT1G15015"
"319","AT1G15125"
"320","AT1G15320"
"321","AT1G15460"
"322","AT1G15580"
"323","AT1G15600"
"324","AT1G15610"
"325","AT1G15620"
"326","AT1G15680"
"327","AT1G15840"
"328","AT1G15885"
"329","AT1G15890"
"330","AT1G15980"
"331","AT1G16230"
"332","AT1G16260"
"333","AT1G16380"
"334","AT1G16440"
"335","AT1G16530"
"336","AT1G16770"
"337","AT1G16910"
"338","AT1G17310"
"339","AT1G17345"
"340","AT1G17600"
"341","AT1G17610"
"342","AT1G17810"
"343","AT1G17990"
"344","AT1G18197"
"345","AT1G18310"
"346","AT1G18350"
"347","AT1G18400"
"348","AT1G18530"
"349","AT1G18879"
"350","AT1G18990"
"351","AT1G19070"
"352","AT1G19250"
"353","AT1G19373"
"354","AT1G19390"
"355","AT1G19394"
"356","AT1G19610"
"357","AT1G19630"
"358","AT1G19890"
"359","AT1G20015"
"360","AT1G20020"
"361","AT1G20080"
"362","AT1G20120"
"363","AT1G20150"
"364","AT1G20310"
"365","AT1G20400"
"366","AT1G20860"
"367","AT1G20923"
"368","AT1G20925"
"369","AT1G20990"
"370","AT1G21250"
"371","AT1G21320"
"372","AT1G21500"
"373","AT1G21510"
"374","AT1G21550"
"375","AT1G21860"
"376","AT1G22000"
"377","AT1G22080"
"378","AT1G22110"
"379","AT1G22250"
"380","AT1G22290"
"381","AT1G22430"
"382","AT1G22480"
"383","AT1G22650"
"384","AT1G22670"
"385","AT1G22680"
"386","AT1G23070"
"387","AT1G23201"
"388","AT1G23520"
"389","AT1G23540"
"390","AT1G23730"
"391","AT1G23935"
"392","AT1G23950"
"393","AT1G23960"
"394","AT1G23965"
"395","AT1G24000"
"396","AT1G24020"
"397","AT1G24270"
"398","AT1G24430"
"399","AT1G24470"
"400","AT1G24480"
"401","AT1G24485"
"402","AT1G24545"
"403","AT1G24577"
"404","AT1G24800"
"405","AT1G24851"
"406","AT1G24880"
"407","AT1G24881"
"408","AT1G24996"
"409","AT1G25054"
"410","AT1G25055"
"411","AT1G25098"
"412","AT1G25141"
"413","AT1G25150"
"414","AT1G25175"
"415","AT1G25180"
"416","AT1G25210"
"417","AT1G25211"
"418","AT1G25240"
"419","AT1G25330"
"420","AT1G25440"
"421","AT1G26230"
"422","AT1G26233"
"423","AT1G26360"
"424","AT1G26410"
"425","AT1G26420"
"426","AT1G26510"
"427","AT1G26710"
"428","AT1G26762"
"429","AT1G27080"
"430","AT1G27180"
"431","AT1G27710"
"432","AT1G27820"
"433","AT1G28040"
"434","AT1G28265"
"435","AT1G28270"
"436","AT1G28327"
"437","AT1G28370"
"438","AT1G28450"
"439","AT1G28610"
"440","AT1G29000"
"441","AT1G29071"
"442","AT1G29100"
"443","AT1G29230"
"444","AT1G29395"
"445","AT1G29500"
"446","AT1G29600"
"447","AT1G29670"
"448","AT1G29680"
"449","AT1G29775"
"450","AT1G29860"
"451","AT1G30220"
"452","AT1G30455"
"453","AT1G30560"
"454","AT1G30740"
"455","AT1G30850"
"456","AT1G30920"
"457","AT1G30950"
"458","AT1G31243"
"459","AT1G31258"
"460","AT1G31290"
"461","AT1G31580"
"462","AT1G31750"
"463","AT1G31920"
"464","AT1G31960"
"465","AT1G31990"
"466","AT1G32060"
"467","AT1G32120"
"468","AT1G32172"
"469","AT1G32350"
"470","AT1G32385"
"471","AT1G32470"
"472","AT1G32560"
"473","AT1G32570"
"474","AT1G32585"
"475","AT1G32710"
"476","AT1G32850"
"477","AT1G32950"
"478","AT1G32960"
"479","AT1G33090"
"480","AT1G33100"
"481","AT1G33102"
"482","AT1G33320"
"483","AT1G33430"
"484","AT1G33870"
"485","AT1G33890"
"486","AT1G34047"
"487","AT1G34050"
"488","AT1G34060"
"489","AT1G34140"
"490","AT1G34420"
"491","AT1G34490"
"492","AT1G34500"
"493","AT1G34510"
"494","AT1G34520"
"495","AT1G34540"
"496","AT1G34844"
"497","AT1G35180"
"498","AT1G35250"
"499","AT1G35310"
"500","AT1G35515"
"501","AT1G35560"
"502","AT1G35617"
"503","AT1G35625"
"504","AT1G35730"
"505","AT1G35830"
"506","AT1G43140"
"507","AT1G44010"
"508","AT1G44030"
"509","AT1G44130"
"510","AT1G44575"
"511","AT1G44740"
"512","AT1G44890"
"513","AT1G45010"
"514","AT1G45163"
"515","AT1G45165"
"516","AT1G45201"
"517","AT1G45248"
"518","AT1G45616"
"519","AT1G46984"
"520","AT1G47130"
"521","AT1G47280"
"522","AT1G47350"
"523","AT1G47610"
"524","AT1G47655"
"525","AT1G47690"
"526","AT1G47700"
"527","AT1G47890"
"528","AT1G47920"
"529","AT1G47990"
"530","AT1G48020"
"531","AT1G48060"
"532","AT1G48195"
"533","AT1G48260"
"534","AT1G48325"
"535","AT1G48400"
"536","AT1G48405"
"537","AT1G48470"
"538","AT1G48698"
"539","AT1G48700"
"540","AT1G48720"
"541","AT1G49100"
"542","AT1G49130"
"543","AT1G49150"
"544","AT1G49225"
"545","AT1G49250"
"546","AT1G49330"
"547","AT1G49430"
"548","AT1G49450"
"549","AT1G49750"
"550","AT1G49900"
"551","AT1G49920"
"552","AT1G49938"
"553","AT1G49952"
"554","AT1G49990"
"555","AT1G50190"
"556","AT1G50520"
"557","AT1G50610"
"558","AT1G50732"
"559","AT1G50750"
"560","AT1G51000"
"561","AT1G51010"
"562","AT1G51020"
"563","AT1G51090"
"564","AT1G51270"
"565","AT1G51500"
"566","AT1G51670"
"567","AT1G51820"
"568","AT1G51870"
"569","AT1G51880"
"570","AT1G51913"
"571","AT1G51920"
"572","AT1G51960"
"573","AT1G52100"
"574","AT1G52120"
"575","AT1G52270"
"576","AT1G52347"
"577","AT1G52440"
"578","AT1G52560"
"579","AT1G52615"
"580","AT1G52618"
"581","AT1G52690"
"582","AT1G52790"
"583","AT1G52820"
"584","AT1G52830"
"585","AT1G52855"
"586","AT1G52857"
"587","AT1G53100"
"588","AT1G53540"
"589","AT1G53610"
"590","AT1G53620"
"591","AT1G53625"
"592","AT1G53640"
"593","AT1G53900"
"594","AT1G53935"
"595","AT1G53950"
"596","AT1G53970"
"597","AT1G53980"
"598","AT1G54070"
"599","AT1G54215"
"600","AT1G54280"
"601","AT1G54590"
"602","AT1G54760"
"603","AT1G54773"
"604","AT1G54820"
"605","AT1G54930"
"606","AT1G55175"
"607","AT1G55207"
"608","AT1G55230"
"609","AT1G55290"
"610","AT1G55440"
"611","AT1G55525"
"612","AT1G55550"
"613","AT1G55640"
"614","AT1G55700"
"615","AT1G55770"
"616","AT1G55775"
"617","AT1G55800"
"618","AT1G55803"
"619","AT1G55940"
"620","AT1G55945"
"621","AT1G55990"
"622","AT1G56060"
"623","AT1G56150"
"624","AT1G56160"
"625","AT1G56240"
"626","AT1G56242"
"627","AT1G56250"
"628","AT1G56270"
"629","AT1G56510"
"630","AT1G57770"
"631","AT1G57980"
"632","AT1G58150"
"633","AT1G58215"
"634","AT1G58300"
"635","AT1G58400"
"636","AT1G58590"
"637","AT1G58602"
"638","AT1G58684"
"639","AT1G58807"
"640","AT1G58808"
"641","AT1G58848"
"642","AT1G59124"
"643","AT1G59171"
"644","AT1G59218"
"645","AT1G59359"
"646","AT1G59720"
"647","AT1G59725"
"648","AT1G59730"
"649","AT1G60060"
"650","AT1G60350"
"651","AT1G60380"
"652","AT1G60505"
"653","AT1G60525"
"654","AT1G60530"
"655","AT1G60720"
"656","AT1G60760"
"657","AT1G60787"
"658","AT1G60970"
"659","AT1G60980"
"660","AT1G60986"
"661","AT1G61080"
"662","AT1G61160"
"663","AT1G61224"
"664","AT1G61226"
"665","AT1G61255"
"666","AT1G61275"
"667","AT1G61290"
"668","AT1G61480"
"669","AT1G61566"
"670","AT1G61710"
"671","AT1G61720"
"672","AT1G61920"
"673","AT1G61950"
"674","AT1G62000"
"675","AT1G62030"
"676","AT1G62035"
"677","AT1G62240"
"678","AT1G62262"
"679","AT1G62333"
"680","AT1G62360"
"681","AT1G62421"
"682","AT1G62450"
"683","AT1G62490"
"684","AT1G62580"
"685","AT1G62690"
"686","AT1G62760"
"687","AT1G62900"
"688","AT1G62915"
"689","AT1G62920"
"690","AT1G63105"
"691","AT1G63350"
"692","AT1G63522"
"693","AT1G63550"
"694","AT1G63860"
"695","AT1G63870"
"696","AT1G63880"
"697","AT1G63910"
"698","AT1G63930"
"699","AT1G64000"
"700","AT1G64065"
"701","AT1G64130"
"702","AT1G64160"
"703","AT1G64195"
"704","AT1G64210"
"705","AT1G64235"
"706","AT1G64253"
"707","AT1G64405"
"708","AT1G64500"
"709","AT1G64561"
"710","AT1G64590"
"711","AT1G64680"
"712","AT1G64710"
"713","AT1G64795"
"714","AT1G65060"
"715","AT1G65150"
"716","AT1G65190"
"717","AT1G65230"
"718","AT1G65240"
"719","AT1G65346"
"720","AT1G65483"
"721","AT1G65484"
"722","AT1G65486"
"723","AT1G65490"
"724","AT1G65860"
"725","AT1G66000"
"726","AT1G66060"
"727","AT1G66090"
"728","AT1G66235"
"729","AT1G66360"
"730","AT1G66460"
"731","AT1G66465"
"732","AT1G66540"
"733","AT1G66600"
"734","AT1G66725"
"735","AT1G66840"
"736","AT1G66870"
"737","AT1G66940"
"738","AT1G66960"
"739","AT1G66970"
"740","AT1G67020"
"741","AT1G67025"
"742","AT1G67100"
"743","AT1G67195"
"744","AT1G67220"
"745","AT1G67265"
"746","AT1G67365"
"747","AT1G67370"
"748","AT1G67481"
"749","AT1G67540"
"750","AT1G67623"
"751","AT1G67635"
"752","AT1G67670"
"753","AT1G67770"
"754","AT1G67856"
"755","AT1G67980"
"756","AT1G68170"
"757","AT1G68190"
"758","AT1G68530"
"759","AT1G68600"
"760","AT1G68700"
"761","AT1G68850"
"762","AT1G68877"
"763","AT1G68935"
"764","AT1G69470"
"765","AT1G69540"
"766","AT1G69630"
"767","AT1G69990"
"768","AT1G70175"
"769","AT1G70260"
"770","AT1G70270"
"771","AT1G70440"
"772","AT1G70450"
"773","AT1G70640"
"774","AT1G70720"
"775","AT1G70830"
"776","AT1G70910"
"777","AT1G71140"
"778","AT1G71250"
"779","AT1G71300"
"780","AT1G71370"
"781","AT1G71390"
"782","AT1G72100"
"783","AT1G72110"
"784","AT1G72460"
"785","AT1G72760"
"786","AT1G73040"
"787","AT1G73050"
"788","AT1G73190"
"789","AT1G73290"
"790","AT1G73510"
"791","AT1G73560"
"792","AT1G73687"
"793","AT1G73700"
"794","AT1G73810"
"795","AT1G74035"
"796","AT1G74130"
"797","AT1G74205"
"798","AT1G74290"
"799","AT1G74453"
"800","AT1G74456"
"801","AT1G74810"
"802","AT1G74820"
"803","AT1G74830"
"804","AT1G74870"
"805","AT1G74890"
"806","AT1G74990"
"807","AT1G75160"
"808","AT1G75166"
"809","AT1G75360"
"810","AT1G75430"
"811","AT1G75945"
"812","AT1G76062"
"813","AT1G76210"
"814","AT1G76430"
"815","AT1G76465"
"816","AT1G76530"
"817","AT1G76750"
"818","AT1G76892"
"819","AT1G76965"
"820","AT1G77090"
"821","AT1G77120"
"822","AT1G77160"
"823","AT1G77210"
"824","AT1G77520"
"825","AT1G77730"
"826","AT1G77790"
"827","AT1G77932"
"828","AT1G77950"
"829","AT1G77992"
"830","AT1G78030"
"831","AT1G78160"
"832","AT1G78206"
"833","AT1G78230"
"834","AT1G78410"
"835","AT1G78460"
"836","AT1G78470"
"837","AT1G78478"
"838","AT1G78500"
"839","AT1G78720"
"840","AT1G78750"
"841","AT1G78990"
"842","AT1G79100"
"843","AT1G79130"
"844","AT1G79160"
"845","AT1G79170"
"846","AT1G79250"
"847","AT1G79400"
"848","AT1G79485"
"849","AT1G79860"
"850","AT1G79915"
"851","AT1G80330"
"852","AT1G80390"
"853","AT1G80470"
"854","AT1G80525"
"855","AT1G80580"
"856","AT1G80625"
"857","AT1G80970"
"858","AT1G80980"
"859","AT2G01023"
"860","AT2G01280"
"861","AT2G01310"
"862","AT2G01360"
"863","AT2G01422"
"864","AT2G01500"
"865","AT2G01580"
"866","AT2G01610"
"867","AT2G01755"
"868","AT2G01810"
"869","AT2G01960"
"870","AT2G01990"
"871","AT2G02010"
"872","AT2G02060"
"873","AT2G02061"
"874","AT2G02147"
"875","AT2G02320"
"876","AT2G02340"
"877","AT2G02380"
"878","AT2G02490"
"879","AT2G02640"
"880","AT2G02720"
"881","AT2G02850"
"882","AT2G02990"
"883","AT2G03210"
"884","AT2G03230"
"885","AT2G03250"
"886","AT2G03290"
"887","AT2G03310"
"888","AT2G03410"
"889","AT2G03460"
"890","AT2G03821"
"891","AT2G03855"
"892","AT2G04005"
"893","AT2G04065"
"894","AT2G04125"
"895","AT2G04137"
"896","AT2G04145"
"897","AT2G04190"
"898","AT2G04220"
"899","AT2G04255"
"900","AT2G04285"
"901","AT2G04378"
"902","AT2G04380"
"903","AT2G04395"
"904","AT2G04405"
"905","AT2G04435"
"906","AT2G04455"
"907","AT2G04495"
"908","AT2G04515"
"909","AT2G04535"
"910","AT2G04545"
"911","AT2G04555"
"912","AT2G04715"
"913","AT2G04725"
"914","AT2G04840"
"915","AT2G05095"
"916","AT2G05145"
"917","AT2G05155"
"918","AT2G05185"
"919","AT2G05245"
"920","AT2G05270"
"921","AT2G05350"
"922","AT2G05370"
"923","AT2G05420"
"924","AT2G05505"
"925","AT2G05665"
"926","AT2G05675"
"927","AT2G05753"
"928","AT2G05765"
"929","AT2G05825"
"930","AT2G05945"
"931","AT2G05965"
"932","AT2G06225"
"933","AT2G06345"
"934","AT2G06365"
"935","AT2G06405"
"936","AT2G06525"
"937","AT2G06615"
"938","AT2G06655"
"939","AT2G06765"
"940","AT2G06865"
"941","AT2G07042"
"942","AT2G07045"
"943","AT2G07345"
"944","AT2G07485"
"945","AT2G07621"
"946","AT2G07625"
"947","AT2G07628"
"948","AT2G07632"
"949","AT2G07637"
"950","AT2G07638"
"951","AT2G07643"
"952","AT2G07648"
"953","AT2G07654"
"954","AT2G07656"
"955","AT2G07661"
"956","AT2G07667"
"957","AT2G07669"
"958","AT2G07673"
"959","AT2G07676"
"960","AT2G07691"
"961","AT2G07702"
"962","AT2G07705"
"963","AT2G07714"
"964","AT2G07722"
"965","AT2G07728"
"966","AT2G07732"
"967","AT2G07738"
"968","AT2G07768"
"969","AT2G07775"
"970","AT2G07795"
"971","AT2G07827"
"972","AT2G07875"
"973","AT2G07965"
"974","AT2G08020"
"975","AT2G08025"
"976","AT2G08060"
"977","AT2G08205"
"978","AT2G08235"
"979","AT2G08275"
"980","AT2G08295"
"981","AT2G08320"
"982","AT2G08330"
"983","AT2G08350"
"984","AT2G08375"
"985","AT2G08405"
"986","AT2G08430"
"987","AT2G08445"
"988","AT2G08450"
"989","AT2G08455"
"990","AT2G08460"
"991","AT2G08475"
"992","AT2G08505"
"993","AT2G08530"
"994","AT2G08575"
"995","AT2G08595"
"996","AT2G08610"
"997","AT2G08640"
"998","AT2G08675"
"999","AT2G08680"
"1000","AT2G08695"
"1001","AT2G08700"
"1002","AT2G08740"
"1003","AT2G08765"
"1004","AT2G08775"
"1005","AT2G08795"
"1006","AT2G08815"
"1007","AT2G08825"
"1008","AT2G08850"
"1009","AT2G08870"
"1010","AT2G08900"
"1011","AT2G08905"
"1012","AT2G08910"
"1013","AT2G08955"
"1014","AT2G09000"
"1015","AT2G09025"
"1016","AT2G09045"
"1017","AT2G09165"
"1018","AT2G09170"
"1019","AT2G09175"
"1020","AT2G09195"
"1021","AT2G09205"
"1022","AT2G09230"
"1023","AT2G09255"
"1024","AT2G09295"
"1025","AT2G09300"
"1026","AT2G09305"
"1027","AT2G09365"
"1028","AT2G09425"
"1029","AT2G09440"
"1030","AT2G09455"
"1031","AT2G09460"
"1032","AT2G09495"
"1033","AT2G09510"
"1034","AT2G09525"
"1035","AT2G09540"
"1036","AT2G09565"
"1037","AT2G09575"
"1038","AT2G09610"
"1039","AT2G09650"
"1040","AT2G09665"
"1041","AT2G09685"
"1042","AT2G09695"
"1043","AT2G09700"
"1044","AT2G09705"
"1045","AT2G09735"
"1046","AT2G09745"
"1047","AT2G09775"
"1048","AT2G09795"
"1049","AT2G09885"
"1050","AT2G09935"
"1051","AT2G09965"
"1052","AT2G09970"
"1053","AT2G10537"
"1054","AT2G10615"
"1055","AT2G10931"
"1056","AT2G10940"
"1057","AT2G11035"
"1058","AT2G11205"
"1059","AT2G11215"
"1060","AT2G11271"
"1061","AT2G11815"
"1062","AT2G11891"
"1063","AT2G12170"
"1064","AT2G12461"
"1065","AT2G12905"
"1066","AT2G13570"
"1067","AT2G13640"
"1068","AT2G13810"
"1069","AT2G13905"
"1070","AT2G13950"
"1071","AT2G13965"
"1072","AT2G14080"
"1073","AT2G14160"
"1074","AT2G14510"
"1075","AT2G14690"
"1076","AT2G14760"
"1077","AT2G14810"
"1078","AT2G15080"
"1079","AT2G15090"
"1080","AT2G15128"
"1081","AT2G15292"
"1082","AT2G15350"
"1083","AT2G16005"
"1084","AT2G16190"
"1085","AT2G16910"
"1086","AT2G17010"
"1087","AT2G17036"
"1088","AT2G17040"
"1089","AT2G17050"
"1090","AT2G17060"
"1091","AT2G17295"
"1092","AT2G17590"
"1093","AT2G17660"
"1094","AT2G17680"
"1095","AT2G17850"
"1096","AT2G17890"
"1097","AT2G17920"
"1098","AT2G18010"
"1099","AT2G18025"
"1100","AT2G18260"
"1101","AT2G18300"
"1102","AT2G18340"
"1103","AT2G18350"
"1104","AT2G18420"
"1105","AT2G18490"
"1106","AT2G18640"
"1107","AT2G18660"
"1108","AT2G18685"
"1109","AT2G19150"
"1110","AT2G19190"
"1111","AT2G19210"
"1112","AT2G19410"
"1113","AT2G19700"
"1114","AT2G19900"
"1115","AT2G19960"
"1116","AT2G20030"
"1117","AT2G20170"
"1118","AT2G20380"
"1119","AT2G20570"
"1120","AT2G20700"
"1121","AT2G20721"
"1122","AT2G20825"
"1123","AT2G21030"
"1124","AT2G21200"
"1125","AT2G21237"
"1126","AT2G21260"
"1127","AT2G21480"
"1128","AT2G21490"
"1129","AT2G21530"
"1130","AT2G21650"
"1131","AT2G21770"
"1132","AT2G21900"
"1133","AT2G22121"
"1134","AT2G22290"
"1135","AT2G22340"
"1136","AT2G22426"
"1137","AT2G22590"
"1138","AT2G22750"
"1139","AT2G22820"
"1140","AT2G22821"
"1141","AT2G23096"
"1142","AT2G23110"
"1143","AT2G23190"
"1144","AT2G23220"
"1145","AT2G23270"
"1146","AT2G23347"
"1147","AT2G23445"
"1148","AT2G23830"
"1149","AT2G23970"
"1150","AT2G24130"
"1151","AT2G24285"
"1152","AT2G24430"
"1153","AT2G24450"
"1154","AT2G24681"
"1155","AT2G24710"
"1156","AT2G24720"
"1157","AT2G24850"
"1158","AT2G25055"
"1159","AT2G25150"
"1160","AT2G25215"
"1161","AT2G25240"
"1162","AT2G25297"
"1163","AT2G25409"
"1164","AT2G25410"
"1165","AT2G25440"
"1166","AT2G25482"
"1167","AT2G25600"
"1168","AT2G25820"
"1169","AT2G25890"
"1170","AT2G26150"
"1171","AT2G26160"
"1172","AT2G26620"
"1173","AT2G26692"
"1174","AT2G26720"
"1175","AT2G26750"
"1176","AT2G26820"
"1177","AT2G26940"
"1178","AT2G26975"
"1179","AT2G27160"
"1180","AT2G27229"
"1181","AT2G27240"
"1182","AT2G27270"
"1183","AT2G27320"
"1184","AT2G27385"
"1185","AT2G27505"
"1186","AT2G27670"
"1187","AT2G27750"
"1188","AT2G27780"
"1189","AT2G28140"
"1190","AT2G28170"
"1191","AT2G28270"
"1192","AT2G28490"
"1193","AT2G28500"
"1194","AT2G28630"
"1195","AT2G28680"
"1196","AT2G28755"
"1197","AT2G28850"
"1198","AT2G29110"
"1199","AT2G29310"
"1200","AT2G29360"
"1201","AT2G29380"
"1202","AT2G29470"
"1203","AT2G29620"
"1204","AT2G30115"
"1205","AT2G30220"
"1206","AT2G30630"
"1207","AT2G30650"
"1208","AT2G30660"
"1209","AT2G30670"
"1210","AT2G30680"
"1211","AT2G30690"
"1212","AT2G30760"
"1213","AT2G30830"
"1214","AT2G30945"
"1215","AT2G30985"
"1216","AT2G31220"
"1217","AT2G31250"
"1218","AT2G31335"
"1219","AT2G31345"
"1220","AT2G31425"
"1221","AT2G31480"
"1222","AT2G31590"
"1223","AT2G32050"
"1224","AT2G32130"
"1225","AT2G32140"
"1226","AT2G32160"
"1227","AT2G32290"
"1228","AT2G32315"
"1229","AT2G32340"
"1230","AT2G32370"
"1231","AT2G32530"
"1232","AT2G32660"
"1233","AT2G32680"
"1234","AT2G32770"
"1235","AT2G32860"
"1236","AT2G32885"
"1237","AT2G33100"
"1238","AT2G33130"
"1239","AT2G33160"
"1240","AT2G33230"
"1241","AT2G33300"
"1242","AT2G33720"
"1243","AT2G33780"
"1244","AT2G34010"
"1245","AT2G34186"
"1246","AT2G34315"
"1247","AT2G34320"
"1248","AT2G34610"
"1249","AT2G34925"
"1250","AT2G34960"
"1251","AT2G34990"
"1252","AT2G35070"
"1253","AT2G35310"
"1254","AT2G35343"
"1255","AT2G35382"
"1256","AT2G35384"
"1257","AT2G35670"
"1258","AT2G35733"
"1259","AT2G35747"
"1260","AT2G35850"
"1261","AT2G35890"
"1262","AT2G35990"
"1263","AT2G36180"
"1264","AT2G36255"
"1265","AT2G36440"
"1266","AT2G36540"
"1267","AT2G36560"
"1268","AT2G36590"
"1269","AT2G36695"
"1270","AT2G36710"
"1271","AT2G36780"
"1272","AT2G36792"
"1273","AT2G36815"
"1274","AT2G36854"
"1275","AT2G36920"
"1276","AT2G37140"
"1277","AT2G37670"
"1278","AT2G37805"
"1279","AT2G38150"
"1280","AT2G38255"
"1281","AT2G38340"
"1282","AT2G38490"
"1283","AT2G38540"
"1284","AT2G38790"
"1285","AT2G38890"
"1286","AT2G38920"
"1287","AT2G39030"
"1288","AT2G39175"
"1289","AT2G39415"
"1290","AT2G39470"
"1291","AT2G39520"
"1292","AT2G39540"
"1293","AT2G39640"
"1294","AT2G39920"
"1295","AT2G40008"
"1296","AT2G40010"
"1297","AT2G40116"
"1298","AT2G40130"
"1299","AT2G40580"
"1300","AT2G40670"
"1301","AT2G40925"
"1302","AT2G40955"
"1303","AT2G41170"
"1304","AT2G41342"
"1305","AT2G41355"
"1306","AT2G41440"
"1307","AT2G41445"
"1308","AT2G41451"
"1309","AT2G41590"
"1310","AT2G42140"
"1311","AT2G42200"
"1312","AT2G42440"
"1313","AT2G42560"
"1314","AT2G42865"
"1315","AT2G42885"
"1316","AT2G42900"
"1317","AT2G42930"
"1318","AT2G42955"
"1319","AT2G43137"
"1320","AT2G43138"
"1321","AT2G43141"
"1322","AT2G43220"
"1323","AT2G43255"
"1324","AT2G43270"
"1325","AT2G43390"
"1326","AT2G43510"
"1327","AT2G43550"
"1328","AT2G43660"
"1329","AT2G44195"
"1330","AT2G44230"
"1331","AT2G44250"
"1332","AT2G44390"
"1333","AT2G44400"
"1334","AT2G44460"
"1335","AT2G44590"
"1336","AT2G44735"
"1337","AT2G44995"
"1338","AT2G45130"
"1339","AT2G45243"
"1340","AT2G45410"
"1341","AT2G45550"
"1342","AT2G45560"
"1343","AT2G45780"
"1344","AT2G45800"
"1345","AT2G45840"
"1346","AT2G45930"
"1347","AT2G45940"
"1348","AT2G46130"
"1349","AT2G46360"
"1350","AT2G46440"
"1351","AT2G46450"
"1352","AT2G46455"
"1353","AT2G46480"
"1354","AT2G46493"
"1355","AT2G46860"
"1356","AT2G46995"
"1357","AT2G47115"
"1358","AT2G47150"
"1359","AT2G47340"
"1360","AT2G47750"
"1361","AT2G47770"
"1362","AT2G47780"
"1363","AT2G47844"
"1364","AT2G47870"
"1365","AT2G47950"
"1366","AT2G48090"
"1367","AT2G48121"
"1368","AT3G00985"
"1369","AT3G01015"
"1370","AT3G01080"
"1371","AT3G01085"
"1372","AT3G01145"
"1373","AT3G01165"
"1374","AT3G01185"
"1375","AT3G01215"
"1376","AT3G01235"
"1377","AT3G01240"
"1378","AT3G01313"
"1379","AT3G01326"
"1380","AT3G01345"
"1381","AT3G01365"
"1382","AT3G01385"
"1383","AT3G01440"
"1384","AT3G01485"
"1385","AT3G01525"
"1386","AT3G01530"
"1387","AT3G01555"
"1388","AT3G01620"
"1389","AT3G01625"
"1390","AT3G01635"
"1391","AT3G01675"
"1392","AT3G01700"
"1393","AT3G01730"
"1394","AT3G01835"
"1395","AT3G01845"
"1396","AT3G01935"
"1397","AT3G02015"
"1398","AT3G02025"
"1399","AT3G02035"
"1400","AT3G02075"
"1401","AT3G02100"
"1402","AT3G02125"
"1403","AT3G02165"
"1404","AT3G02225"
"1405","AT3G02255"
"1406","AT3G02305"
"1407","AT3G02405"
"1408","AT3G02425"
"1409","AT3G02445"
"1410","AT3G02455"
"1411","AT3G02495"
"1412","AT3G02500"
"1413","AT3G02525"
"1414","AT3G02695"
"1415","AT3G02725"
"1416","AT3G02755"
"1417","AT3G02825"
"1418","AT3G02885"
"1419","AT3G02895"
"1420","AT3G02940"
"1421","AT3G02945"
"1422","AT3G02985"
"1423","AT3G03025"
"1424","AT3G03075"
"1425","AT3G03135"
"1426","AT3G03195"
"1427","AT3G03265"
"1428","AT3G03290"
"1429","AT3G03325"
"1430","AT3G03341"
"1431","AT3G03385"
"1432","AT3G03430"
"1433","AT3G03435"
"1434","AT3G03445"
"1435","AT3G03455"
"1436","AT3G03510"
"1437","AT3G03585"
"1438","AT3G03605"
"1439","AT3G03620"
"1440","AT3G03635"
"1441","AT3G03670"
"1442","AT3G03745"
"1443","AT3G03776"
"1444","AT3G03825"
"1445","AT3G03840"
"1446","AT3G03930"
"1447","AT3G03935"
"1448","AT3G03975"
"1449","AT3G04015"
"1450","AT3G04035"
"1451","AT3G04050"
"1452","AT3G04065"
"1453","AT3G04085"
"1454","AT3G04155"
"1455","AT3G04165"
"1456","AT3G04175"
"1457","AT3G04255"
"1458","AT3G04275"
"1459","AT3G04285"
"1460","AT3G04355"
"1461","AT3G04510"
"1462","AT3G04635"
"1463","AT3G04660"
"1464","AT3G04700"
"1465","AT3G04765"
"1466","AT3G04785"
"1467","AT3G04900"
"1468","AT3G04915"
"1469","AT3G05055"
"1470","AT3G05135"
"1471","AT3G05145"
"1472","AT3G05265"
"1473","AT3G05310"
"1474","AT3G05335"
"1475","AT3G05355"
"1476","AT3G05600"
"1477","AT3G05625"
"1478","AT3G05650"
"1479","AT3G05770"
"1480","AT3G05780"
"1481","AT3G05790"
"1482","AT3G05860"
"1483","AT3G05945"
"1484","AT3G05955"
"1485","AT3G05995"
"1486","AT3G06085"
"1487","AT3G06260"
"1488","AT3G06490"
"1489","AT3G06495"
"1490","AT3G06515"
"1491","AT3G06805"
"1492","AT3G06925"
"1493","AT3G06955"
"1494","AT3G06962"
"1495","AT3G07005"
"1496","AT3G07105"
"1497","AT3G07175"
"1498","AT3G07255"
"1499","AT3G07265"
"1500","AT3G07275"
"1501","AT3G07450"
"1502","AT3G07490"
"1503","AT3G07505"
"1504","AT3G07515"
"1505","AT3G07605"
"1506","AT3G07625"
"1507","AT3G07655"
"1508","AT3G07665"
"1509","AT3G07730"
"1510","AT3G07735"
"1511","AT3G07895"
"1512","AT3G07970"
"1513","AT3G08045"
"1514","AT3G08075"
"1515","AT3G08100"
"1516","AT3G08135"
"1517","AT3G08170"
"1518","AT3G08175"
"1519","AT3G08215"
"1520","AT3G08240"
"1521","AT3G08245"
"1522","AT3G08280"
"1523","AT3G08350"
"1524","AT3G08360"
"1525","AT3G08410"
"1526","AT3G08425"
"1527","AT3G08475"
"1528","AT3G08485"
"1529","AT3G08515"
"1530","AT3G08585"
"1531","AT3G08605"
"1532","AT3G08645"
"1533","AT3G08655"
"1534","AT3G08685"
"1535","AT3G08700"
"1536","AT3G08745"
"1537","AT3G08750"
"1538","AT3G08755"
"1539","AT3G08765"
"1540","AT3G08805"
"1541","AT3G08810"
"1542","AT3G08855"
"1543","AT3G08985"
"1544","AT3G09055"
"1545","AT3G09065"
"1546","AT3G09105"
"1547","AT3G09110"
"1548","AT3G09145"
"1549","AT3G09162"
"1550","AT3G09225"
"1551","AT3G09245"
"1552","AT3G09305"
"1553","AT3G09335"
"1554","AT3G09340"
"1555","AT3G09345"
"1556","AT3G09450"
"1557","AT3G09525"
"1558","AT3G09545"
"1559","AT3G09550"
"1560","AT3G09555"
"1561","AT3G09615"
"1562","AT3G09620"
"1563","AT3G09625"
"1564","AT3G09635"
"1565","AT3G09640"
"1566","AT3G09645"
"1567","AT3G09655"
"1568","AT3G09725"
"1569","AT3G09775"
"1570","AT3G09815"
"1571","AT3G09865"
"1572","AT3G09922"
"1573","AT3G09935"
"1574","AT3G10113"
"1575","AT3G10195"
"1576","AT3G10240"
"1577","AT3G10510"
"1578","AT3G10560"
"1579","AT3G10590"
"1580","AT3G10605"
"1581","AT3G10745"
"1582","AT3G10870"
"1583","AT3G11000"
"1584","AT3G11010"
"1585","AT3G11050"
"1586","AT3G11110"
"1587","AT3G11325"
"1588","AT3G11350"
"1589","AT3G11370"
"1590","AT3G11380"
"1591","AT3G11415"
"1592","AT3G11430"
"1593","AT3G11860"
"1594","AT3G11980"
"1595","AT3G12410"
"1596","AT3G12460"
"1597","AT3G12545"
"1598","AT3G12660"
"1599","AT3G12720"
"1600","AT3G12833"
"1601","AT3G12840"
"1602","AT3G12960"
"1603","AT3G13140"
"1604","AT3G13240"
"1605","AT3G13276"
"1606","AT3G13390"
"1607","AT3G13403"
"1608","AT3G13405"
"1609","AT3G13500"
"1610","AT3G13525"
"1611","AT3G13640"
"1612","AT3G13660"
"1613","AT3G13680"
"1614","AT3G13857"
"1615","AT3G13898"
"1616","AT3G13960"
"1617","AT3G14030"
"1618","AT3G14140"
"1619","AT3G14210"
"1620","AT3G14225"
"1621","AT3G14250"
"1622","AT3G14463"
"1623","AT3G14620"
"1624","AT3G14640"
"1625","AT3G14810"
"1626","AT3G14820"
"1627","AT3G14950"
"1628","AT3G15370"
"1629","AT3G15490"
"1630","AT3G15700"
"1631","AT3G15740"
"1632","AT3G15840"
"1633","AT3G15870"
"1634","AT3G15960"
"1635","AT3G16040"
"1636","AT3G16120"
"1637","AT3G16130"
"1638","AT3G16160"
"1639","AT3G16175"
"1640","AT3G16450"
"1641","AT3G16520"
"1642","AT3G16530"
"1643","AT3G16540"
"1644","AT3G16712"
"1645","AT3G17010"
"1646","AT3G17040"
"1647","AT3G17760"
"1648","AT3G17980"
"1649","AT3G18291"
"1650","AT3G18320"
"1651","AT3G18360"
"1652","AT3G18460"
"1653","AT3G18530"
"1654","AT3G18535"
"1655","AT3G18570"
"1656","AT3G18720"
"1657","AT3G18775"
"1658","AT3G18810"
"1659","AT3G18915"
"1660","AT3G18950"
"1661","AT3G19090"
"1662","AT3G19270"
"1663","AT3G19595"
"1664","AT3G19613"
"1665","AT3G19620"
"1666","AT3G19663"
"1667","AT3G19690"
"1668","AT3G19800"
"1669","AT3G19920"
"1670","AT3G19940"
"1671","AT3G20140"
"1672","AT3G20400"
"1673","AT3G20530"
"1674","AT3G20557"
"1675","AT3G20580"
"1676","AT3G20760"
"1677","AT3G20865"
"1678","AT3G20978"
"1679","AT3G21080"
"1680","AT3G21090"
"1681","AT3G21150"
"1682","AT3G21352"
"1683","AT3G21370"
"1684","AT3G21520"
"1685","AT3G21570"
"1686","AT3G21755"
"1687","AT3G21760"
"1688","AT3G21890"
"1689","AT3G22090"
"1690","AT3G22250"
"1691","AT3G22275"
"1692","AT3G22436"
"1693","AT3G22650"
"1694","AT3G22700"
"1695","AT3G22770"
"1696","AT3G22820"
"1697","AT3G22860"
"1698","AT3G23010"
"1699","AT3G23060"
"1700","AT3G23230"
"1701","AT3G23240"
"1702","AT3G23420"
"1703","AT3G23450"
"1704","AT3G23635"
"1705","AT3G23840"
"1706","AT3G23950"
"1707","AT3G24060"
"1708","AT3G24230"
"1709","AT3G24280"
"1710","AT3G24332"
"1711","AT3G24540"
"1712","AT3G24600"
"1713","AT3G24614"
"1714","AT3G24615"
"1715","AT3G24780"
"1716","AT3G24790"
"1717","AT3G24929"
"1718","AT3G25010"
"1719","AT3G25011"
"1720","AT3G25013"
"1721","AT3G25020"
"1722","AT3G25505"
"1723","AT3G25550"
"1724","AT3G25573"
"1725","AT3G25670"
"1726","AT3G25760"
"1727","AT3G25770"
"1728","AT3G25795"
"1729","AT3G26110"
"1730","AT3G26135"
"1731","AT3G26180"
"1732","AT3G26200"
"1733","AT3G26230"
"1734","AT3G26237"
"1735","AT3G26250"
"1736","AT3G26290"
"1737","AT3G26450"
"1738","AT3G26460"
"1739","AT3G26480"
"1740","AT3G26612"
"1741","AT3G26620"
"1742","AT3G26742"
"1743","AT3G26813"
"1744","AT3G26819"
"1745","AT3G26820"
"1746","AT3G26960"
"1747","AT3G27025"
"1748","AT3G27250"
"1749","AT3G27503"
"1750","AT3G27620"
"1751","AT3G27650"
"1752","AT3G27660"
"1753","AT3G27710"
"1754","AT3G27720"
"1755","AT3G27865"
"1756","AT3G27900"
"1757","AT3G27940"
"1758","AT3G27980"
"1759","AT3G27990"
"1760","AT3G28155"
"1761","AT3G28220"
"1762","AT3G28335"
"1763","AT3G28390"
"1764","AT3G28470"
"1765","AT3G28540"
"1766","AT3G28560"
"1767","AT3G28590"
"1768","AT3G28600"
"1769","AT3G28610"
"1770","AT3G28635"
"1771","AT3G28875"
"1772","AT3G28890"
"1773","AT3G28899"
"1774","AT3G29190"
"1775","AT3G29580"
"1776","AT3G29631"
"1777","AT3G29633"
"1778","AT3G29638"
"1779","AT3G29644"
"1780","AT3G29690"
"1781","AT3G29970"
"1782","AT3G30720"
"1783","AT3G30739"
"1784","AT3G30770"
"1785","AT3G42725"
"1786","AT3G43250"
"1787","AT3G43630"
"1788","AT3G43740"
"1789","AT3G43890"
"1790","AT3G43930"
"1791","AT3G43970"
"1792","AT3G44006"
"1793","AT3G44060"
"1794","AT3G44240"
"1795","AT3G44350"
"1796","AT3G44405"
"1797","AT3G44550"
"1798","AT3G44635"
"1799","AT3G44695"
"1800","AT3G44700"
"1801","AT3G44703"
"1802","AT3G44710"
"1803","AT3G44755"
"1804","AT3G44765"
"1805","AT3G44798"
"1806","AT3G44830"
"1807","AT3G45060"
"1808","AT3G45070"
"1809","AT3G45080"
"1810","AT3G45110"
"1811","AT3G45160"
"1812","AT3G45280"
"1813","AT3G45290"
"1814","AT3G45490"
"1815","AT3G45638"
"1816","AT3G45860"
"1817","AT3G46110"
"1818","AT3G46150"
"1819","AT3G46170"
"1820","AT3G46230"
"1821","AT3G46340"
"1822","AT3G46490"
"1823","AT3G46520"
"1824","AT3G46530"
"1825","AT3G46658"
"1826","AT3G46660"
"1827","AT3G46666"
"1828","AT3G46700"
"1829","AT3G46730"
"1830","AT3G46735"
"1831","AT3G46840"
"1832","AT3G46890"
"1833","AT3G46910"
"1834","AT3G47030"
"1835","AT3G47090"
"1836","AT3G47150"
"1837","AT3G47295"
"1838","AT3G47342"
"1839","AT3G47348"
"1840","AT3G47420"
"1841","AT3G47660"
"1842","AT3G47675"
"1843","AT3G47680"
"1844","AT3G47720"
"1845","AT3G47740"
"1846","AT3G47750"
"1847","AT3G47790"
"1848","AT3G47870"
"1849","AT3G48010"
"1850","AT3G48200"
"1851","AT3G48280"
"1852","AT3G48460"
"1853","AT3G48640"
"1854","AT3G48790"
"1855","AT3G48835"
"1856","AT3G48840"
"1857","AT3G49055"
"1858","AT3G49110"
"1859","AT3G49155"
"1860","AT3G49160"
"1861","AT3G49230"
"1862","AT3G49260"
"1863","AT3G49480"
"1864","AT3G49520"
"1865","AT3G49580"
"1866","AT3G49668"
"1867","AT3G49960"
"1868","AT3G50170"
"1869","AT3G50330"
"1870","AT3G50390"
"1871","AT3G50400"
"1872","AT3G50410"
"1873","AT3G50450"
"1874","AT3G50480"
"1875","AT3G50560"
"1876","AT3G50710"
"1877","AT3G50820"
"1878","AT3G50825"
"1879","AT3G50890"
"1880","AT3G50940"
"1881","AT3G51171"
"1882","AT3G51190"
"1883","AT3G51200"
"1884","AT3G51420"
"1885","AT3G51560"
"1886","AT3G51570"
"1887","AT3G51760"
"1888","AT3G52130"
"1889","AT3G52160"
"1890","AT3G52270"
"1891","AT3G52526"
"1892","AT3G52540"
"1893","AT3G52810"
"1894","AT3G53235"
"1895","AT3G53250"
"1896","AT3G53310"
"1897","AT3G53650"
"1898","AT3G53690"
"1899","AT3G53820"
"1900","AT3G54050"
"1901","AT3G54065"
"1902","AT3G54240"
"1903","AT3G54310"
"1904","AT3G54490"
"1905","AT3G54530"
"1906","AT3G54550"
"1907","AT3G54800"
"1908","AT3G54830"
"1909","AT3G55090"
"1910","AT3G55210"
"1911","AT3G55500"
"1912","AT3G55800"
"1913","AT3G55860"
"1914","AT3G55935"
"1915","AT3G56080"
"1916","AT3G56180"
"1917","AT3G56380"
"1918","AT3G56500"
"1919","AT3G56600"
"1920","AT3G56660"
"1921","AT3G56705"
"1922","AT3G56780"
"1923","AT3G56790"
"1924","AT3G56920"
"1925","AT3G57100"
"1926","AT3G57210"
"1927","AT3G57240"
"1928","AT3G57310"
"1929","AT3G57370"
"1930","AT3G57460"
"1931","AT3G57587"
"1932","AT3G57600"
"1933","AT3G57640"
"1934","AT3G57645"
"1935","AT3G57765"
"1936","AT3G57770"
"1937","AT3G57780"
"1938","AT3G58000"
"1939","AT3G58060"
"1940","AT3G58550"
"1941","AT3G58770"
"1942","AT3G58795"
"1943","AT3G58910"
"1944","AT3G59010"
"1945","AT3G59030"
"1946","AT3G59060"
"1947","AT3G59295"
"1948","AT3G59435"
"1949","AT3G59440"
"1950","AT3G59510"
"1951","AT3G59580"
"1952","AT3G59740"
"1953","AT3G59790"
"1954","AT3G59830"
"1955","AT3G59845"
"1956","AT3G59880"
"1957","AT3G60090"
"1958","AT3G60150"
"1959","AT3G60160"
"1960","AT3G60270"
"1961","AT3G60415"
"1962","AT3G60420"
"1963","AT3G60460"
"1964","AT3G60700"
"1965","AT3G60730"
"1966","AT3G60760"
"1967","AT3G60780"
"1968","AT3G60890"
"1969","AT3G60920"
"1970","AT3G60970"
"1971","AT3G60990"
"1972","AT3G61028"
"1973","AT3G61035"
"1974","AT3G61090"
"1975","AT3G61117"
"1976","AT3G61175"
"1977","AT3G61182"
"1978","AT3G61250"
"1979","AT3G61280"
"1980","AT3G61510"
"1981","AT3G61700"
"1982","AT3G61870"
"1983","AT3G61920"
"1984","AT3G61950"
"1985","AT3G62230"
"1986","AT3G62320"
"1987","AT3G62380"
"1988","AT3G62410"
"1989","AT3G62499"
"1990","AT3G62510"
"1991","AT3G62550"
"1992","AT3G62640"
"1993","AT3G62695"
"1994","AT3G62750"
"1995","AT3G62950"
"1996","AT3G63052"
"1997","AT3G63088"
"1998","AT3G63093"
"1999","AT3G63140"
"2000","AT3G63320"
"2001","AT3G63540"
"2002","AT3G66656"
"2003","AT4G00030"
"2004","AT4G00130"
"2005","AT4G00180"
"2006","AT4G00250"
"2007","AT4G00390"
"2008","AT4G00889"
"2009","AT4G00920"
"2010","AT4G00953"
"2011","AT4G00960"
"2012","AT4G01023"
"2013","AT4G01130"
"2014","AT4G01190"
"2015","AT4G01335"
"2016","AT4G01340"
"2017","AT4G01380"
"2018","AT4G01390"
"2019","AT4G01593"
"2020","AT4G01595"
"2021","AT4G01735"
"2022","AT4G01740"
"2023","AT4G01780"
"2024","AT4G01820"
"2025","AT4G01830"
"2026","AT4G01890"
"2027","AT4G01970"
"2028","AT4G02140"
"2029","AT4G02160"
"2030","AT4G02170"
"2031","AT4G02465"
"2032","AT4G02650"
"2033","AT4G02780"
"2034","AT4G03070"
"2035","AT4G03220"
"2036","AT4G03290"
"2037","AT4G03298"
"2038","AT4G03380"
"2039","AT4G03443"
"2040","AT4G03445"
"2041","AT4G03505"
"2042","AT4G03540"
"2043","AT4G03685"
"2044","AT4G03705"
"2045","AT4G03715"
"2046","AT4G03725"
"2047","AT4G03755"
"2048","AT4G03805"
"2049","AT4G03915"
"2050","AT4G03955"
"2051","AT4G04075"
"2052","AT4G04205"
"2053","AT4G04223"
"2054","AT4G04225"
"2055","AT4G04260"
"2056","AT4G04275"
"2057","AT4G04345"
"2058","AT4G04450"
"2059","AT4G04465"
"2060","AT4G04475"
"2061","AT4G04505"
"2062","AT4G04570"
"2063","AT4G04760"
"2064","AT4G04890"
"2065","AT4G04930"
"2066","AT4G04995"
"2067","AT4G05015"
"2068","AT4G05091"
"2069","AT4G05100"
"2070","AT4G05110"
"2071","AT4G05285"
"2072","AT4G05315"
"2073","AT4G05335"
"2074","AT4G05380"
"2075","AT4G05405"
"2076","AT4G05631"
"2077","AT4G05650"
"2078","AT4G05755"
"2079","AT4G05785"
"2080","AT4G05790"
"2081","AT4G05810"
"2082","AT4G05940"
"2083","AT4G05950"
"2084","AT4G06015"
"2085","AT4G06060"
"2086","AT4G06080"
"2087","AT4G06160"
"2088","AT4G06215"
"2089","AT4G06225"
"2090","AT4G06240"
"2091","AT4G06280"
"2092","AT4G06315"
"2093","AT4G06335"
"2094","AT4G06385"
"2095","AT4G06415"
"2096","AT4G06745"
"2097","AT4G06780"
"2098","AT4G06785"
"2099","AT4G06805"
"2100","AT4G06810"
"2101","AT4G06870"
"2102","AT4G06955"
"2103","AT4G07075"
"2104","AT4G07100"
"2105","AT4G07105"
"2106","AT4G07120"
"2107","AT4G07150"
"2108","AT4G07160"
"2109","AT4G07165"
"2110","AT4G07170"
"2111","AT4G07190"
"2112","AT4G07205"
"2113","AT4G07290"
"2114","AT4G07408"
"2115","AT4G07455"
"2116","AT4G07868"
"2117","AT4G07895"
"2118","AT4G07925"
"2119","AT4G07975"
"2120","AT4G07995"
"2121","AT4G08005"
"2122","AT4G08045"
"2123","AT4G08150"
"2124","AT4G08235"
"2125","AT4G08245"
"2126","AT4G08255"
"2127","AT4G08285"
"2128","AT4G08315"
"2129","AT4G08410"
"2130","AT4G08415"
"2131","AT4G08465"
"2132","AT4G08515"
"2133","AT4G08525"
"2134","AT4G08570"
"2135","AT4G08575"
"2136","AT4G08620"
"2137","AT4G08755"
"2138","AT4G08775"
"2139","AT4G08868"
"2140","AT4G08874"
"2141","AT4G08925"
"2142","AT4G08935"
"2143","AT4G08990"
"2144","AT4G09130"
"2145","AT4G09200"
"2146","AT4G09300"
"2147","AT4G09310"
"2148","AT4G09365"
"2149","AT4G09385"
"2150","AT4G09525"
"2151","AT4G09535"
"2152","AT4G09605"
"2153","AT4G09785"
"2154","AT4G09850"
"2155","AT4G09855"
"2156","AT4G09870"
"2157","AT4G09940"
"2158","AT4G09960"
"2159","AT4G09975"
"2160","AT4G10150"
"2161","AT4G10507"
"2162","AT4G10510"
"2163","AT4G10530"
"2164","AT4G10613"
"2165","AT4G11000"
"2166","AT4G11020"
"2167","AT4G11070"
"2168","AT4G11320"
"2169","AT4G11393"
"2170","AT4G11460"
"2171","AT4G11470"
"2172","AT4G11521"
"2173","AT4G11543"
"2174","AT4G11590"
"2175","AT4G11745"
"2176","AT4G11810"
"2177","AT4G11890"
"2178","AT4G12005"
"2179","AT4G12310"
"2180","AT4G12330"
"2181","AT4G12350"
"2182","AT4G12370"
"2183","AT4G12382"
"2184","AT4G12430"
"2185","AT4G12440"
"2186","AT4G12470"
"2187","AT4G12480"
"2188","AT4G12500"
"2189","AT4G12860"
"2190","AT4G12870"
"2191","AT4G12950"
"2192","AT4G12990"
"2193","AT4G13095"
"2194","AT4G13190"
"2195","AT4G13230"
"2196","AT4G13240"
"2197","AT4G13245"
"2198","AT4G13450"
"2199","AT4G13480"
"2200","AT4G13495"
"2201","AT4G13540"
"2202","AT4G13554"
"2203","AT4G13555"
"2204","AT4G13680"
"2205","AT4G13790"
"2206","AT4G13800"
"2207","AT4G14104"
"2208","AT4G14140"
"2209","AT4G14245"
"2210","AT4G14280"
"2211","AT4G14368"
"2212","AT4G14670"
"2213","AT4G14785"
"2214","AT4G14860"
"2215","AT4G14905"
"2216","AT4G15025"
"2217","AT4G15200"
"2218","AT4G15310"
"2219","AT4G15396"
"2220","AT4G15953"
"2221","AT4G15975"
"2222","AT4G16050"
"2223","AT4G16160"
"2224","AT4G16230"
"2225","AT4G16355"
"2226","AT4G16515"
"2227","AT4G16530"
"2228","AT4G16745"
"2229","AT4G16810"
"2230","AT4G16820"
"2231","AT4G16855"
"2232","AT4G16955"
"2233","AT4G16957"
"2234","AT4G16960"
"2235","AT4G17090"
"2236","AT4G17470"
"2237","AT4G17480"
"2238","AT4G17565"
"2239","AT4G17660"
"2240","AT4G17780"
"2241","AT4G17785"
"2242","AT4G17788"
"2243","AT4G17860"
"2244","AT4G17920"
"2245","AT4G17980"
"2246","AT4G18080"
"2247","AT4G18090"
"2248","AT4G18190"
"2249","AT4G18195"
"2250","AT4G18203"
"2251","AT4G18205"
"2252","AT4G18220"
"2253","AT4G18250"
"2254","AT4G18310"
"2255","AT4G18395"
"2256","AT4G18422"
"2257","AT4G18450"
"2258","AT4G18500"
"2259","AT4G18740"
"2260","AT4G18810"
"2261","AT4G19000"
"2262","AT4G19095"
"2263","AT4G19395"
"2264","AT4G19500"
"2265","AT4G19530"
"2266","AT4G19645"
"2267","AT4G19750"
"2268","AT4G19760"
"2269","AT4G19770"
"2270","AT4G19810"
"2271","AT4G19925"
"2272","AT4G19940"
"2273","AT4G19975"
"2274","AT4G20095"
"2275","AT4G20160"
"2276","AT4G20190"
"2277","AT4G20370"
"2278","AT4G20450"
"2279","AT4G20700"
"2280","AT4G20900"
"2281","AT4G20990"
"2282","AT4G21323"
"2283","AT4G21326"
"2284","AT4G21445"
"2285","AT4G21515"
"2286","AT4G21920"
"2287","AT4G22200"
"2288","AT4G22463"
"2289","AT4G22475"
"2290","AT4G22520"
"2291","AT4G22620"
"2292","AT4G22690"
"2293","AT4G22710"
"2294","AT4G22730"
"2295","AT4G22940"
"2296","AT4G23030"
"2297","AT4G23130"
"2298","AT4G23170"
"2299","AT4G23180"
"2300","AT4G23220"
"2301","AT4G23260"
"2302","AT4G23280"
"2303","AT4G23340"
"2304","AT4G23560"
"2305","AT4G23680"
"2306","AT4G23720"
"2307","AT4G23882"
"2308","AT4G23990"
"2309","AT4G24000"
"2310","AT4G24120"
"2311","AT4G24140"
"2312","AT4G24150"
"2313","AT4G24170"
"2314","AT4G24350"
"2315","AT4G24410"
"2316","AT4G24413"
"2317","AT4G24450"
"2318","AT4G24510"
"2319","AT4G24600"
"2320","AT4G24660"
"2321","AT4G24700"
"2322","AT4G24715"
"2323","AT4G24972"
"2324","AT4G25000"
"2325","AT4G25190"
"2326","AT4G25470"
"2327","AT4G25510"
"2328","AT4G25530"
"2329","AT4G25845"
"2330","AT4G25990"
"2331","AT4G26040"
"2332","AT4G26120"
"2333","AT4G26145"
"2334","AT4G26170"
"2335","AT4G26260"
"2336","AT4G26290"
"2337","AT4G26330"
"2338","AT4G26390"
"2339","AT4G26415"
"2340","AT4G26466"
"2341","AT4G26530"
"2342","AT4G26701"
"2343","AT4G26830"
"2344","AT4G26930"
"2345","AT4G26950"
"2346","AT4G27220"
"2347","AT4G27300"
"2348","AT4G27530"
"2349","AT4G27550"
"2350","AT4G27810"
"2351","AT4G27980"
"2352","AT4G28110"
"2353","AT4G28140"
"2354","AT4G28340"
"2355","AT4G28350"
"2356","AT4G28405"
"2357","AT4G28460"
"2358","AT4G28485"
"2359","AT4G28755"
"2360","AT4G28811"
"2361","AT4G28815"
"2362","AT4G28850"
"2363","AT4G29030"
"2364","AT4G29050"
"2365","AT4G29470"
"2366","AT4G29640"
"2367","AT4G29658"
"2368","AT4G29760"
"2369","AT4G29770"
"2370","AT4G29800"
"2371","AT4G29980"
"2372","AT4G30064"
"2373","AT4G30380"
"2374","AT4G30740"
"2375","AT4G30880"
"2376","AT4G30972"
"2377","AT4G31351"
"2378","AT4G31354"
"2379","AT4G31405"
"2380","AT4G31520"
"2381","AT4G31615"
"2382","AT4G31710"
"2383","AT4G31715"
"2384","AT4G31740"
"2385","AT4G31830"
"2386","AT4G31960"
"2387","AT4G32080"
"2388","AT4G32500"
"2389","AT4G32535"
"2390","AT4G32580"
"2391","AT4G32810"
"2392","AT4G33020"
"2393","AT4G33290"
"2394","AT4G33320"
"2395","AT4G33390"
"2396","AT4G33450"
"2397","AT4G33465"
"2398","AT4G33467"
"2399","AT4G33585"
"2400","AT4G33720"
"2401","AT4G33860"
"2402","AT4G33870"
"2403","AT4G33885"
"2404","AT4G33930"
"2405","AT4G33970"
"2406","AT4G34060"
"2407","AT4G34071"
"2408","AT4G34210"
"2409","AT4G34332"
"2410","AT4G34380"
"2411","AT4G34400"
"2412","AT4G34470"
"2413","AT4G34550"
"2414","AT4G34770"
"2415","AT4G34790"
"2416","AT4G35010"
"2417","AT4G35160"
"2418","AT4G35165"
"2419","AT4G35210"
"2420","AT4G35295"
"2421","AT4G35370"
"2422","AT4G35430"
"2423","AT4G35485"
"2424","AT4G35820"
"2425","AT4G36140"
"2426","AT4G36170"
"2427","AT4G36230"
"2428","AT4G36515"
"2429","AT4G36570"
"2430","AT4G36740"
"2431","AT4G36791"
"2432","AT4G36795"
"2433","AT4G36820"
"2434","AT4G36925"
"2435","AT4G37060"
"2436","AT4G37095"
"2437","AT4G37140"
"2438","AT4G37150"
"2439","AT4G37230"
"2440","AT4G37290"
"2441","AT4G37310"
"2442","AT4G37750"
"2443","AT4G37770"
"2444","AT4G37780"
"2445","AT4G38092"
"2446","AT4G38213"
"2447","AT4G38340"
"2448","AT4G38390"
"2449","AT4G38420"
"2450","AT4G38560"
"2451","AT4G38590"
"2452","AT4G38700"
"2453","AT4G38770"
"2454","AT4G38780"
"2455","AT4G38840"
"2456","AT4G38850"
"2457","AT4G39000"
"2458","AT4G39130"
"2459","AT4G39360"
"2460","AT4G39403"
"2461","AT4G39510"
"2462","AT4G39610"
"2463","AT4G39720"
"2464","AT4G39925"
"2465","AT4G39930"
"2466","AT5G00755"
"2467","AT5G00765"
"2468","AT5G00770"
"2469","AT5G00810"
"2470","AT5G00825"
"2471","AT5G00835"
"2472","AT5G00845"
"2473","AT5G00860"
"2474","AT5G00865"
"2475","AT5G00875"
"2476","AT5G00880"
"2477","AT5G00895"
"2478","AT5G00975"
"2479","AT5G00985"
"2480","AT5G01015"
"2481","AT5G01017"
"2482","AT5G01050"
"2483","AT5G01165"
"2484","AT5G01195"
"2485","AT5G01205"
"2486","AT5G01225"
"2487","AT5G01280"
"2488","AT5G01300"
"2489","AT5G01505"
"2490","AT5G01515"
"2491","AT5G01545"
"2492","AT5G01550"
"2493","AT5G01580"
"2494","AT5G01760"
"2495","AT5G01795"
"2496","AT5G02085"
"2497","AT5G02125"
"2498","AT5G02155"
"2499","AT5G02205"
"2500","AT5G02210"
"2501","AT5G02225"
"2502","AT5G02295"
"2503","AT5G02305"
"2504","AT5G02330"
"2505","AT5G02350"
"2506","AT5G02390"
"2507","AT5G02425"
"2508","AT5G02510"
"2509","AT5G02595"
"2510","AT5G02665"
"2511","AT5G02675"
"2512","AT5G02715"
"2513","AT5G02795"
"2514","AT5G02875"
"2515","AT5G02900"
"2516","AT5G02905"
"2517","AT5G03085"
"2518","AT5G03130"
"2519","AT5G03195"
"2520","AT5G03265"
"2521","AT5G03350"
"2522","AT5G03360"
"2523","AT5G03475"
"2524","AT5G03480"
"2525","AT5G03485"
"2526","AT5G03515"
"2527","AT5G03525"
"2528","AT5G03580"
"2529","AT5G03615"
"2530","AT5G03715"
"2531","AT5G03790"
"2532","AT5G03835"
"2533","AT5G03840"
"2534","AT5G03875"
"2535","AT5G03955"
"2536","AT5G03965"
"2537","AT5G04000"
"2538","AT5G04005"
"2539","AT5G04010"
"2540","AT5G04015"
"2541","AT5G04055"
"2542","AT5G04065"
"2543","AT5G04175"
"2544","AT5G04185"
"2545","AT5G04205"
"2546","AT5G04210"
"2547","AT5G04215"
"2548","AT5G04238"
"2549","AT5G04415"
"2550","AT5G04425"
"2551","AT5G04445"
"2552","AT5G04630"
"2553","AT5G04690"
"2554","AT5G04730"
"2555","AT5G04815"
"2556","AT5G04905"
"2557","AT5G05060"
"2558","AT5G05070"
"2559","AT5G05125"
"2560","AT5G05220"
"2561","AT5G05255"
"2562","AT5G05295"
"2563","AT5G05300"
"2564","AT5G05340"
"2565","AT5G05390"
"2566","AT5G05400"
"2567","AT5G05420"
"2568","AT5G05490"
"2569","AT5G06010"
"2570","AT5G06070"
"2571","AT5G06090"
"2572","AT5G06115"
"2573","AT5G06145"
"2574","AT5G06155"
"2575","AT5G06205"
"2576","AT5G06255"
"2577","AT5G06285"
"2578","AT5G06295"
"2579","AT5G06385"
"2580","AT5G06465"
"2581","AT5G06475"
"2582","AT5G06500"
"2583","AT5G06615"
"2584","AT5G06645"
"2585","AT5G06730"
"2586","AT5G06755"
"2587","AT5G06760"
"2588","AT5G06845"
"2589","AT5G06870"
"2590","AT5G06885"
"2591","AT5G06990"
"2592","AT5G07050"
"2593","AT5G07055"
"2594","AT5G07060"
"2595","AT5G07115"
"2596","AT5G07125"
"2597","AT5G07165"
"2598","AT5G07190"
"2599","AT5G07415"
"2600","AT5G07445"
"2601","AT5G07455"
"2602","AT5G07475"
"2603","AT5G07525"
"2604","AT5G07560"
"2605","AT5G07571"
"2606","AT5G07572"
"2607","AT5G07725"
"2608","AT5G07735"
"2609","AT5G07745"
"2610","AT5G07825"
"2611","AT5G07875"
"2612","AT5G07895"
"2613","AT5G07905"
"2614","AT5G07955"
"2615","AT5G07985"
"2616","AT5G07995"
"2617","AT5G08000"
"2618","AT5G08030"
"2619","AT5G08090"
"2620","AT5G08135"
"2621","AT5G08141"
"2622","AT5G08185"
"2623","AT5G08210"
"2624","AT5G08235"
"2625","AT5G08250"
"2626","AT5G08275"
"2627","AT5G08445"
"2628","AT5G08515"
"2629","AT5G08525"
"2630","AT5G08760"
"2631","AT5G08765"
"2632","AT5G08830"
"2633","AT5G08870"
"2634","AT5G08875"
"2635","AT5G08930"
"2636","AT5G08950"
"2637","AT5G08955"
"2638","AT5G08965"
"2639","AT5G08975"
"2640","AT5G08990"
"2641","AT5G09000"
"2642","AT5G09020"
"2643","AT5G09060"
"2644","AT5G09065"
"2645","AT5G09090"
"2646","AT5G09120"
"2647","AT5G09185"
"2648","AT5G09190"
"2649","AT5G09195"
"2650","AT5G09215"
"2651","AT5G09235"
"2652","AT5G09305"
"2653","AT5G09320"
"2654","AT5G09325"
"2655","AT5G09360"
"2656","AT5G09405"
"2657","AT5G09415"
"2658","AT5G09520"
"2659","AT5G09610"
"2660","AT5G09635"
"2661","AT5G09640"
"2662","AT5G09711"
"2663","AT5G09785"
"2664","AT5G09845"
"2665","AT5G09925"
"2666","AT5G09930"
"2667","AT5G10220"
"2668","AT5G10336"
"2669","AT5G10420"
"2670","AT5G10570"
"2671","AT5G11060"
"2672","AT5G11180"
"2673","AT5G11290"
"2674","AT5G11400"
"2675","AT5G11570"
"2676","AT5G11820"
"2677","AT5G12043"
"2678","AT5G12270"
"2679","AT5G12380"
"2680","AT5G12420"
"2681","AT5G13170"
"2682","AT5G13181"
"2683","AT5G13225"
"2684","AT5G13320"
"2685","AT5G13580"
"2686","AT5G13670"
"2687","AT5G13730"
"2688","AT5G13940"
"2689","AT5G14160"
"2690","AT5G14290"
"2691","AT5G14345"
"2692","AT5G14350"
"2693","AT5G14490"
"2694","AT5G14545"
"2695","AT5G14565"
"2696","AT5G14650"
"2697","AT5G14670"
"2698","AT5G14895"
"2699","AT5G15140"
"2700","AT5G15250"
"2701","AT5G15430"
"2702","AT5G15581"
"2703","AT5G15745"
"2704","AT5G15780"
"2705","AT5G15800"
"2706","AT5G15843"
"2707","AT5G15970"
"2708","AT5G16080"
"2709","AT5G16330"
"2710","AT5G16410"
"2711","AT5G16486"
"2712","AT5G16500"
"2713","AT5G16740"
"2714","AT5G16980"
"2715","AT5G17040"
"2716","AT5G17170"
"2717","AT5G17180"
"2718","AT5G17200"
"2719","AT5G17305"
"2720","AT5G17320"
"2721","AT5G17340"
"2722","AT5G17500"
"2723","AT5G17523"
"2724","AT5G17700"
"2725","AT5G17720"
"2726","AT5G17860"
"2727","AT5G17880"
"2728","AT5G17890"
"2729","AT5G18030"
"2730","AT5G18320"
"2731","AT5G18340"
"2732","AT5G18510"
"2733","AT5G18560"
"2734","AT5G18720"
"2735","AT5G18890"
"2736","AT5G18910"
"2737","AT5G19360"
"2738","AT5G19410"
"2739","AT5G19580"
"2740","AT5G19595"
"2741","AT5G19675"
"2742","AT5G19810"
"2743","AT5G20100"
"2744","AT5G20310"
"2745","AT5G20420"
"2746","AT5G20430"
"2747","AT5G20470"
"2748","AT5G20690"
"2749","AT5G20790"
"2750","AT5G20935"
"2751","AT5G21080"
"2752","AT5G21130"
"2753","AT5G22150"
"2754","AT5G22270"
"2755","AT5G22380"
"2756","AT5G22390"
"2757","AT5G22430"
"2758","AT5G22500"
"2759","AT5G22520"
"2760","AT5G22530"
"2761","AT5G22540"
"2762","AT5G22608"
"2763","AT5G22765"
"2764","AT5G22810"
"2765","AT5G22860"
"2766","AT5G23000"
"2767","AT5G23010"
"2768","AT5G23030"
"2769","AT5G23160"
"2770","AT5G23190"
"2771","AT5G23240"
"2772","AT5G23410"
"2773","AT5G23411"
"2774","AT5G23970"
"2775","AT5G24080"
"2776","AT5G24110"
"2777","AT5G24140"
"2778","AT5G24200"
"2779","AT5G24220"
"2780","AT5G24316"
"2781","AT5G24510"
"2782","AT5G24540"
"2783","AT5G24550"
"2784","AT5G24570"
"2785","AT5G24655"
"2786","AT5G24660"
"2787","AT5G24770"
"2788","AT5G24780"
"2789","AT5G24820"
"2790","AT5G24860"
"2791","AT5G24940"
"2792","AT5G25120"
"2793","AT5G25130"
"2794","AT5G25140"
"2795","AT5G25260"
"2796","AT5G25290"
"2797","AT5G25320"
"2798","AT5G25610"
"2799","AT5G25910"
"2800","AT5G25920"
"2801","AT5G26070"
"2802","AT5G26140"
"2803","AT5G26220"
"2804","AT5G26270"
"2805","AT5G26320"
"2806","AT5G26620"
"2807","AT5G26673"
"2808","AT5G26950"
"2809","AT5G27060"
"2810","AT5G27093"
"2811","AT5G27765"
"2812","AT5G27910"
"2813","AT5G28000"
"2814","AT5G28030"
"2815","AT5G28210"
"2816","AT5G28340"
"2817","AT5G28370"
"2818","AT5G28380"
"2819","AT5G28442"
"2820","AT5G28660"
"2821","AT5G28919"
"2822","AT5G33399"
"2823","AT5G35380"
"2824","AT5G35390"
"2825","AT5G35450"
"2826","AT5G35760"
"2827","AT5G35870"
"2828","AT5G36110"
"2829","AT5G36220"
"2830","AT5G36280"
"2831","AT5G36907"
"2832","AT5G36920"
"2833","AT5G36930"
"2834","AT5G36970"
"2835","AT5G37150"
"2836","AT5G37165"
"2837","AT5G37240"
"2838","AT5G37247"
"2839","AT5G37250"
"2840","AT5G37400"
"2841","AT5G37410"
"2842","AT5G37440"
"2843","AT5G37450"
"2844","AT5G37485"
"2845","AT5G37490"
"2846","AT5G37620"
"2847","AT5G37690"
"2848","AT5G37750"
"2849","AT5G37760"
"2850","AT5G37820"
"2851","AT5G37950"
"2852","AT5G38000"
"2853","AT5G38030"
"2854","AT5G38080"
"2855","AT5G38260"
"2856","AT5G38310"
"2857","AT5G38320"
"2858","AT5G38350"
"2859","AT5G38386"
"2860","AT5G38565"
"2861","AT5G38710"
"2862","AT5G38747"
"2863","AT5G38800"
"2864","AT5G38865"
"2865","AT5G38980"
"2866","AT5G38990"
"2867","AT5G39030"
"2868","AT5G39120"
"2869","AT5G39130"
"2870","AT5G39160"
"2871","AT5G39190"
"2872","AT5G39330"
"2873","AT5G39400"
"2874","AT5G39471"
"2875","AT5G39493"
"2876","AT5G39520"
"2877","AT5G39750"
"2878","AT5G39870"
"2879","AT5G40060"
"2880","AT5G40155"
"2881","AT5G40170"
"2882","AT5G40180"
"2883","AT5G40260"
"2884","AT5G40316"
"2885","AT5G40395"
"2886","AT5G40645"
"2887","AT5G41090"
"2888","AT5G41109"
"2889","AT5G41310"
"2890","AT5G41460"
"2891","AT5G41540"
"2892","AT5G41570"
"2893","AT5G41730"
"2894","AT5G41740"
"2895","AT5G41900"
"2896","AT5G41905"
"2897","AT5G41908"
"2898","AT5G42120"
"2899","AT5G42235"
"2900","AT5G42325"
"2901","AT5G42410"
"2902","AT5G42680"
"2903","AT5G42965"
"2904","AT5G43030"
"2905","AT5G43040"
"2906","AT5G43068"
"2907","AT5G43200"
"2908","AT5G43230"
"2909","AT5G43240"
"2910","AT5G43403"
"2911","AT5G43440"
"2912","AT5G43470"
"2913","AT5G43490"
"2914","AT5G43550"
"2915","AT5G43570"
"2916","AT5G43590"
"2917","AT5G43640"
"2918","AT5G43650"
"2919","AT5G43770"
"2920","AT5G43840"
"2921","AT5G43980"
"2922","AT5G44050"
"2923","AT5G44065"
"2924","AT5G44130"
"2925","AT5G44140"
"2926","AT5G44286"
"2927","AT5G44306"
"2928","AT5G44316"
"2929","AT5G44330"
"2930","AT5G44390"
"2931","AT5G44495"
"2932","AT5G44565"
"2933","AT5G44566"
"2934","AT5G44567"
"2935","AT5G44569"
"2936","AT5G44570"
"2937","AT5G44572"
"2938","AT5G44574"
"2939","AT5G44578"
"2940","AT5G44590"
"2941","AT5G44760"
"2942","AT5G44850"
"2943","AT5G44990"
"2944","AT5G45070"
"2945","AT5G45080"
"2946","AT5G45090"
"2947","AT5G45095"
"2948","AT5G45115"
"2949","AT5G45220"
"2950","AT5G45240"
"2951","AT5G45630"
"2952","AT5G45680"
"2953","AT5G45770"
"2954","AT5G45810"
"2955","AT5G45910"
"2956","AT5G46040"
"2957","AT5G46085"
"2958","AT5G46130"
"2959","AT5G46140"
"2960","AT5G46220"
"2961","AT5G46260"
"2962","AT5G46270"
"2963","AT5G46295"
"2964","AT5G46330"
"2965","AT5G46380"
"2966","AT5G46440"
"2967","AT5G46490"
"2968","AT5G46510"
"2969","AT5G46520"
"2970","AT5G46540"
"2971","AT5G46650"
"2972","AT5G46770"
"2973","AT5G46871"
"2974","AT5G46880"
"2975","AT5G46915"
"2976","AT5G46950"
"2977","AT5G47470"
"2978","AT5G47590"
"2979","AT5G47670"
"2980","AT5G48050"
"2981","AT5G48190"
"2982","AT5G48350"
"2983","AT5G48400"
"2984","AT5G48410"
"2985","AT5G48550"
"2986","AT5G48575"
"2987","AT5G48750"
"2988","AT5G48770"
"2989","AT5G48775"
"2990","AT5G48780"
"2991","AT5G48800"
"2992","AT5G48890"
"2993","AT5G48980"
"2994","AT5G49070"
"2995","AT5G49140"
"2996","AT5G49305"
"2997","AT5G49350"
"2998","AT5G49525"
"2999","AT5G49770"
"3000","AT5G49860"
"3001","AT5G49870"
"3002","AT5G49920"
"3003","AT5G50130"
"3004","AT5G50190"
"3005","AT5G50335"
"3006","AT5G50540"
"3007","AT5G50590"
"3008","AT5G50640"
"3009","AT5G50690"
"3010","AT5G51105"
"3011","AT5G51174"
"3012","AT5G51270"
"3013","AT5G51330"
"3014","AT5G51465"
"3015","AT5G51620"
"3016","AT5G51750"
"3017","AT5G51915"
"3018","AT5G51950"
"3019","AT5G52190"
"3020","AT5G52300"
"3021","AT5G52310"
"3022","AT5G52350"
"3023","AT5G52480"
"3024","AT5G52600"
"3025","AT5G52700"
"3026","AT5G52940"
"3027","AT5G53048"
"3028","AT5G53100"
"3029","AT5G53380"
"3030","AT5G53600"
"3031","AT5G53660"
"3032","AT5G53680"
"3033","AT5G53700"
"3034","AT5G53740"
"3035","AT5G53810"
"3036","AT5G53870"
"3037","AT5G53902"
"3038","AT5G53905"
"3039","AT5G53950"
"3040","AT5G54035"
"3041","AT5G54040"
"3042","AT5G54043"
"3043","AT5G54050"
"3044","AT5G54070"
"3045","AT5G54190"
"3046","AT5G54330"
"3047","AT5G54450"
"3048","AT5G54610"
"3049","AT5G54620"
"3050","AT5G54630"
"3051","AT5G54710"
"3052","AT5G54720"
"3053","AT5G54990"
"3054","AT5G55010"
"3055","AT5G55135"
"3056","AT5G55150"
"3057","AT5G55250"
"3058","AT5G55270"
"3059","AT5G55340"
"3060","AT5G55360"
"3061","AT5G55370"
"3062","AT5G55460"
"3063","AT5G55570"
"3064","AT5G55590"
"3065","AT5G55800"
"3066","AT5G55893"
"3067","AT5G56200"
"3068","AT5G56300"
"3069","AT5G56370"
"3070","AT5G56380"
"3071","AT5G56510"
"3072","AT5G56700"
"3073","AT5G56850"
"3074","AT5G56960"
"3075","AT5G57200"
"3076","AT5G57260"
"3077","AT5G57380"
"3078","AT5G57530"
"3079","AT5G57540"
"3080","AT5G57550"
"3081","AT5G57640"
"3082","AT5G57820"
"3083","AT5G58080"
"3084","AT5G58260"
"3085","AT5G58770"
"3086","AT5G58780"
"3087","AT5G58860"
"3088","AT5G58910"
"3089","AT5G59060"
"3090","AT5G59100"
"3091","AT5G59170"
"3092","AT5G59190"
"3093","AT5G59320"
"3094","AT5G59370"
"3095","AT5G59670"
"3096","AT5G59720"
"3097","AT5G60010"
"3098","AT5G60060"
"3099","AT5G60130"
"3100","AT5G60180"
"3101","AT5G60215"
"3102","AT5G60220"
"3103","AT5G60250"
"3104","AT5G60260"
"3105","AT5G60290"
"3106","AT5G60440"
"3107","AT5G60780"
"3108","AT5G60830"
"3109","AT5G61070"
"3110","AT5G61180"
"3111","AT5G61270"
"3112","AT5G61290"
"3113","AT5G61430"
"3114","AT5G61455"
"3115","AT5G61890"
"3116","AT5G62110"
"3117","AT5G62230"
"3118","AT5G62250"
"3119","AT5G62470"
"3120","AT5G62490"
"3121","AT5G62510"
"3122","AT5G63070"
"3123","AT5G63270"
"3124","AT5G63340"
"3125","AT5G63350"
"3126","AT5G63450"
"3127","AT5G63560"
"3128","AT5G63580"
"3129","AT5G63625"
"3130","AT5G63750"
"3131","AT5G63820"
"3132","AT5G64190"
"3133","AT5G64490"
"3134","AT5G64540"
"3135","AT5G64667"
"3136","AT5G64870"
"3137","AT5G65130"
"3138","AT5G65140"
"3139","AT5G65158"
"3140","AT5G65225"
"3141","AT5G65320"
"3142","AT5G65370"
"3143","AT5G65500"
"3144","AT5G65550"
"3145","AT5G65600"
"3146","AT5G65730"
"3147","AT5G65850"
"3148","AT5G66400"
"3149","AT5G66595"
"3150","AT5G66620"
"3151","AT5G66660"
"3152","AT5G66700"
"3153","AT5G66890"
"3154","ATCG00010"
"3155","ATCG00090"
"3156","ATCG00110"
"3157","ATCG00320"
"3158","ATCG00330"
"3159","ATCG00390"
"3160","ATCG00550"
"3161","ATCG00560"
"3162","ATCG00570"
"3163","ATCG00590"
"3164","ATCG00600"
"3165","ATCG00700"
"3166","ATCG00970"
"3167","ATCG01160"
"3168","ATMG00040"
"3169","ATMG00050"
"3170","ATMG00130"
"3171","ATMG00150"
"3172","ATMG00170"
"3173","ATMG00200"
"3174","ATMG00240"
"3175","ATMG00260"
"3176","ATMG00280"
"3177","ATMG00450"
"3178","ATMG00470"
"3179","ATMG00530"
"3180","ATMG00550"
"3181","ATMG00600"
"3182","ATMG00610"
"3183","ATMG00620"
"3184","ATMG00740"
"3185","ATMG00750"
"3186","ATMG00760"
"3187","ATMG00770"
"3188","ATMG00890"
"3189","ATMG00940"
"3190","ATMG01020"
"3191","ATMG01030"
"3192","ATMG01040"
"3193","ATMG01060"
"3194","ATMG01090"
"3195","ATMG01170"
"3196","ATMG01240"
"3197","ATMG01270"
"3198","ATMG01290"
"3199","ATMG01300"
"3200","ATMG01310"
"3201","ATMG01410"
