TAIR,SYMBOL,Log2fc_.Col.0_FLT_Alight.v.Col.0_FLT_dark.,Log2fc_.Col.0_FLT_Alight.v.Col.0_GC_Alight.,Log2fc_.Col.0_FLT_Alight.v.Col.0_GC_dark.,Log2fc_.Col.0_FLT_Alight.v.Col.0.PhyD_FLT_Alight.,Log2fc_.Col.0_FLT_Alight.v.Col.0.PhyD_FLT_dark.,Log2fc_.Col.0_FLT_Alight.v.Col.0.PhyD_GC_Alight.,Log2fc_.Col.0_FLT_Alight.v.Col.0.PhyD_GC_dark.,Log2fc_.Col.0_FLT_Alight.v.Ws_FLT_Alight.,Log2fc_.Col.0_FLT_Alight.v.Ws_FLT_dark.,Log2fc_.Col.0_FLT_Alight.v.Ws_GC_Alight.,Log2fc_.Col.0_FLT_Alight.v.Ws_GC_dark.,Log2fc_.Col.0_FLT_dark.v.Col.0_GC_Alight.,Log2fc_.Col.0_FLT_dark.v.Col.0_GC_dark.,Log2fc_.Col.0_FLT_dark.v.Col.0.PhyD_FLT_Alight.,Log2fc_.Col.0_FLT_dark.v.Col.0.PhyD_FLT_dark.,Log2fc_.Col.0_FLT_dark.v.Col.0.PhyD_GC_Alight.,Log2fc_.Col.0_FLT_dark.v.Col.0.PhyD_GC_dark.,Log2fc_.Col.0_FLT_dark.v.Ws_FLT_Alight.,Log2fc_.Col.0_FLT_dark.v.Ws_FLT_dark.,Log2fc_.Col.0_FLT_dark.v.Ws_GC_Alight.,Log2fc_.Col.0_FLT_dark.v.Ws_GC_dark.
AT1G01960,EDA10,0.339189121,0.626678998,-0.268225981,0.200635105,-0.196440899,0.011857549,0.178586477,0.656822593,-0.017546794,0.065972814,-0.304524561,0.287489877,-0.607415102,-0.138554016,-0.53563002,-0.327331572,-0.160602644,0.317633472,-0.356735915,-0.273216307,-0.643713682
AT1G04260,MPI7,-0.088129395,-0.399476782,-0.08025443,-0.097822245,-0.306420524,-0.185555353,-0.293602415,-0.110667025,0.278159111,0.381773864,0.117395021,-0.311347388,0.007874965,-0.00969285,-0.21829113,-0.097425958,-0.20547302,-0.02253763,0.366288506,0.469903258,0.205524416
AT1G04440,CKL13,0.315897841,0.436866582,0.51884723,-0.166524325,0.384875256,-0.042974205,0.324153231,0.126902587,0.480604878,0.394965755,1.002502177,0.120968741,0.202949389,-0.482422166,0.068977415,-0.358872046,0.008255389,-0.188995254,0.164707037,0.079067914,0.686604336
AT1G05360,KMS2,-0.024383947,-0.48285626,0.00868467,0.14770373,0.226817072,-0.123021894,-0.25565272,0.035940321,0.22611625,0.088396461,-0.08805836,-0.458472314,0.033068617,0.172087677,0.251201019,-0.098637947,-0.231268774,0.060324268,0.250500197,0.112780408,-0.063674414
AT1G08190,ATVAM2,0.331959658,0.492673895,-0.054487278,0.17664399,0.225522742,0.55457909,-0.056947881,0.549692208,0.117597271,0.399403417,0.45532138,0.160714237,-0.386446936,-0.155315668,-0.106436916,0.222619432,-0.388907539,0.21773255,-0.214362387,0.06744376,0.123361723
AT1G08560,ATSYP111,0.129553518,-0.453364845,-0.73912833,0.158647027,0.644283822,0.632331475,0.458289232,-0.366339368,-0.318824748,-0.127185096,-0.624242527,-0.582918363,-0.868681848,0.029093509,0.514730304,0.502777956,0.328735713,-0.495892886,-0.448378266,-0.256738615,-0.753796045
AT1G08770,PRA1.E,0.063346922,-0.451581679,0.070054365,-0.619241115,-0.29522588,-0.365430429,-0.162030512,-1.013556549,-0.3065186,-0.295816978,0.237535833,-0.514928601,0.006707443,-0.682588037,-0.358572801,-0.42877735,-0.225377434,-1.076903471,-0.369865522,-0.3591639,0.174188911
AT1G12360,KEU,0.162050738,0.124409038,0.045630016,-0.06988322,0.134425244,-0.031909361,0.445378384,0.155107326,0.3881517,-0.079724251,0.298556498,-0.0376417,-0.116420722,-0.231933959,-0.027625495,-0.193960099,0.283327645,-0.006943412,0.226100962,-0.24177499,0.13650576
AT1G13980,EMB30,-0.135369176,0.019281094,-0.638305284,-0.039734042,-0.815551331,-0.301143827,-0.056377397,0.48453191,-0.318090844,-0.398531657,-0.154981326,0.15465027,-0.502936107,0.095635135,-0.680182155,-0.165774651,0.07899178,0.619901086,-0.182721667,-0.263162481,-0.019612149
AT1G17730,CHMP1B,-0.094890239,-0.577217021,-0.081853641,-0.176371618,-0.004285731,-0.198839718,-0.328618003,-0.413333047,-0.204336489,-0.300319581,-0.098207687,-0.482326782,0.013036598,-0.081481379,0.090604508,-0.103949478,-0.233727764,-0.318442808,-0.10944625,-0.205429342,-0.003317448
AT1G23900,GAMMA-ADAPTIN,0.194465333,0.217841656,0.110304502,0.31581774,0.766005416,0.463635838,0.313487003,0.984047992,1.021274076,0.516170257,0.663246917,0.023376324,-0.08416083,0.121352407,0.571540083,0.269170505,0.119021671,0.789582659,0.826808744,0.321704925,0.468781584
AT1G28490,ATSYP61,-0.049924181,-0.186557819,-0.002190875,0.001661473,-0.012512224,0.160766645,0.029663291,-0.305244545,-0.276876918,-0.161304874,-0.32936003,-0.136633638,0.047733306,0.051585654,0.037411957,0.210690826,0.079587472,-0.255320364,-0.226952737,-0.111380693,-0.279435849
AT1G47550,SEC3A,0.2883467,0.3465118,-0.1121653,0.06150509,0.2397452,0.03627745,-0.002451381,0.6741393,-0.008322462,0.02033512,-0.1885369,0.05816512,-0.400512,-0.2268416,-0.04860157,-0.2520693,-0.2907981,0.3857926,-0.2966692,-0.2680116,-0.4768837
AT1G48240,ATNPSN12,0.09429908,0.05122195,-0.3357336,0.09334904,-0.5235273,-0.01975266,-0.2360944,-0.22077,-0.3959868,-0.1102803,0.01717653,-0.04307714,-0.4300327,-0.000950042,-0.6178264,-0.1140517,-0.3303935,-0.3150691,-0.4902859,-0.2045794,-0.07712255
AT1G50500,ATVPS53,0.2386772,0.4521479,0.02026588,0.355045,0.214089,0.1595906,0.3652798,0.1935904,0.05510806,0.03496378,-0.0224019,0.2134707,-0.2184113,0.1163678,-0.02458815,-0.07908654,0.1266026,-0.04508674,-0.1835691,-0.2037134,-0.2610791
AT1G54090,ATEXO70D2,0.3579574,0.5397692,0.1540422,0.2011554,0.1653508,0.5164396,0.1126523,0.1330338,0.12844,0.0460099,0.2835418,0.1818118,-0.2039151,-0.156802,-0.1926066,0.1584822,-0.2453051,-0.2249236,-0.2295174,-0.3119475,-0.07441561
AT1G56590,AP3M,-0.07141026,-0.1242236,-0.07727471,0.1157829,-0.0299097,0.08683004,-0.06478955,0.07811225,0.08209138,0.4525955,0.08964663,-0.05281331,-0.005864451,0.1871931,0.04150056,0.1582403,0.006620703,0.1495225,0.1535016,0.5240058,0.1610569
AT1G71270,ATVPS52,0.06060184,0.3244461,0.1467794,0.59054,0.3108882,0.5120697,-0.03580799,0.4708373,0.05220679,0.2662174,-0.1204491,0.2638443,0.08617752,0.5299381,0.2502864,0.4514678,-0.09640983,0.4102354,-0.008395057,0.2056156,-0.1810509
AT1G71820,SEC6,0.2209138,0.3827077,0.4549392,0.1286764,0.3212767,0.6172875,0.2817429,0.7043809,-0.119042,0.4345335,0.1571183,0.1617939,0.2340254,-0.09223742,0.1003629,0.3963736,0.06082909,0.4834671,-0.3399558,0.2136197,-0.06379553
AT1G72470,ATEXO70D1,0.4394245,0.9142322,0.6796288,0.7255382,0.8513587,1.226536,0.3222516,0.7099268,0.457039,1.018525,0.1839624,0.4748077,0.2402044,0.2861137,0.4119342,0.7871118,-0.1171728,0.2705024,0.01761457,0.5791001,-0.255462
AT1G75850,VPS35B,-0.01828456,0.1979807,0.1962866,-0.05951581,0.1263365,-0.2833379,0.07838242,0.2100141,0.0742326,-0.08500357,0.1226829,0.2162652,0.2145711,-0.04123124,0.1446211,-0.2650533,0.09666698,0.2282986,0.09251717,-0.06671901,0.1409674
AT1G76850,SEC5A,0.4871706,0.8038265,-0.003334264,0.4007192,0.3417172,0.1966787,0.6234072,1.125059,0.2647444,0.4282642,0.2494315,0.316656,-0.4905048,-0.08645131,-0.1454533,-0.2904919,0.1362366,0.6378884,-0.2224262,-0.05890633,-0.237739
AT2G14740,ATVSR3,0.3568788,0.3693973,0.5882974,0.2802433,0.8499537,0.7915215,0.7075741,0.5679247,0.3907935,-0.04816101,0.0743118,0.01251854,0.2314186,-0.07663549,0.493075,0.4346427,0.3506954,0.2110459,0.03391477,-0.4050398,-0.282567
AT2G17790,VPS35A,0.3645132,0.3702379,0.2640473,0.502936,0.09551527,0.6501155,0.3651016,0.7934766,0.32574,0.3488006,0.4131872,0.005724709,-0.1004659,0.1384228,-0.2689979,0.2856024,0.000588417,0.4289634,-0.0387732,-0.01571254,0.04867399
AT2G17980,ATSLY1,0.4948329,0.4886277,0.4364185,0.4990455,0.865563,0.7437695,0.6418538,0.3191842,0.4255807,0.4372804,0.1935361,-0.006205235,-0.05841443,0.004212563,0.3707301,0.2489366,0.1470209,-0.1756487,-0.06925221,-0.05755253,-0.3012968
AT2G19470,ckl5,0.2660796,0.1588713,0.1352209,0.1371806,0.3668798,0.1047525,-0.1497742,0.8361242,-0.1219683,0.07501605,0.2027497,-0.1072083,-0.1308587,-0.128899,0.1008002,-0.1613271,-0.4158537,0.5700446,-0.3880479,-0.1910635,-0.06332985
AT2G19950,GC1,0.07319834,0.4587015,0.1311353,-0.007517417,-0.01107183,0.2228304,0.1964945,0.3332977,-0.1922598,0.0765936,0.02638771,0.3855032,0.05793699,-0.08071576,-0.08427016,0.149632,0.1232962,0.2600994,-0.2654582,0.003395263,-0.04681063
AT2G32900,ATZW10,0.2725007,0.2123577,-0.01580845,0.2357578,0.25704,0.3040715,0.2827802,0.4482473,0.2858278,0.1332999,-0.02917034,-0.06014296,-0.2883091,-0.03674289,-0.01546064,0.03157085,0.01027949,0.1757467,0.01332711,-0.1392008,-0.301671
AT2G35190,ATNPSN11,-0.1277697,-0.1284912,0.1261407,0.1226198,-0.04153688,0.3669241,-0.1429259,-0.1285143,0.06556335,0.04010317,-0.06744924,-0.00072154,0.2539104,0.2503895,0.08623282,0.4946938,-0.01515619,-0.00074459,0.1933331,0.1678729,0.06032046
AT2G38360,PRA1.B4,-0.105895,0.2815683,0.3793435,0.3958311,0.1269879,0.4024475,-0.274814,-0.3575623,-0.03496814,0.1824817,0.0370722,0.3874633,0.4852385,0.5017261,0.2328829,0.5083425,-0.168919,-0.2516673,0.07092688,0.2883767,0.1429672
AT2G39380,ATEXO70H2,0.6099604,0.1522373,1.203412,-0.8423407,-0.181623,-0.3729197,0.9898588,1.160264,1.644609,1.188374,3.125808,-0.4577231,0.5934514,-1.452301,-0.7915834,-0.9828801,0.3798984,0.5503037,1.034648,0.5784134,2.515848
AT2G43130,ARA-4,0.03727899,0.1742447,0.2355682,0.1054669,0.1362244,0.1961897,-0.1116912,-0.109822,-0.1797714,0.3755461,-0.1623397,0.1369658,0.1982892,0.06818788,0.09894544,0.1589107,-0.1489702,-0.147101,-0.2170504,0.3382671,-0.1996187
AT3G01780,TPLATE,0.3598151,0.5118622,-0.04992829,0.6165717,0.3423772,0.3852903,0.290944,0.5010886,0.2077317,0.2934974,-0.06846365,0.1520472,-0.4097433,0.2567566,-0.0174379,0.02547528,-0.06887106,0.1412735,-0.1520834,-0.0663177,-0.4282787
AT3G03120,ARFB1C,-0.09817969,-0.3954527,0.1858849,-0.412376,0.01858892,-0.08143909,0.1094916,0.07429221,0.4822017,0.1432959,0.3097124,-0.297273,0.2840646,-0.3141963,0.1167686,0.0167406,0.2076713,0.1724719,0.5803814,0.2414756,0.4078921
AT3G05710,ATSYP43,0.09014261,0.3640213,0.1253008,0.2201988,0.1869848,0.1417473,0.244413,0.1068408,0.005277403,0.05527245,-0.09545278,0.2738787,0.0351582,0.1300562,0.09684217,0.05160465,0.1542704,0.01669822,-0.08486521,-0.03487016,-0.1855954
AT3G10380,ATSEC8,-0.02173529,0.2957327,-0.189401,0.161703,-0.1746799,0.2467827,-0.08229567,0.2700318,-0.1276375,-0.2527694,-0.07208124,0.3174679,-0.1676658,0.1834383,-0.1529446,0.268518,-0.06056038,0.2917671,-0.1059022,-0.2310342,-0.05034596
AT3G11397,PRA1.A3,-0.06708119,-0.3269065,-0.1137624,-0.01524058,-0.05159793,-0.3194732,-0.3094023,-0.2181934,-0.3291765,-0.346711,-0.2144778,-0.2598253,-0.04668118,0.05184061,0.01548326,-0.252392,-0.2423211,-0.1511122,-0.2620953,-0.2796298,-0.1473966
AT3G11820,AT-SYR1,-0.3016176,0.118738,0.04888255,-0.6809055,-0.3062236,-0.2047042,-0.4658323,-0.3413911,-0.428672,-0.003400617,0.2482353,0.4203556,0.3505001,-0.3792879,-0.004605972,0.09691339,-0.1642147,-0.03977352,-0.1270544,0.298217,0.5498528
AT3G18480,AtCASP,-0.1393861,0.07997713,-0.1959654,-0.005557153,0.03874692,0.2017747,-0.04978669,0.1520653,-0.2082082,0.07020523,-0.2748072,0.2193632,-0.05657929,0.1338289,0.178133,0.3411608,0.08959941,0.2914514,-0.06882209,0.2095913,-0.1354211
AT3G20290,ATEHD1,0.01162701,-0.1589576,0.01672052,-0.1459782,0.07251801,-0.3142686,-0.07330421,0.1887842,0.2616373,-0.1624643,0.07062652,-0.1705846,0.005093508,-0.1576052,0.060891,-0.3258956,-0.08493122,0.1771572,0.2500103,-0.1740913,0.05899951
AT3G24350,ATSYP32,-0.06364028,-0.2362095,0.01259348,0.2289018,-0.05198136,0.1512713,0.160054,0.01730657,-0.003578442,-0.06266908,-0.05982777,-0.1725692,0.07623376,0.292542,0.01165892,0.2149116,0.2236942,0.08094685,0.06006184,0.000971199,0.003812509
AT3G27530,GC6,0.0605831,0.08263104,0.05704438,0.1826098,0.1871268,0.2859864,0.2175163,0.7718415,0.5356183,0.4670238,0.3103051,0.02204794,-0.003538724,0.1220267,0.1265437,0.2254033,0.1569332,0.7112584,0.4750352,0.4064407,0.249722
AT3G44340,CEF,-0.01583927,0.4522071,-0.214423,0.4036925,0.2868879,0.08451597,0.09839871,0.7863874,0.0157466,0.3645702,0.1187848,0.4680464,-0.1985837,0.4195318,0.3027272,0.1003552,0.114238,0.8022266,0.03158587,0.3804095,0.134624
AT3G51310,VPS35C,0.362724,0.2827351,-0.1487944,0.3036591,0.2634945,0.3279967,0.2723563,0.4163852,0.2155965,0.174671,0.04336978,-0.07998894,-0.5115184,-0.05906495,-0.0992295,-0.03472734,-0.0903677,0.05366115,-0.1471275,-0.188053,-0.3193542
AT3G51890,CLC3,0.06229083,0.4196592,1.044741,-0.8144983,0.08508641,-0.08908681,0.7581298,-0.1780251,0.5076534,0.6604643,1.52443,0.3573684,0.9824503,-0.8767891,0.02279558,-0.1513776,0.6958389,-0.2403159,0.4453625,0.5981735,1.462139
AT3G52190,AtPHF1,0.0886911,0.01890952,0.1753933,-0.0881273,0.1848797,0.4341602,-0.07662315,-0.642961,0.2379758,-0.005153616,-0.07453534,-0.06978158,0.08670223,-0.1768184,0.09618857,0.3454691,-0.1653142,-0.7316521,0.1492847,-0.09384471,-0.1632264
AT3G52400,ATSYP122,-0.02242239,0.8431357,0.698992,-0.6523235,-0.007990485,-0.6810892,-0.01870341,-0.3866399,0.1110535,0.08161474,1.237344,0.8655581,0.7214144,-0.6299011,0.0144319,-0.6586669,0.003718976,-0.3642176,0.1334759,0.1040371,1.259766
AT3G53120,VPS37-1,0.1008964,-0.3163194,0.3102613,-0.1672863,0.2317198,0.1502028,0.1382617,-0.1680777,0.378011,0.2145434,0.3485901,-0.4172158,0.2093649,-0.2681826,0.1308234,0.04930639,0.03736536,-0.268974,0.2771146,0.113647,0.2476937
AT3G54860,ATVPS33,0.1171758,-0.002059878,-0.206722,-0.1687936,0.0998928,0.2123214,0.1945826,0.1638768,0.1388246,-0.2990958,-0.2279257,-0.1192356,-0.3238977,-0.2859694,-0.01728295,0.09514562,0.07740685,0.04670108,0.02164882,-0.4162715,-0.3451014
AT3G56110,PRA1.B1,-0.1622478,-0.3457903,-0.07427588,0.02630104,-0.2950187,0.2095093,-0.4847103,-0.4302357,-0.5699403,-0.134195,-0.6489518,-0.1835425,0.08797191,0.1885488,-0.132771,0.3717571,-0.3224625,-0.2679879,-0.4076925,0.02805277,-0.486704
AT4G02350,SEC15B,0.2778553,0.3207329,-0.1146178,0.2421273,-0.000413355,0.2453305,-0.03278604,0.3300499,0.03841568,-0.02421539,0.01153898,0.04287754,-0.3924732,-0.03572806,-0.2782687,-0.03252481,-0.3106414,0.05219459,-0.2394396,-0.3020707,-0.2663163
AT4G05000,VPS28-1,0.08839511,-0.2143993,0.1101723,-0.1951018,0.1775176,-0.06771966,0.235841,-0.1250813,0.09173127,0.144598,0.0737171,-0.3027944,0.02177714,-0.2834969,0.08912253,-0.1561148,0.1474459,-0.2134764,0.003336158,0.05620286,-0.01467801
AT4G14455,ATBET12,-0.1266021,-0.3385381,-0.08846833,-0.2140269,-0.4142191,-0.1065018,-0.5250118,-0.2090969,-0.2946929,-0.1989999,-0.2953774,-0.211936,0.03813381,-0.08742478,-0.287617,0.02010035,-0.3984097,-0.08249477,-0.1680908,-0.07239779,-0.1687752
AT4G14950,KMS1,-0.03965129,0.01188242,0.1148388,-0.000288564,0.06494293,0.3974111,-0.1624793,0.05852845,-0.155069,0.08765735,-0.3292327,0.05153371,0.1544901,0.03936273,0.1045942,0.4370624,-0.122828,0.09817975,-0.1154177,0.1273086,-0.2895814
AT4G16340,SPK1,0.1881879,0.4583482,-0.4652389,0.1503448,-0.2621376,0.2255634,-0.1655568,0.4648233,-0.5313182,-0.4332445,-0.7187095,0.2701602,-0.6534269,-0.0378431,-0.4503255,0.03737545,-0.3537447,0.2766353,-0.7195061,-0.6214324,-0.9068975
AT4G19003,VPS25,-0.1678719,-0.2449892,-0.189536,-0.1752997,-0.5150865,-0.2254892,-0.1282882,-0.1066874,0.0990955,-0.02853405,-0.05710121,-0.0771173,-0.02166413,-0.007427771,-0.3472146,-0.05761735,0.03958371,0.06118449,0.2669674,0.1393378,0.1107707
AT4G19490,ATVPS54,0.4186767,0.4380603,-0.2603734,0.1900014,0.2457264,0.2678555,-0.00461361,1.100518,0.8098244,0.7266378,1.175553,0.01938363,-0.6790501,-0.2286753,-0.1729503,-0.1508212,-0.4232903,0.6818409,0.3911477,0.3079611,0.7568767
AT4G20110,BP80-3;1,0.4658131,0.9287053,1.170243,-0.8902161,-0.4969889,-0.8164408,-0.1565504,0.36436,0.4255624,0.5370019,2.029212,0.4628922,0.7044301,-1.356029,-0.962802,-1.282254,-0.6223635,-0.1014531,-0.04025077,0.07118881,1.563399
AT4G20410,GAMMA-SNAP,0.01168645,-0.1422863,0.3489115,-0.2245822,0.1531265,0.318874,0.2746055,0.7789309,1.196616,1.186374,1.129625,-0.1539727,0.3372251,-0.2362686,0.14144,0.3071876,0.262919,0.7672444,1.18493,1.174687,1.117939
AT4G21560,VPS28,0.08155951,0.07349662,0.2793638,-0.2996267,-0.1353189,-0.02366831,0.1677496,-0.1677491,0.2149732,0.05572142,0.8856515,-0.008062889,0.1978043,-0.3811862,-0.2168784,-0.1052278,0.08619013,-0.2493086,0.1334137,-0.02583809,0.804092
AT4G26100,CK1,-0.05005246,0.2508518,-0.0753996,0.1117978,-0.1638574,0.1463468,0.04421252,0.2116789,0.08921781,-0.0273739,0.3161172,0.3009043,-0.02534714,0.1618502,-0.1138049,0.1963993,0.09426499,0.2617313,0.1392703,0.02267856,0.3661697
AT4G26750,EXT-like,0.1834149,0.355912,0.03534426,-0.02025179,0.00761234,0.03203159,0.3722276,-0.1148712,-0.07393829,0.2189694,0.1886879,0.1724971,-0.1480707,-0.2036667,-0.1758026,-0.1513834,0.1888127,-0.2982862,-0.2573532,0.03555445,0.005272955
AT4G27040,VPS22,0.1112912,-0.2198709,0.04827929,-0.0541264,0.2024843,-0.1031876,-0.04448797,-0.03463299,-0.1289462,-0.1801568,0.0325886,-0.3311621,-0.0630119,-0.1654176,0.09119313,-0.2144788,-0.1557792,-0.1459242,-0.2402374,-0.291448,-0.07870259
AT4G27690,VPS26B,-0.1285743,-0.3468762,-0.4358078,-0.1466475,-0.4012134,0.03920874,-0.1753948,-0.4649002,-0.4484833,-0.1596565,-0.3483994,-0.2183019,-0.3072335,-0.01807317,-0.2726391,0.1677831,-0.0468205,-0.3363258,-0.319909,-0.03108216,-0.219825
AT4G28860,ckl4,0.1541262,-0.1697675,-0.004848026,-0.09158427,-0.02884451,-0.2773346,0.4727085,0.1043326,0.2516704,-0.2051203,0.3300827,-0.3238936,-0.1589742,-0.2457104,-0.1829707,-0.4314607,0.3185824,-0.04979357,0.09754421,-0.3592464,0.1759566
AT4G38360,LAZ1,-0.03510394,-0.1122869,0.1016941,-0.5569452,-0.1545311,-0.6406378,-0.2015231,0.1546708,0.1564588,-0.2508972,0.5902195,-0.07718293,0.1367981,-0.5218412,-0.1194271,-0.6055339,-0.1664192,0.1897748,0.1915628,-0.2157933,0.6253235
AT4G39990,ATGB3,0.01194369,-0.1494103,0.1264192,0.1203088,-0.1250295,-0.1523634,-0.1116386,-0.02683107,0.280167,0.1234574,0.3074966,-0.161354,0.1144756,0.1083651,-0.1369732,-0.1643071,-0.1235823,-0.03877476,0.2682233,0.1115137,0.2955529
AT5G02040,PRA1.A1,0.09346479,0.1121512,0.2397855,0.02826742,-0.07516467,0.2069821,0.2253262,0.4399943,0.7792819,0.5263739,0.9984762,0.01868638,0.1463207,-0.06519737,-0.1686295,0.1135173,0.1318614,0.3465295,0.6858171,0.4329091,0.9050114
AT5G03540,ATEXO70A1,-0.04706944,0.2374786,-0.07711322,-0.1972021,-0.06574403,0.06229127,0.1208051,0.2498806,-0.1520943,-0.09999145,0.1116631,0.284548,-0.03004378,-0.1501326,-0.01867459,0.1093607,0.1678746,0.2969501,-0.1050249,-0.05292201,0.1587326
AT5G05987,PRA1.A2,0.1174839,-0.1339502,0.000210969,-0.1103311,0.2007056,-0.1829046,0.1413609,-0.1024859,-0.03090772,0.07861836,0.03366698,-0.251434,-0.1172729,-0.227815,0.08322168,-0.3003885,0.02387702,-0.2199698,-0.1483916,-0.03886552,-0.0838169
AT5G08080,ATSYP132,-0.2075692,-0.4582459,-0.000428654,-0.1045458,-0.00774844,-0.07830108,-0.1864638,-0.2177283,-0.07536176,-0.2384344,-0.01104082,-0.2506767,0.2071406,0.1030234,0.1998208,0.1292681,0.02110545,-0.01015908,0.1322075,-0.03086515,0.1965284
AT5G11150,ATVAMP713,0.04768131,0.02965572,0.1837365,-0.1479903,0.3825686,0.1306953,-0.1318562,-0.2531318,0.2302811,0.00228756,0.07527275,-0.01802559,0.1360552,-0.1956716,0.3348873,0.08301404,-0.1795375,-0.3008131,0.1825998,-0.04539375,0.02759145
AT5G12370,SEC10,0.05294817,0.3720883,-0.1830745,0.1074704,-0.1610777,0.03456345,-0.01389393,0.707593,0.05745745,-0.3285506,0.01096256,0.3191402,-0.2360227,0.05452226,-0.2140259,-0.01838472,-0.06684209,0.6546448,0.004509288,-0.3814987,-0.0419856
AT5G13300,AGD3,0.4243372,0.5526985,0.0267479,0.3258227,-0.1484192,0.1463118,0.4136704,0.5578077,0.129345,-0.1177748,0.1200936,0.1283613,-0.3975893,-0.09851452,-0.5727564,-0.2780254,-0.01066678,0.1334705,-0.2949922,-0.5421121,-0.3042436
AT5G17060,ARFB1B,-0.2139582,0.03774702,-0.07894228,-0.3178229,-0.2852181,-0.1530677,-0.2804879,-0.322261,-0.2429501,-0.01588661,-0.02897631,0.2517052,0.1350159,-0.1038648,-0.07125991,0.06089049,-0.06652975,-0.1083029,-0.02899191,0.1980716,0.1849819
AT5G22770,alpha-ADR,-0.1821366,0.223573,0.1719536,-0.1495007,0.1349554,-0.04015536,0.1223185,0.1881566,0.1441038,-0.04056592,0.2304149,0.4057097,0.3540902,0.03263592,0.3170921,0.1419813,0.3044551,0.3702932,0.3262405,0.1415707,0.4125515
AT5G22950,VPS24.1,0.2451672,-0.04566371,0.1356911,-0.1361742,-0.1018711,0.1154182,0.1704132,0.3388722,0.4836062,0.4424895,0.4673838,-0.2908309,-0.109476,-0.3813414,-0.3470383,-0.129749,-0.074754,0.09370497,0.238439,0.1973223,0.2222166
AT5G39500,ERMO1,0.2385915,0.541289,0.1249764,0.3636368,0.01909964,0.5862699,0.3995867,0.9841663,0.1345896,0.08531133,0.3083761,0.3026976,-0.1136151,0.1250454,-0.2194918,0.3476784,0.1609953,0.7455748,-0.1040019,-0.1532801,0.06978458
AT5G44100,ckl7,-0.07813098,-0.09268007,-0.1772638,-0.1490869,-0.2184645,-0.1413316,-0.3670645,0.3571118,0.1318476,0.3623996,0.1811145,-0.01454908,-0.09913281,-0.07095592,-0.1403335,-0.06320064,-0.2889335,0.4352428,0.2099786,0.4405306,0.2592454
AT5G44560,VPS2.2,-0.09391333,-0.4740315,-0.3361138,0.02495261,-0.1591553,0.09075145,0.1158882,0.1144794,0.1512074,0.09347326,-0.1007748,-0.3801181,-0.2422005,0.1188659,-0.06524193,0.1846648,0.2098016,0.2083927,0.2451207,0.1873866,-0.00686149
AT5G46860,ATSYP22,0.1759107,-0.1388098,0.3423893,-0.03242973,0.03466241,0.2030128,0.1354807,-0.0632049,0.1848995,0.0936918,0.2433851,-0.3147204,0.1664787,-0.2083404,-0.1412483,0.02710214,-0.04042995,-0.2391156,0.008988865,-0.08221888,0.0674744
AT5G47480,MAG5,0.2240665,0.3864509,-0.1335962,0.1041593,-0.07816521,-0.1827101,0.1427797,0.481062,-0.1319137,0.136056,-0.2547296,0.1623844,-0.3576627,-0.1199072,-0.3022318,-0.4067766,-0.08128682,0.2569955,-0.3559802,-0.0880105,-0.4787961
AT5G49830,EXO84B,0.2791443,0.1676057,0.1897968,0.1840209,0.2837931,0.4218683,0.1949179,0.5807228,0.2043841,-0.02727333,-0.09297941,-0.1115386,-0.08934748,-0.0951234,0.004648773,0.142724,-0.08422644,0.3015785,-0.07476023,-0.3064176,-0.3721237
AT5G51430,EYE,0.1763213,0.2840161,0.1781627,0.2148252,0.4809968,0.5239984,0.2452877,0.6532949,0.09011964,-0.02100811,0.01471631,0.1076948,0.001841339,0.03850382,0.3046755,0.3476771,0.06896633,0.4769736,-0.0862017,-0.1973294,-0.161605
AT5G52210,ATARLB1,-0.2136627,-0.2134504,0.1308316,-0.2544725,0.2427086,0.1190516,0.002551487,-0.2211186,0.02900747,-0.1673961,0.07945406,0.000212334,0.3444943,-0.04080974,0.4563713,0.3327143,0.2162142,-0.007455851,0.2426702,0.04626658,0.2931168
AT5G53530,VPS26A,0.1030703,-0.2906466,0.09470186,-0.1188201,0.3191175,0.2032655,-0.03285556,-0.8318278,-0.7136286,-0.5709049,-0.4373853,-0.3937169,-0.008368391,-0.2218904,0.2160472,0.1001952,-0.1359258,-0.9348981,-0.8166989,-0.6739751,-0.5404555
AT5G54440,AtTRS130,0.3973986,0.6008471,-0.05308663,0.5247362,-0.1650014,0.3293997,0.3220195,0.7155964,0.1354977,0.2979959,-0.2274129,0.2034486,-0.4504852,0.1273376,-0.5624,-0.06799887,-0.07537906,0.3181978,-0.2619009,-0.09940265,-0.6248115
AT5G57015,ckl12,-0.05918787,-0.3561255,-0.6003485,0.1941447,-0.3594174,0.1513003,-0.2590581,-0.1180622,-0.3498617,-0.328273,-0.8956041,-0.2969376,-0.5411606,0.2533326,-0.3002295,0.2104882,-0.1998703,-0.05887429,-0.2906738,-0.2690851,-0.8364162
AT5G58430,ATEXO70B1,0.08848225,0.6062784,0.1430634,0.0543862,0.2898661,0.06424298,0.4868875,0.5046252,0.6533104,0.1794658,0.5985598,0.5177961,0.05458111,-0.03409605,0.2013839,-0.02423928,0.3984052,0.4161429,0.5648282,0.09098354,0.5100776
AT5G59730,ATEXO70H7,-0.5770408,-0.05421574,0.9172222,0.07822229,1.190334,-1.091934,0.6486079,0.5193359,1.61973,-0.4472739,1.137008,0.522825,1.494263,0.6552631,1.767374,-0.5148931,1.225649,1.096377,2.19677,0.1297669,1.714049
