Gene,TotalEvidenceCounts,EvidenceHit:WS_c1_which_mclass____8___1_,EvidenceGO:WS_c1_which_mclass____8___1_,EvidencePPI:WS_c1_which_mclass____8___1_
829773,3.0,1,1,1
837464,3.0,1,1,1
821134,3.0,1,1,1
829482,3.0,1,1,1
828084,3.0,1,1,1
834031,3.0,1,1,1
827577,3.0,1,1,1
843524,3.0,1,1,1
842568,3.0,1,1,1
824010,3.0,1,1,1
836762,3.0,1,1,1
834676,3.0,1,1,1
844441,3.0,1,1,1
827542,3.0,1,1,1
818723,3.0,1,1,1
830908,3.0,1,1,1
818641,3.0,1,1,1
843272,3.0,1,1,1
830619,3.0,1,1,1
819150,3.0,1,1,1
816318,3.0,1,1,1
824864,3.0,1,1,1
832170,3.0,1,1,1
817173,3.0,1,1,1
843334,3.0,1,1,1
843443,2.0,1,0,1
824293,2.0,1,0,1
828364,2.0,1,1,0
819332,2.0,1,0,1
818098,2.0,1,0,1
818759,2.0,1,0,1
837373,2.0,1,0,1
825210,2.0,1,0,1
826986,2.0,1,0,1
822527,2.0,1,0,1
839851,2.0,1,0,1
834925,2.0,1,0,1
843244,2.0,1,0,1
837339,2.0,1,1,0
816164,2.0,1,1,0
819839,2.0,1,0,1
835786,2.0,1,0,1
823783,2.0,1,0,1
817662,2.0,1,1,0
822619,2.0,1,0,1
818908,2.0,1,0,1
836853,2.0,1,0,1
7922426,2.0,1,1,0
817337,2.0,1,0,1
831510,2.0,1,0,1
821971,2.0,1,0,1
821744,2.0,1,0,1
829937,2.0,1,1,0
822231,2.0,1,0,1
827101,2.0,1,0,1
816937,2.0,1,0,1
838855,2.0,1,0,1
824499,2.0,1,0,1
816312,2.0,1,0,1
839627,2.0,1,0,1
842341,2.0,1,1,0
843671,2.0,1,0,1
836359,2.0,1,1,0
835848,2.0,1,0,1
835298,2.0,1,0,1
822344,2.0,1,1,0
841371,2.0,1,0,1
819997,2.0,1,1,0
824370,2.0,1,0,1
839321,2.0,1,0,1
816726,2.0,1,0,1
830372,2.0,1,0,1
816703,2.0,1,0,1
842737,2.0,1,1,0
833978,2.0,1,0,1
823731,2.0,1,0,1
823305,2.0,1,0,1
841784,2.0,1,1,0
843585,2.0,1,1,0
818708,2.0,1,0,1
827038,2.0,1,0,1
841326,2.0,1,0,1
827114,2.0,1,0,1
835788,2.0,1,0,1
844350,2.0,1,1,0
823982,2.0,1,0,1
838834,2.0,1,1,0
844802,2.0,1,0,1
837989,2.0,1,0,1
837843,2.0,1,1,0
838680,2.0,1,0,1
816382,2.0,1,0,1
824420,2.0,1,0,1
831722,2.0,1,0,1
836473,2.0,1,1,0
837460,2.0,1,0,1
827707,2.0,1,0,1
834621,2.0,1,0,1
822239,2.0,1,0,1
819100,2.0,1,0,1
840078,2.0,1,0,1
832204,2.0,1,0,1
824822,2.0,1,1,0
843734,2.0,1,1,0
831433,2.0,1,0,1
821810,2.0,1,0,1
823681,2.0,1,0,1
818971,2.0,1,0,1
843716,2.0,1,1,0
837084,2.0,1,0,1
828255,2.0,1,0,1
816875,2.0,1,0,1
844051,2.0,1,0,1
833829,2.0,1,0,1
831031,2.0,1,0,1
836803,2.0,1,0,1
822187,2.0,1,1,0
822387,2.0,1,0,1
832737,2.0,1,0,1
844412,2.0,1,0,1
838567,2.0,1,0,1
821114,2.0,1,0,1
826774,2.0,1,1,0
843495,2.0,1,1,0
839035,2.0,1,0,1
836846,2.0,1,0,1
842702,2.0,1,1,0
828948,2.0,1,0,1
5007665,2.0,1,1,0
816346,2.0,1,0,1
829066,2.0,1,0,1
844022,2.0,1,0,1
840223,2.0,1,1,0
841047,2.0,1,0,1
837562,2.0,1,0,1
831376,2.0,1,0,1
819249,2.0,1,1,0
2745578,2.0,1,1,0
841386,2.0,1,0,1
842354,2.0,1,0,1
827450,2.0,1,1,0
821667,2.0,1,0,1
843776,2.0,1,1,0
818433,2.0,1,0,1
839256,2.0,1,0,1
817587,2.0,1,1,0
838096,2.0,1,1,0
829814,2.0,1,0,1
825481,2.0,1,0,1
832610,2.0,1,0,1
818008,2.0,1,0,1
832146,2.0,1,0,1
843760,2.0,1,0,1
819914,2.0,1,0,1
833556,2.0,1,0,1
843704,2.0,1,0,1
818662,2.0,1,0,1
818351,2.0,1,0,1
821860,2.0,1,1,0
6241172,2.0,1,0,1
843431,2.0,1,0,1
831974,2.0,1,0,1
817936,2.0,1,0,1
836574,2.0,1,1,0
818843,2.0,1,0,1
824865,2.0,1,1,0
842266,2.0,1,0,1
3768753,2.0,1,0,1
814648,2.0,1,0,1
824080,2.0,1,0,1
825361,2.0,1,0,1
839388,2.0,1,0,1
837543,2.0,1,0,1
831147,2.0,1,0,1
826715,2.0,1,0,1
837040,2.0,1,0,1
824251,2.0,1,0,1
817661,2.0,1,1,0
824505,2.0,1,0,1
816579,2.0,1,0,1
836429,2.0,1,0,1
827121,2.0,1,1,0
836767,2.0,1,0,1
814737,2.0,1,0,1
816249,2.0,1,0,1
814775,2.0,1,0,1
824174,2.0,1,0,1
819311,2.0,1,0,1
829785,2.0,1,1,0
836093,2.0,1,0,1
834702,2.0,1,0,1
838219,2.0,1,1,0
818199,2.0,1,0,1
827335,2.0,1,0,1
5007842,2.0,1,1,0
839870,2.0,1,0,1
844805,2.0,1,0,1
831173,2.0,1,1,0
834972,2.0,1,0,1
843687,2.0,1,1,0
837893,2.0,1,1,0
832406,2.0,1,0,1
821902,2.0,1,0,1
831181,2.0,1,0,1
837614,2.0,1,1,0
829899,2.0,1,0,1
831339,2.0,1,0,1
833957,2.0,1,0,1
824077,2.0,1,0,1
828283,2.0,1,0,1
821209,2.0,1,0,1
841515,2.0,1,1,0
817679,2.0,1,0,1
825047,2.0,1,0,1
837612,2.0,1,1,0
831515,2.0,1,0,1
819286,2.0,1,0,1
834894,2.0,1,1,0
818002,2.0,1,0,1
825004,2.0,1,0,1
816576,2.0,1,1,0
841874,2.0,1,0,1
839732,2.0,1,0,1
825660,2.0,1,0,1
835286,2.0,1,0,1
829588,2.0,1,0,1
840413,2.0,1,0,1
841684,2.0,1,1,0
824014,2.0,1,0,1
828382,2.0,1,0,1
829534,2.0,1,0,1
842790,2.0,1,0,1
836489,2.0,1,1,0
841721,2.0,1,0,1
819810,2.0,1,0,1
826148,2.0,1,0,1
838906,2.0,1,0,1
824272,2.0,1,0,1
837252,2.0,1,0,1
817273,2.0,1,0,1
821026,2.0,1,0,1
839324,2.0,1,1,0
841533,2.0,1,0,1
828556,2.0,1,0,1
824844,2.0,1,0,1
839199,2.0,1,0,1
825789,2.0,1,0,1
831441,2.0,1,0,1
838233,2.0,1,0,1
819041,2.0,1,0,1
829891,2.0,1,0,1
841324,2.0,1,0,1
816671,2.0,1,0,1
824359,2.0,1,0,1
843275,2.0,1,0,1
826751,2.0,1,0,1
842719,2.0,1,0,1
842663,2.0,1,0,1
842873,2.0,1,0,1
816350,2.0,1,0,1
841856,2.0,1,0,1
837488,2.0,1,1,0
834372,2.0,1,0,1
831442,2.0,1,0,1
819688,2.0,1,1,0
832296,2.0,1,0,1
838457,2.0,1,0,1
841659,2.0,1,0,1
839300,2.0,1,0,1
842120,2.0,1,0,1
816956,2.0,1,0,1
818895,2.0,1,0,1
822184,2.0,1,1,0
818767,2.0,1,0,1
820954,2.0,1,0,1
838295,2.0,1,0,1
820883,2.0,1,0,1
816209,2.0,1,0,1
837238,2.0,1,1,0
832069,2.0,1,0,1
839585,2.0,1,0,1
7922524,2.0,1,0,1
836841,2.0,1,0,1
829141,2.0,1,0,1
823622,2.0,1,0,1
819220,2.0,1,0,1
840206,2.0,1,0,1
816692,2.0,1,0,1
820781,2.0,1,0,1
829793,2.0,1,0,1
838455,2.0,1,0,1
843828,2.0,1,0,1
833975,2.0,1,0,1
831382,2.0,1,1,0
840184,2.0,1,0,1
834080,2.0,1,1,0
843336,2.0,1,0,1
825370,2.0,1,0,1
836038,2.0,1,1,0
821036,2.0,1,0,1
837630,2.0,1,0,1
838784,2.0,1,0,1
836602,2.0,1,0,1
821298,2.0,1,0,1
837622,2.0,1,0,1
821866,2.0,1,0,1
827363,2.0,1,0,1
830293,2.0,1,1,0
814827,2.0,1,1,0
816754,2.0,1,0,1
827058,2.0,1,1,0
843293,2.0,1,0,1
816267,2.0,1,0,1
836055,2.0,1,1,0
830046,2.0,1,0,1
836685,2.0,1,1,0
834279,2.0,1,0,1
825383,2.0,1,0,1
826934,2.0,1,1,0
819713,2.0,1,1,0
837043,2.0,1,0,1
834796,2.0,1,1,0
825865,2.0,1,0,1
829290,2.0,1,0,1
834301,2.0,1,0,1
834940,2.0,1,0,1
821587,2.0,1,0,1
836665,2.0,1,0,1
829806,2.0,1,0,1
818887,2.0,1,0,1
839108,2.0,1,1,0
843388,2.0,1,0,1
828593,2.0,1,1,0
836121,2.0,1,0,1
818431,2.0,1,0,1
816027,2.0,1,0,1
840452,2.0,1,0,1
3768762,2.0,1,1,0
831224,2.0,1,0,1
830747,2.0,1,0,1
821270,2.0,1,0,1
831127,2.0,1,1,0
834140,2.0,1,0,1
836858,2.0,1,1,0
844336,2.0,1,0,1
837269,2.0,1,0,1
819783,2.0,1,0,1
5008005,2.0,1,0,1
843292,2.0,1,0,1
838035,2.0,1,0,1
836599,2.0,1,0,1
28717514,2.0,1,1,0
831895,2.0,1,0,1
836049,2.0,1,1,0
830895,2.0,1,1,0
826897,2.0,1,0,1
836759,2.0,1,0,1
837825,2.0,1,1,0
839970,2.0,1,0,1
836596,2.0,1,0,1
835166,2.0,1,1,0
841923,2.0,1,0,1
827917,2.0,1,0,1
833758,2.0,1,0,1
838033,2.0,1,0,1
826627,2.0,1,1,0
821661,2.0,1,0,1
834627,2.0,1,0,1
843827,2.0,1,0,1
837123,2.0,1,1,0
820494,2.0,1,0,1
839665,2.0,1,0,1
820207,2.0,1,0,1
817467,2.0,1,0,1
840368,2.0,1,0,1
838831,2.0,1,1,0
837835,2.0,1,1,0
837741,2.0,1,0,1
820402,1.0,1,0,0
819078,1.0,1,0,0
831639,1.0,1,0,0
831128,1.0,1,0,0
818902,1.0,1,0,0
832070,1.0,1,0,0
5007850,1.0,1,0,0
820836,1.0,1,0,0
829264,1.0,1,0,0
817225,1.0,1,0,0
840422,1.0,1,0,0
28717781,1.0,1,0,0
843016,1.0,1,0,0
841686,1.0,1,0,0
818575,1.0,1,0,0
814791,1.0,1,0,0
822165,1.0,1,0,0
820797,1.0,1,0,0
841701,1.0,1,0,0
842723,1.0,1,0,0
821976,1.0,1,0,0
841986,1.0,1,0,0
839523,1.0,1,0,0
828683,1.0,1,0,0
818719,1.0,1,0,0
28718730,1.0,1,0,0
834523,1.0,1,0,0
820661,1.0,1,0,0
7922362,1.0,1,0,0
819588,1.0,1,0,0
841895,1.0,1,0,0
826997,1.0,1,0,0
816298,1.0,1,0,0
824527,1.0,1,0,0
28718329,1.0,1,0,0
826403,1.0,1,0,0
839759,1.0,1,0,0
828605,1.0,1,0,0
818799,1.0,1,0,0
837085,1.0,1,0,0
839774,1.0,1,0,0
837222,1.0,1,0,0
821278,1.0,1,0,0
827879,1.0,1,0,0
842556,1.0,1,0,0
837457,1.0,1,0,0
28717426,1.0,1,0,0
824005,1.0,1,0,0
824755,1.0,1,0,0
837796,1.0,1,0,0
832445,1.0,1,0,0
817879,1.0,1,0,0
815558,1.0,1,0,0
842498,1.0,1,0,0
817821,1.0,1,0,0
836302,1.0,1,0,0
824125,1.0,1,0,0
823677,1.0,1,0,0
818366,1.0,1,0,0
818815,1.0,1,0,0
816702,1.0,1,0,0
838209,1.0,1,0,0
843627,1.0,1,0,0
818477,1.0,1,0,0
842388,1.0,1,0,0
3771524,1.0,1,0,0
842435,1.0,1,0,0
28717633,1.0,1,0,0
820411,1.0,1,0,0
819938,1.0,1,0,0
835826,1.0,1,0,0
842261,1.0,1,0,0
830852,1.0,1,0,0
826486,1.0,1,0,0
841225,1.0,1,0,0
831136,1.0,1,0,0
840286,1.0,1,0,0
843976,1.0,1,0,0
821862,1.0,1,0,0
10723018,1.0,1,0,0
839843,1.0,1,0,0
819198,1.0,1,0,0
827362,1.0,1,0,0
825378,1.0,1,0,0
822536,1.0,1,0,0
828645,1.0,1,0,0
828275,1.0,1,0,0
832101,1.0,1,0,0
28720693,1.0,1,0,0
824969,1.0,1,0,0
826744,1.0,1,0,0
825082,1.0,1,0,0
824573,1.0,1,0,0
831940,1.0,1,0,0
839525,1.0,1,0,0
817062,1.0,1,0,0
28717137,1.0,1,0,0
837795,1.0,1,0,0
819712,1.0,1,0,0
817983,1.0,1,0,0
836168,1.0,1,0,0
6240519,1.0,1,0,0
28717251,1.0,1,0,0
831655,1.0,1,0,0
830347,1.0,1,0,0
831478,1.0,1,0,0
821733,1.0,1,0,0
5008109,1.0,1,0,0
831388,1.0,1,0,0
844113,1.0,1,0,0
818590,1.0,1,0,0
838749,1.0,1,0,0
816832,1.0,1,0,0
818017,1.0,1,0,0
841356,1.0,1,0,0
839548,1.0,1,0,0
841300,1.0,1,0,0
822097,1.0,1,0,0
842776,1.0,1,0,0
820735,1.0,1,0,0
827334,1.0,1,0,0
829207,1.0,1,0,0
836261,1.0,1,0,0
843586,1.0,1,0,0
844037,1.0,1,0,0
835975,1.0,1,0,0
831920,1.0,1,0,0
821816,1.0,1,0,0
820330,1.0,1,0,0
821273,1.0,1,0,0
838228,1.0,1,0,0
836532,1.0,1,0,0
832624,1.0,1,0,0
841440,1.0,1,0,0
835602,1.0,1,0,0
818882,1.0,1,0,0
835671,1.0,1,0,0
828489,1.0,1,0,0
844122,1.0,1,0,0
6240777,1.0,1,0,0
817902,1.0,1,0,0
818442,1.0,1,0,0
822373,1.0,1,0,0
823825,1.0,1,0,0
818201,1.0,1,0,0
827448,1.0,1,0,0
28720173,1.0,1,0,0
842241,1.0,1,0,0
821482,1.0,1,0,0
827742,1.0,1,0,0
834344,1.0,1,0,0
838678,1.0,1,0,0
814718,1.0,1,0,0
835454,1.0,1,0,0
840405,1.0,1,0,0
28719569,1.0,1,0,0
816674,1.0,1,0,0
824098,1.0,1,0,0
5008138,1.0,1,0,0
814871,1.0,1,0,0
836804,1.0,1,0,0
828726,1.0,1,0,0
828334,1.0,1,0,0
819682,1.0,1,0,0
817777,1.0,1,0,0
828433,1.0,1,0,0
836147,1.0,1,0,0
844329,1.0,1,0,0
842398,1.0,1,0,0
6241144,1.0,1,0,0
819729,1.0,1,0,0
10723100,1.0,1,0,0
824945,1.0,1,0,0
820544,1.0,1,0,0
830991,1.0,1,0,0
838122,1.0,1,0,0
839354,1.0,1,0,0
842252,1.0,1,0,0
815895,1.0,1,0,0
6241417,1.0,1,0,0
10723022,1.0,1,0,0
827906,1.0,1,0,0
2745737,1.0,1,0,0
28717416,1.0,1,0,0
5008244,1.0,1,0,0
824598,1.0,1,0,0
837914,1.0,1,0,0
28716207,1.0,1,0,0
820852,1.0,1,0,0
839700,1.0,1,0,0
823882,1.0,1,0,0
824320,1.0,1,0,0
824013,1.0,1,0,0
843755,1.0,1,0,0
824331,1.0,1,0,0
814985,1.0,1,0,0
827189,1.0,1,0,0
829987,1.0,1,0,0
830318,1.0,1,0,0
836422,1.0,1,0,0
836793,1.0,1,0,0
840244,1.0,1,0,0
5007943,1.0,1,0,0
842473,1.0,1,0,0
841603,1.0,1,0,0
817744,1.0,1,0,0
837696,1.0,1,0,0
28721173,1.0,1,0,0
828266,1.0,1,0,0
835315,1.0,1,0,0
828220,1.0,1,0,0
829234,1.0,1,0,0
28718239,1.0,1,0,0
818899,1.0,1,0,0
824000,1.0,1,0,0
2746216,1.0,1,0,0
825163,1.0,1,0,0
28720349,1.0,1,0,0
832412,1.0,1,0,0
819591,1.0,1,0,0
5008302,1.0,1,0,0
828718,1.0,1,0,0
828902,1.0,1,0,0
844715,1.0,1,0,0
821065,1.0,1,0,0
842647,1.0,1,0,0
817239,1.0,1,0,0
6240860,1.0,1,0,0
816079,1.0,1,0,0
834895,1.0,1,0,0
831298,1.0,1,0,0
817778,1.0,1,0,0
829958,1.0,1,0,0
838081,1.0,1,0,0
6240525,1.0,1,0,0
833870,1.0,1,0,0
820568,1.0,1,0,0
28720203,1.0,1,0,0
834810,1.0,1,0,0
836367,1.0,1,0,0
841852,1.0,1,0,0
831588,1.0,1,0,0
822369,1.0,1,0,0
816742,1.0,1,0,0
822397,1.0,1,0,0
816379,1.0,1,0,0
2745884,1.0,1,0,0
826769,1.0,1,0,0
816460,1.0,1,0,0
836184,1.0,1,0,0
836686,1.0,1,0,0
820058,1.0,1,0,0
2745753,1.0,1,0,0
842778,1.0,1,0,0
817740,1.0,1,0,0
829180,1.0,1,0,0
820090,1.0,1,0,0
843929,1.0,1,0,0
825280,1.0,1,0,0
834170,1.0,1,0,0
837910,1.0,1,0,0
832388,1.0,1,0,0
6241030,1.0,1,0,0
834898,1.0,1,0,0
836730,1.0,1,0,0
843534,1.0,1,0,0
820430,1.0,1,0,0
824788,1.0,1,0,0
834924,1.0,1,0,0
836153,1.0,1,0,0
28721245,1.0,1,0,0
815400,1.0,1,0,0
825453,1.0,1,0,0
829830,1.0,1,0,0
839162,1.0,1,0,0
820734,1.0,1,0,0
824684,1.0,1,0,0
831625,1.0,1,0,0
843506,1.0,1,0,0
839969,1.0,1,0,0
819193,1.0,1,0,0
824329,1.0,1,0,0
837055,1.0,1,0,0
6240436,1.0,1,0,0
843015,1.0,1,0,0
5007868,1.0,1,0,0
820319,1.0,1,0,0
835128,1.0,1,0,0
28720491,1.0,1,0,0
838141,1.0,1,0,0
820109,1.0,1,0,0
839107,1.0,1,0,0
818666,1.0,1,0,0
832625,1.0,1,0,0
838731,1.0,1,0,0
819560,1.0,1,0,0
839211,1.0,1,0,0
826899,1.0,1,0,0
830589,1.0,1,0,0
831673,1.0,1,0,0
841674,1.0,1,0,0
816158,1.0,1,0,0
822736,1.0,1,0,0
823370,1.0,1,0,0
832251,1.0,1,0,0
837871,1.0,1,0,0
820229,1.0,1,0,0
841238,1.0,1,0,0
832780,1.0,1,0,0
831542,1.0,1,0,0
823322,1.0,1,0,0
830783,1.0,1,0,0
836024,1.0,1,0,0
830542,1.0,1,0,0
2745749,1.0,1,0,0
841568,1.0,1,0,0
6240864,1.0,1,0,0
817850,1.0,1,0,0
28720368,1.0,1,0,0
838030,1.0,1,0,0
837941,1.0,1,0,0
844072,1.0,1,0,0
838708,1.0,1,0,0
827080,1.0,1,0,0
826645,1.0,1,0,0
842424,1.0,1,0,0
816803,1.0,1,0,0
814732,1.0,1,0,0
838750,1.0,1,0,0
817996,1.0,1,0,0
829146,1.0,1,0,0
6241387,1.0,1,0,0
823760,1.0,1,0,0
821178,1.0,1,0,0
814667,1.0,1,0,0
834212,1.0,1,0,0
828170,1.0,1,0,0
28716719,1.0,1,0,0
837359,1.0,1,0,0
841078,1.0,1,0,0
834650,1.0,1,0,0
828860,1.0,1,0,0
28719550,1.0,1,0,0
832443,1.0,1,0,0
843486,1.0,1,0,0
820029,1.0,1,0,0
28719787,1.0,1,0,0
830113,1.0,1,0,0
824572,1.0,1,0,0
821685,1.0,1,0,0
826658,1.0,1,0,0
818235,1.0,1,0,0
837041,1.0,1,0,0
816393,1.0,1,0,0
6240220,1.0,1,0,0
826666,1.0,1,0,0
827018,1.0,1,0,0
827096,1.0,1,0,0
821380,1.0,1,0,0
826859,1.0,1,0,0
818145,1.0,1,0,0
2745959,1.0,1,0,0
843866,1.0,1,0,0
28716256,1.0,1,0,0
830053,1.0,1,0,0
818552,1.0,1,0,0
835828,1.0,1,0,0
839285,1.0,1,0,0
821421,1.0,1,0,0
822059,1.0,1,0,0
828315,1.0,1,0,0
830351,1.0,1,0,0
831428,1.0,1,0,0
827646,1.0,1,0,0
827697,1.0,1,0,0
828838,1.0,1,0,0
28718038,1.0,1,0,0
826567,1.0,1,0,0
833621,1.0,1,0,0
817404,1.0,1,0,0
834973,1.0,1,0,0
827701,1.0,1,0,0
824792,1.0,1,0,0
823860,1.0,1,0,0
829991,1.0,1,0,0
816679,1.0,1,0,0
818940,1.0,1,0,0
28716697,1.0,1,0,0
833813,1.0,1,0,0
828622,1.0,1,0,0
28721183,1.0,1,0,0
843267,1.0,1,0,0
836270,1.0,1,0,0
6240977,1.0,1,0,0
841688,1.0,1,0,0
821072,1.0,1,0,0
28716179,1.0,1,0,0
835089,1.0,1,0,0
6240354,1.0,1,0,0
832559,1.0,1,0,0
820724,1.0,1,0,0
840303,1.0,1,0,0
829718,1.0,1,0,0
819380,1.0,1,0,0
839855,1.0,1,0,0
838076,1.0,1,0,0
818647,1.0,1,0,0
824206,1.0,1,0,0
829963,1.0,1,0,0
5007950,1.0,1,0,0
831502,1.0,1,0,0
830338,1.0,1,0,0
844286,1.0,1,0,0
5007840,1.0,1,0,0
818689,1.0,1,0,0
816463,1.0,1,0,0
836613,1.0,1,0,0
843246,1.0,1,0,0
831797,1.0,1,0,0
824697,1.0,1,0,0
828455,1.0,1,0,0
841768,1.0,1,0,0
832572,1.0,1,0,0
834762,1.0,1,0,0
831845,1.0,1,0,0
841259,1.0,1,0,0
825258,1.0,1,0,0
831095,1.0,1,0,0
832648,1.0,1,0,0
828311,1.0,1,0,0
833573,1.0,1,0,0
829542,1.0,1,0,0
824297,1.0,1,0,0
834252,1.0,1,0,0
828059,1.0,1,0,0
28718249,1.0,1,0,0
830357,1.0,1,0,0
838215,1.0,1,0,0
834937,1.0,1,0,0
836615,1.0,1,0,0
822226,1.0,1,0,0
28717560,1.0,1,0,0
834531,1.0,1,0,0
821064,1.0,1,0,0
840457,1.0,1,0,0
820867,1.0,1,0,0
28719010,1.0,1,0,0
6241470,1.0,1,0,0
843027,1.0,1,0,0
823497,1.0,1,0,0
840632,1.0,1,0,0
822623,1.0,1,0,0
835331,1.0,1,0,0
830536,1.0,1,0,0
838754,1.0,1,0,0
827144,1.0,1,0,0
831999,1.0,1,0,0
842820,1.0,1,0,0
842879,1.0,1,0,0
843856,1.0,1,0,0
816721,1.0,1,0,0
818467,1.0,1,0,0
824177,1.0,1,0,0
834476,1.0,1,0,0
820237,1.0,1,0,0
826719,1.0,1,0,0
833785,1.0,1,0,0
838791,1.0,1,0,0
834974,1.0,1,0,0
827915,1.0,1,0,0
843796,1.0,1,0,0
824353,1.0,1,0,0
827783,1.0,1,0,0
6240745,1.0,1,0,0
840280,1.0,1,0,0
840226,1.0,1,0,0
817814,1.0,1,0,0
823519,1.0,1,0,0
827749,1.0,1,0,0
819765,1.0,1,0,0
817197,1.0,1,0,0
835886,1.0,1,0,0
818471,1.0,1,0,0
830927,1.0,1,0,0
817763,1.0,1,0,0
838718,1.0,1,0,0
819222,1.0,1,0,0
843635,1.0,1,0,0
824536,1.0,1,0,0
816208,1.0,1,0,0
829857,1.0,1,0,0
842549,1.0,1,0,0
838184,1.0,1,0,0
824729,1.0,1,0,0
823587,1.0,1,0,0
826416,1.0,1,0,0
830348,1.0,1,0,0
839194,1.0,1,0,0
819763,1.0,1,0,0
831434,1.0,1,0,0
820481,1.0,1,0,0
28719027,1.0,1,0,0
827681,1.0,1,0,0
828515,1.0,1,0,0
831890,1.0,1,0,0
828930,1.0,1,0,0
830757,1.0,1,0,0
838396,1.0,1,0,0
824943,1.0,1,0,0
843297,1.0,1,0,0
28719674,1.0,1,0,0
816380,1.0,1,0,0
818238,1.0,1,0,0
825891,1.0,1,0,0
821791,1.0,1,0,0
817103,1.0,1,0,0
833608,1.0,1,0,0
28717984,1.0,1,0,0
830126,1.0,1,0,0
28721151,1.0,1,0,0
3767562,1.0,1,0,0
838700,1.0,1,0,0
843387,1.0,1,0,0
28716130,1.0,1,0,0
840100,1.0,1,0,0
839864,1.0,1,0,0
7922319,1.0,1,0,0
824800,1.0,1,0,0
28721220,1.0,1,0,0
820289,1.0,1,0,0
828240,1.0,1,0,0
830565,1.0,1,0,0
844783,1.0,1,0,0
819951,1.0,1,0,0
843626,1.0,1,0,0
843131,1.0,1,0,0
830879,1.0,1,0,0
835302,1.0,1,0,0
839402,1.0,1,0,0
836430,1.0,1,0,0
823824,1.0,1,0,0
5007873,1.0,1,0,0
816829,1.0,1,0,0
827570,1.0,1,0,0
5007786,1.0,1,0,0
844722,1.0,1,0,0
844235,1.0,1,0,0
830649,1.0,1,0,0
821437,1.0,1,0,0
831163,1.0,1,0,0
844109,1.0,1,0,0
843664,1.0,1,0,0
2745853,1.0,1,0,0
28718289,1.0,1,0,0
841341,1.0,1,0,0
836657,1.0,1,0,0
6241464,1.0,1,0,0
833864,1.0,1,0,0
822439,1.0,1,0,0
7922486,1.0,1,0,0
824145,1.0,1,0,0
2745889,1.0,1,0,0
840493,1.0,1,0,0
817757,1.0,1,0,0
826838,1.0,1,0,0
3768555,1.0,1,0,0
28721108,1.0,1,0,0
837915,1.0,1,0,0
830528,1.0,1,0,0
822534,1.0,1,0,0
831229,1.0,1,0,0
819746,1.0,1,0,0
842133,1.0,1,0,0
818851,1.0,1,0,0
831033,1.0,1,0,0
842511,1.0,1,0,0
837204,1.0,1,0,0
818683,1.0,1,0,0
820085,1.0,1,0,0
835357,1.0,1,0,0
829721,1.0,1,0,0
842808,1.0,1,0,0
835260,1.0,1,0,0
843381,1.0,1,0,0
830935,1.0,1,0,0
821106,1.0,1,0,0
828954,1.0,1,0,0
829957,1.0,1,0,0
816304,1.0,1,0,0
5008218,1.0,1,0,0
843848,1.0,1,0,0
834693,1.0,1,0,0
844077,1.0,1,0,0
843726,1.0,1,0,0
839163,1.0,1,0,0
821615,1.0,1,0,0
842745,1.0,1,0,0
818814,1.0,1,0,0
10723111,1.0,1,0,0
832167,1.0,1,0,0
5008235,1.0,1,0,0
2745771,1.0,1,0,0
828195,1.0,1,0,0
828129,1.0,1,0,0
829324,1.0,1,0,0
839861,1.0,1,0,0
826993,1.0,1,0,0
839957,1.0,1,0,0
833635,1.0,1,0,0
830809,1.0,1,0,0
842114,1.0,1,0,0
816269,1.0,1,0,0
835888,1.0,1,0,0
822155,1.0,1,0,0
825923,1.0,1,0,0
828499,1.0,1,0,0
835306,1.0,1,0,0
823715,1.0,1,0,0
833839,1.0,1,0,0
815846,1.0,1,0,0
3771315,1.0,1,0,0
819748,1.0,1,0,0
28716064,1.0,1,0,0
827578,1.0,1,0,0
820449,1.0,1,0,0
814687,1.0,1,0,0
829582,1.0,1,0,0
835970,1.0,1,0,0
821149,1.0,1,0,0
825806,1.0,1,0,0
840348,1.0,1,0,0
836544,1.0,1,0,0
832108,1.0,1,0,0
818900,1.0,1,0,0
2745700,1.0,1,0,0
823509,1.0,1,0,0
843904,1.0,1,0,0
827379,1.0,1,0,0
819156,1.0,1,0,0
826798,1.0,1,0,0
834284,1.0,1,0,0
829454,1.0,1,0,0
825297,1.0,1,0,0
826400,1.0,1,0,0
831782,1.0,1,0,0
837586,1.0,1,0,0
844184,1.0,1,0,0
832380,1.0,1,0,0
834320,1.0,1,0,0
3766672,1.0,1,0,0
817490,1.0,1,0,0
825416,1.0,1,0,0
838005,1.0,1,0,0
823554,1.0,1,0,0
842406,1.0,1,0,0
824407,1.0,1,0,0
826840,1.0,1,0,0
836866,1.0,1,0,0
821825,1.0,1,0,0
815657,1.0,1,0,0
5008205,1.0,1,0,0
818532,1.0,1,0,0
826718,1.0,1,0,0
834497,1.0,1,0,0
831690,1.0,1,0,0
825856,1.0,1,0,0
818711,1.0,1,0,0
830825,1.0,1,0,0
834633,1.0,1,0,0
843620,1.0,1,0,0
840004,1.0,1,0,0
819393,1.0,1,0,0
835560,1.0,1,0,0
835801,1.0,1,0,0
830591,1.0,1,0,0
28721174,1.0,1,0,0
842220,1.0,1,0,0
833938,1.0,1,0,0
831676,1.0,1,0,0
829439,1.0,1,0,0
835126,1.0,1,0,0
837143,1.0,1,0,0
842533,1.0,1,0,0
10723130,1.0,1,0,0
6241479,1.0,1,0,0
817412,1.0,1,0,0
838191,1.0,1,0,0
2745821,1.0,1,0,0
28719524,1.0,1,0,0
838148,1.0,1,0,0
826648,1.0,1,0,0
816699,1.0,1,0,0
5008189,1.0,1,0,0
28716660,1.0,1,0,0
818027,1.0,1,0,0
838221,1.0,1,0,0
839020,1.0,1,0,0
5008103,1.0,1,0,0
834339,1.0,1,0,0
831217,1.0,1,0,0
827284,1.0,1,0,0
28718333,1.0,1,0,0
834280,1.0,1,0,0
822591,1.0,1,0,0
828262,1.0,1,0,0
826404,1.0,1,0,0
814889,1.0,1,0,0
825046,1.0,1,0,0
819005,1.0,1,0,0
828487,1.0,1,0,0
827874,1.0,1,0,0
844727,1.0,1,0,0
823682,1.0,1,0,0
3766708,1.0,1,0,0
838709,1.0,1,0,0
822023,1.0,1,0,0
825142,1.0,1,0,0
840066,1.0,1,0,0
832239,1.0,1,0,0
842384,1.0,1,0,0
824055,1.0,1,0,0
835854,1.0,1,0,0
828924,1.0,1,0,0
835024,1.0,1,0,0
836288,1.0,1,0,0
838752,1.0,1,0,0
834568,1.0,1,0,0
825756,1.0,1,0,0
818369,1.0,1,0,0
827057,1.0,1,0,0
834989,1.0,1,0,0
28716892,1.0,1,0,0
835787,1.0,1,0,0
835903,1.0,1,0,0
839466,1.0,1,0,0
28717410,1.0,1,0,0
818363,1.0,1,0,0
820488,1.0,1,0,0
835033,1.0,1,0,0
830125,1.0,1,0,0
28717415,1.0,1,0,0
827250,1.0,1,0,0
839049,1.0,1,0,0
844155,1.0,1,0,0
843642,1.0,1,0,0
814756,1.0,1,0,0
820285,1.0,1,0,0
28717087,1.0,1,0,0
836747,1.0,1,0,0
827003,1.0,1,0,0
827146,1.0,1,0,0
828633,1.0,1,0,0
821156,1.0,1,0,0
841175,1.0,1,0,0
5008200,1.0,1,0,0
832414,1.0,1,0,0
823621,1.0,1,0,0
827655,1.0,1,0,0
842500,1.0,1,0,0
814865,1.0,1,0,0
834404,1.0,1,0,0
835541,1.0,1,0,0
837816,1.0,1,0,0
839798,1.0,1,0,0
835237,1.0,1,0,0
6240593,1.0,1,0,0
836817,1.0,1,0,0
28719389,1.0,1,0,0
837075,1.0,1,0,0
817780,1.0,1,0,0
833727,1.0,1,0,0
836182,1.0,1,0,0
825155,1.0,1,0,0
5007978,1.0,1,0,0
843541,1.0,1,0,0
825122,1.0,1,0,0
6240661,1.0,1,0,0
824113,1.0,1,0,0
818964,1.0,1,0,0
5007661,1.0,1,0,0
835982,1.0,1,0,0
829711,1.0,1,0,0
829495,1.0,1,0,0
843012,1.0,1,0,0
28717275,1.0,1,0,0
815874,1.0,1,0,0
28718491,1.0,1,0,0
828272,1.0,1,0,0
822196,1.0,1,0,0
838645,1.0,1,0,0
825055,1.0,1,0,0
820912,1.0,1,0,0
842962,1.0,1,0,0
829077,1.0,1,0,0
839006,1.0,1,0,0
824720,1.0,1,0,0
830096,1.0,1,0,0
820717,1.0,1,0,0
835873,1.0,1,0,0
818688,1.0,1,0,0
841758,1.0,1,0,0
828796,1.0,1,0,0
818309,1.0,1,0,0
28720857,1.0,1,0,0
821721,1.0,1,0,0
841289,1.0,1,0,0
840997,1.0,1,0,0
816061,1.0,1,0,0
842975,1.0,1,0,0
815079,1.0,1,0,0
824467,1.0,1,0,0
832202,1.0,1,0,0
834285,1.0,1,0,0
835948,1.0,1,0,0
820540,1.0,1,0,0
843997,1.0,1,0,0
28716264,1.0,1,0,0
5008162,1.0,1,0,0
817373,1.0,1,0,0
829934,1.0,1,0,0
5007709,1.0,1,0,0
837787,1.0,1,0,0
816465,1.0,1,0,0
833619,1.0,1,0,0
831453,1.0,1,0,0
6240934,1.0,1,0,0
839249,1.0,1,0,0
5007789,1.0,1,0,0
841676,1.0,1,0,0
841260,1.0,1,0,0
838930,1.0,1,0,0
815182,1.0,1,0,0
838844,1.0,1,0,0
28719879,1.0,1,0,0
827793,1.0,1,0,0
843483,1.0,1,0,0
830590,1.0,1,0,0
819723,1.0,1,0,0
828109,1.0,1,0,0
830155,1.0,1,0,0
844253,1.0,1,0,0
828527,1.0,1,0,0
834607,1.0,1,0,0
840059,1.0,1,0,0
819737,1.0,1,0,0
837239,1.0,1,0,0
833900,1.0,1,0,0
817145,1.0,1,0,0
2745825,1.0,1,0,0
825829,1.0,1,0,0
825081,1.0,1,0,0
832691,1.0,1,0,0
7922283,1.0,1,0,0
831728,1.0,1,0,0
835400,1.0,1,0,0
818388,1.0,1,0,0
817591,1.0,1,0,0
823977,1.0,1,0,0
816272,1.0,1,0,0
841898,1.0,1,0,0
819223,1.0,1,0,0
836334,1.0,1,0,0
28717532,1.0,1,0,0
838920,1.0,1,0,0
842577,1.0,1,0,0
818221,1.0,1,0,0
836330,1.0,1,0,0
831034,1.0,1,0,0
818272,1.0,1,0,0
824119,1.0,1,0,0
819856,1.0,1,0,0
824155,1.0,1,0,0
5008153,1.0,1,0,0
829055,1.0,1,0,0
842657,1.0,1,0,0
835141,1.0,1,0,0
843538,1.0,1,0,0
835226,1.0,1,0,0
835996,1.0,1,0,0
831235,1.0,1,0,0
832229,1.0,1,0,0
821381,1.0,1,0,0
816518,1.0,1,0,0
6240872,1.0,1,0,0
823631,1.0,1,0,0
817376,1.0,1,0,0
837518,1.0,1,0,0
6240924,1.0,1,0,0
843829,1.0,1,0,0
843980,1.0,1,0,0
816375,1.0,1,0,0
6240330,1.0,1,0,0
843158,1.0,1,0,0
824046,1.0,1,0,0
838399,1.0,1,0,0
5008197,1.0,1,0,0
836078,1.0,1,0,0
816887,1.0,1,0,0
843105,1.0,1,0,0
827157,1.0,1,0,0
833890,1.0,1,0,0
843522,1.0,1,0,0
819762,1.0,1,0,0
818298,1.0,1,0,0
820400,1.0,1,0,0
831646,1.0,1,0,0
829665,1.0,1,0,0
28717554,1.0,1,0,0
814702,1.0,1,0,0
834365,1.0,1,0,0
841381,1.0,1,0,0
28720537,1.0,1,0,0
28717346,1.0,1,0,0
843806,1.0,1,0,0
28716333,1.0,1,0,0
28719149,1.0,1,0,0
817293,1.0,1,0,0
835168,1.0,1,0,0
6240462,1.0,1,0,0
5008023,1.0,1,0,0
842440,1.0,1,0,0
816472,1.0,1,0,0
838735,1.0,1,0,0
844384,1.0,1,0,0
841428,1.0,1,0,0
835823,1.0,1,0,0
826913,1.0,1,0,0
820200,1.0,1,0,0
838382,1.0,1,0,0
10723051,1.0,1,0,0
824166,1.0,1,0,0
821863,1.0,1,0,0
818006,1.0,1,0,0
3766838,1.0,1,0,0
841569,1.0,1,0,0
843023,1.0,1,0,0
834716,1.0,1,0,0
821086,1.0,1,0,0
829250,1.0,1,0,0
819387,1.0,1,0,0
836677,1.0,1,0,0
820561,1.0,1,0,0
28721258,1.0,1,0,0
834520,1.0,1,0,0
821730,1.0,1,0,0
834521,1.0,1,0,0
834305,1.0,1,0,0
835078,1.0,1,0,0
823574,1.0,1,0,0
827050,1.0,1,0,0
842234,1.0,1,0,0
835133,1.0,1,0,0
821701,1.0,1,0,0
829368,1.0,1,0,0
839298,1.0,1,0,0
843182,1.0,1,0,0
840074,1.0,1,0,0
828033,1.0,1,0,0
820182,1.0,1,0,0
819822,1.0,1,0,0
28718132,1.0,1,0,0
821829,1.0,1,0,0
28718555,1.0,1,0,0
818146,1.0,1,0,0
821880,1.0,1,0,0
839342,1.0,1,0,0
828866,1.0,1,0,0
831334,1.0,1,0,0
817179,1.0,1,0,0
820464,1.0,1,0,0
827966,1.0,1,0,0
6241044,1.0,1,0,0
28719283,1.0,1,0,0
822210,1.0,1,0,0
28717341,1.0,1,0,0
843910,1.0,1,0,0
844436,1.0,1,0,0
822472,1.0,1,0,0
818368,1.0,1,0,0
834999,1.0,1,0,0
3770616,1.0,1,0,0
836627,1.0,1,0,0
3771487,1.0,1,0,0
841848,1.0,1,0,0
842308,1.0,1,0,0
838635,1.0,1,0,0
827727,1.0,1,0,0
28717421,1.0,1,0,0
831864,1.0,1,0,0
820819,1.0,1,0,0
820336,1.0,1,0,0
28718909,1.0,1,0,0
837709,1.0,1,0,0
830802,1.0,1,0,0
6240245,1.0,1,0,0
828869,1.0,1,0,0
28718315,1.0,1,0,0
830657,1.0,1,0,0
817955,1.0,1,0,0
28720374,1.0,1,0,0
841652,1.0,1,0,0
824254,1.0,1,0,0
821429,1.0,1,0,0
828833,1.0,1,0,0
820312,1.0,1,0,0
836527,1.0,1,0,0
838673,1.0,1,0,0
831602,1.0,1,0,0
6241025,1.0,1,0,0
841462,1.0,1,0,0
838821,1.0,1,0,0
842263,1.0,1,0,0
833892,1.0,1,0,0
839543,1.0,1,0,0
821374,1.0,1,0,0
836640,1.0,1,0,0
841424,1.0,1,0,0
6240701,1.0,1,0,0
826974,1.0,1,0,0
6241151,1.0,1,0,0
5008020,1.0,1,0,0
834613,1.0,1,0,0
842738,1.0,1,0,0
834506,1.0,1,0,0
841322,1.0,1,0,0
834379,1.0,1,0,0
830415,1.0,1,0,0
830681,1.0,1,0,0
838312,1.0,1,0,0
834036,1.0,1,0,0
837256,1.0,1,0,0
816791,1.0,1,0,0
28719259,1.0,1,0,0
819721,1.0,1,0,0
817307,1.0,1,0,0
844232,1.0,1,0,0
817177,1.0,1,0,0
828688,1.0,1,0,0
2745592,1.0,1,0,0
817449,1.0,1,0,0
833612,1.0,1,0,0
834647,1.0,1,0,0
826777,1.0,1,0,0
836623,1.0,1,0,0
834688,1.0,1,0,0
5007861,1.0,1,0,0
28718318,1.0,1,0,0
825870,1.0,1,0,0
824069,1.0,1,0,0
823803,1.0,1,0,0
839082,1.0,1,0,0
834039,1.0,1,0,0
2745960,1.0,1,0,0
844014,1.0,1,0,0
817783,1.0,1,0,0
828124,1.0,1,0,0
3767595,1.0,1,0,0
829999,1.0,1,0,0
838180,1.0,1,0,0
5007888,1.0,1,0,0
821574,1.0,1,0,0
28716385,1.0,1,0,0
841769,1.0,1,0,0
824044,1.0,1,0,0
822587,1.0,1,0,0
837294,1.0,1,0,0
837841,1.0,1,0,0
823533,1.0,1,0,0
6240665,1.0,1,0,0
5007699,1.0,1,0,0
827461,1.0,1,0,0
834780,1.0,1,0,0
823862,1.0,1,0,0
815176,1.0,1,0,0
831371,1.0,1,0,0
830066,1.0,1,0,0
827455,1.0,1,0,0
839291,1.0,1,0,0
827002,1.0,1,0,0
832831,1.0,1,0,0
834101,1.0,1,0,0
842050,1.0,1,0,0
815880,1.0,1,0,0
818193,1.0,1,0,0
834710,1.0,1,0,0
820737,1.0,1,0,0
820099,1.0,1,0,0
5008201,1.0,1,0,0
820982,1.0,1,0,0
837435,1.0,1,0,0
829859,1.0,1,0,0
832472,1.0,1,0,0
836247,1.0,1,0,0
818962,1.0,1,0,0
827948,1.0,1,0,0
831773,1.0,1,0,0
2745588,1.0,1,0,0
832677,1.0,1,0,0
827459,1.0,1,0,0
832568,1.0,1,0,0
828595,1.0,1,0,0
824020,1.0,1,0,0
822522,1.0,1,0,0
842830,1.0,1,0,0
832164,1.0,1,0,0
839164,1.0,1,0,0
818717,1.0,1,0,0
824239,1.0,1,0,0
820818,1.0,1,0,0
28719312,1.0,1,0,0
28719959,1.0,1,0,0
829884,1.0,1,0,0
3770629,1.0,1,0,0
841697,1.0,1,0,0
841534,1.0,1,0,0
815950,1.0,1,0,0
827201,1.0,1,0,0
829659,1.0,1,0,0
844172,1.0,1,0,0
28718487,1.0,1,0,0
841628,1.0,1,0,0
828406,1.0,1,0,0
842433,1.0,1,0,0
28717345,1.0,1,0,0
10723058,1.0,1,0,0
10723030,1.0,1,0,0
824483,1.0,1,0,0
827378,1.0,1,0,0
839767,1.0,1,0,0
837060,1.0,1,0,0
828472,1.0,1,0,0
6240253,1.0,1,0,0
816907,1.0,1,0,0
5007852,1.0,1,0,0
820687,1.0,1,0,0
840156,1.0,1,0,0
819868,1.0,1,0,0
826375,1.0,1,0,0
28720122,1.0,1,0,0
828401,1.0,1,0,0
838672,1.0,1,0,0
842714,1.0,1,0,0
843891,1.0,1,0,0
834861,1.0,1,0,0
823599,1.0,1,0,0
815413,1.0,1,0,0
817689,1.0,1,0,0
843802,1.0,1,0,0
828603,1.0,1,0,0
826866,1.0,1,0,0
828389,1.0,1,0,0
824830,1.0,1,0,0
28716280,1.0,1,0,0
3768908,1.0,1,0,0
815964,1.0,1,0,0
28718101,1.0,1,0,0
28717778,1.0,1,0,0
836877,1.0,1,0,0
843380,1.0,1,0,0
840149,1.0,1,0,0
841577,1.0,1,0,0
833949,1.0,1,0,0
830773,1.0,1,0,0
834129,1.0,1,0,0
28718580,1.0,1,0,0
28716188,1.0,1,0,0
824210,1.0,1,0,0
832315,1.0,1,0,0
840110,1.0,1,0,0
826739,1.0,1,0,0
5007829,1.0,1,0,0
829673,1.0,1,0,0
817889,1.0,1,0,0
832300,1.0,1,0,0
833811,1.0,1,0,0
823988,1.0,1,0,0
6240608,1.0,1,0,0
825704,1.0,1,0,0
825775,1.0,1,0,0
842422,1.0,1,0,0
837648,1.0,1,0,0
819184,1.0,1,0,0
829523,1.0,1,0,0
839884,1.0,1,0,0
824165,1.0,1,0,0
823608,1.0,1,0,0
10723135,1.0,1,0,0
827185,1.0,1,0,0
819937,1.0,1,0,0
838429,1.0,1,0,0
820115,1.0,1,0,0
827748,1.0,1,0,0
5008072,1.0,1,0,0
827881,1.0,1,0,0
840198,1.0,1,0,0
817611,1.0,1,0,0
28717519,1.0,1,0,0
834590,1.0,1,0,0
838503,1.0,1,0,0
28719427,1.0,1,0,0
818062,1.0,1,0,0
840008,1.0,1,0,0
837920,1.0,1,0,0
833873,1.0,1,0,0
5008198,1.0,1,0,0
820770,1.0,1,0,0
826855,1.0,1,0,0
817004,1.0,1,0,0
838256,1.0,1,0,0
839563,1.0,1,0,0
842644,1.0,1,0,0
824007,1.0,1,0,0
823973,1.0,1,0,0
5008019,1.0,1,0,0
828173,1.0,1,0,0
831936,1.0,1,0,0
835124,1.0,1,0,0
826861,1.0,1,0,0
816056,1.0,1,0,0
821578,1.0,1,0,0
824699,1.0,1,0,0
824791,1.0,1,0,0
838153,1.0,1,0,0
844325,1.0,1,0,0
10723027,1.0,1,0,0
843014,1.0,1,0,0
2745563,1.0,1,0,0
6240535,1.0,1,0,0
836449,1.0,1,0,0
843728,1.0,1,0,0
824072,1.0,1,0,0
836354,1.0,1,0,0
834843,1.0,1,0,0
6240355,1.0,1,0,0
836405,1.0,1,0,0
827403,1.0,1,0,0
6240983,1.0,1,0,0
828950,1.0,1,0,0
3767975,1.0,1,0,0
843783,1.0,1,0,0
838273,1.0,1,0,0
817326,1.0,1,0,0
815389,1.0,1,0,0
836837,1.0,1,0,0
828198,1.0,1,0,0
835600,1.0,1,0,0
841450,1.0,1,0,0
838913,1.0,1,0,0
820877,1.0,1,0,0
818545,1.0,1,0,0
819350,1.0,1,0,0
819676,1.0,1,0,0
816511,1.0,1,0,0
3767733,1.0,1,0,0
828545,1.0,1,0,0
6240339,1.0,1,0,0
832350,1.0,1,0,0
829507,1.0,1,0,0
2745832,1.0,1,0,0
836211,1.0,1,0,0
825152,1.0,1,0,0
837873,1.0,1,0,0
823730,1.0,1,0,0
834172,1.0,1,0,0
820923,1.0,1,0,0
832619,1.0,1,0,0
843011,1.0,1,0,0
835256,1.0,1,0,0
834118,1.0,1,0,0
823592,1.0,1,0,0
841025,1.0,1,0,0
843943,1.0,1,0,0
28721239,1.0,1,0,0
28718525,1.0,1,0,0
837135,1.0,1,0,0
3769237,1.0,1,0,0
817228,1.0,1,0,0
829756,1.0,1,0,0
836128,1.0,1,0,0
824748,1.0,1,0,0
829827,1.0,1,0,0
818728,1.0,1,0,0
28719327,1.0,1,0,0
835825,1.0,1,0,0
28717239,1.0,1,0,0
10723096,1.0,1,0,0
816675,1.0,1,0,0
28718986,1.0,1,0,0
832469,1.0,1,0,0
832387,1.0,1,0,0
833636,1.0,1,0,0
834181,1.0,1,0,0
835367,1.0,1,0,0
833891,1.0,1,0,0
820051,1.0,1,0,0
820311,1.0,1,0,0
843282,1.0,1,0,0
835295,1.0,1,0,0
834711,1.0,1,0,0
820191,1.0,1,0,0
819309,1.0,1,0,0
820347,1.0,1,0,0
829911,1.0,1,0,0
28720015,1.0,1,0,0
816975,1.0,1,0,0
820105,1.0,1,0,0
821024,1.0,1,0,0
844271,1.0,1,0,0
832609,1.0,1,0,0
2745572,1.0,1,0,0
832367,1.0,1,0,0
5008083,1.0,1,0,0
840340,1.0,1,0,0
816102,1.0,1,0,0
838085,1.0,1,0,0
826759,1.0,1,0,0
28719245,1.0,1,0,0
828630,1.0,1,0,0
815971,1.0,1,0,0
28719406,1.0,1,0,0
5008173,1.0,1,0,0
834783,1.0,1,0,0
831526,1.0,1,0,0
10723042,1.0,1,0,0
5007878,1.0,1,0,0
817984,1.0,1,0,0
836045,1.0,1,0,0
838014,1.0,1,0,0
820348,1.0,1,0,0
827974,1.0,1,0,0
825041,1.0,1,0,0
5007796,1.0,1,0,0
824582,1.0,1,0,0
819991,1.0,1,0,0
839649,1.0,1,0,0
840254,1.0,1,0,0
835662,1.0,1,0,0
829508,1.0,1,0,0
838994,1.0,1,0,0
5008193,1.0,1,0,0
817419,1.0,1,0,0
837251,1.0,1,0,0
2745754,1.0,1,0,0
817752,1.0,1,0,0
821193,1.0,1,0,0
818838,1.0,1,0,0
28716042,1.0,1,0,0
816873,1.0,1,0,0
836070,1.0,1,0,0
818924,1.0,1,0,0
836097,1.0,1,0,0
828352,1.0,1,0,0
838366,1.0,1,0,0
828236,1.0,1,0,0
6240628,1.0,1,0,0
5008184,1.0,1,0,0
834978,1.0,1,0,0
830930,1.0,1,0,0
832717,1.0,1,0,0
826171,1.0,1,0,0
844790,1.0,1,0,0
831239,1.0,1,0,0
835722,1.0,1,0,0
839485,1.0,1,0,0
835545,1.0,1,0,0
838648,1.0,1,0,0
839600,1.0,1,0,0
839021,1.0,1,0,0
819555,1.0,1,0,0
829671,1.0,1,0,0
843164,1.0,1,0,0
836426,1.0,1,0,0
2745562,1.0,1,0,0
841823,1.0,1,0,0
841292,1.0,1,0,0
3771478,1.0,1,0,0
843867,1.0,1,0,0
844723,1.0,1,0,0
827244,1.0,1,0,0
3771571,1.0,1,0,0
832399,1.0,1,0,0
843647,1.0,1,0,0
817109,1.0,1,0,0
836017,1.0,1,0,0
826585,1.0,1,0,0
814914,1.0,1,0,0
824553,1.0,1,0,0
827825,1.0,1,0,0
833883,1.0,1,0,0
818923,1.0,1,0,0
823940,1.0,1,0,0
822494,1.0,1,0,0
28720014,1.0,1,0,0
28716876,1.0,1,0,0
834148,1.0,1,0,0
838637,1.0,1,0,0
816292,1.0,1,0,0
816226,1.0,1,0,0
5008282,1.0,1,0,0
28717956,1.0,1,0,0
827662,1.0,1,0,0
843556,1.0,1,0,0
835518,1.0,1,0,0
6240953,1.0,1,0,0
834176,1.0,1,0,0
818891,1.0,1,0,0
822168,1.0,1,0,0
28717999,1.0,1,0,0
834910,1.0,1,0,0
844721,1.0,1,0,0
28719562,1.0,1,0,0
838554,1.0,1,0,0
839165,1.0,1,0,0
837951,1.0,1,0,0
28720187,1.0,1,0,0
828989,1.0,1,0,0
28719851,1.0,1,0,0
843149,1.0,1,0,0
824616,1.0,1,0,0
818225,1.0,1,0,0
832314,1.0,1,0,0
829448,1.0,1,0,0
839271,1.0,1,0,0
819278,1.0,1,0,0
818801,1.0,1,0,0
817626,1.0,1,0,0
826266,1.0,1,0,0
828493,1.0,1,0,0
823931,1.0,1,0,0
838953,1.0,1,0,0
822507,1.0,1,0,0
817985,1.0,1,0,0
830119,1.0,1,0,0
832787,1.0,1,0,0
820257,1.0,1,0,0
815954,1.0,1,0,0
828043,1.0,1,0,0
28716710,1.0,1,0,0
833998,1.0,1,0,0
828944,1.0,1,0,0
824144,1.0,1,0,0
841519,1.0,1,0,0
820790,1.0,1,0,0
824481,1.0,1,0,0
827304,1.0,1,0,0
837080,1.0,1,0,0
816761,1.0,1,0,0
844056,1.0,1,0,0
28716021,1.0,1,0,0
831605,1.0,1,0,0
2745581,1.0,1,0,0
28716502,1.0,1,0,0
817706,1.0,1,0,0
2746203,1.0,1,0,0
840302,1.0,1,0,0
2745715,1.0,1,0,0
831989,1.0,1,0,0
844209,1.0,1,0,0
824100,1.0,1,0,0
837108,1.0,1,0,0
6240360,1.0,1,0,0
844785,1.0,1,0,0
843826,1.0,1,0,0
817460,1.0,1,0,0
844075,1.0,1,0,0
834473,1.0,1,0,0
28721100,1.0,1,0,0
826573,1.0,1,0,0
28717228,1.0,1,0,0
840603,1.0,1,0,0
843781,1.0,1,0,0
816959,1.0,1,0,0
3767685,1.0,1,0,0
839648,1.0,1,0,0
841984,1.0,1,0,0
833014,1.0,1,0,0
834003,1.0,1,0,0
827992,1.0,1,0,0
843073,1.0,1,0,0
836419,1.0,1,0,0
28720182,1.0,1,0,0
818162,1.0,1,0,0
28717046,1.0,1,0,0
816836,1.0,1,0,0
827361,1.0,1,0,0
835972,1.0,1,0,0
816480,1.0,1,0,0
838297,1.0,1,0,0
28720440,1.0,1,0,0
836569,1.0,1,0,0
832781,1.0,1,0,0
836277,1.0,1,0,0
837496,1.0,1,0,0
837623,1.0,1,0,0
837738,1.0,1,0,0
826711,1.0,1,0,0
822438,1.0,1,0,0
818372,1.0,1,0,0
824832,1.0,1,0,0
818373,1.0,1,0,0
821876,1.0,1,0,0
828276,1.0,1,0,0
817398,1.0,1,0,0
832460,1.0,1,0,0
829784,1.0,1,0,0
830629,1.0,1,0,0
835366,1.0,1,0,0
821107,1.0,1,0,0
838381,1.0,1,0,0
828398,1.0,1,0,0
843504,1.0,1,0,0
829107,1.0,1,0,0
817155,1.0,1,0,0
834048,1.0,1,0,0
821466,1.0,1,0,0
834703,1.0,1,0,0
841945,1.0,1,0,0
827618,1.0,1,0,0
816286,1.0,1,0,0
828068,1.0,1,0,0
829074,1.0,1,0,0
825117,1.0,1,0,0
820826,1.0,1,0,0
821845,1.0,1,0,0
826752,1.0,1,0,0
835262,1.0,1,0,0
844175,1.0,1,0,0
3766662,1.0,1,0,0
817573,1.0,1,0,0
28716047,1.0,1,0,0
28717103,1.0,1,0,0
5007986,1.0,1,0,0
831451,1.0,1,0,0
841807,1.0,1,0,0
820611,1.0,1,0,0
3766692,1.0,1,0,0
843846,1.0,1,0,0
28717274,1.0,1,0,0
28719414,1.0,1,0,0
844182,1.0,1,0,0
838841,1.0,1,0,0
830056,1.0,1,0,0
5007768,1.0,1,0,0
843081,1.0,1,0,0
843624,1.0,1,0,0
835309,1.0,1,0,0
834130,1.0,1,0,0
823829,1.0,1,0,0
820125,1.0,1,0,0
830280,1.0,1,0,0
833833,1.0,1,0,0
822310,1.0,1,0,0
28716102,1.0,1,0,0
825734,1.0,1,0,0
832441,1.0,1,0,0
28716030,1.0,1,0,0
824513,1.0,1,0,0
843853,1.0,1,0,0
837046,1.0,1,0,0
843188,1.0,1,0,0
831266,1.0,1,0,0
829602,1.0,1,0,0
835486,1.0,1,0,0
7922355,1.0,1,0,0
838009,1.0,1,0,0
827629,1.0,1,0,0
844754,1.0,1,0,0
820848,1.0,1,0,0
839906,1.0,1,0,0
840412,1.0,1,0,0
843990,1.0,1,0,0
828504,1.0,1,0,0
815374,1.0,1,0,0
830410,1.0,1,0,0
817837,1.0,1,0,0
831827,1.0,1,0,0
821732,1.0,1,0,0
821318,1.0,1,0,0
836044,1.0,1,0,0
819101,1.0,1,0,0
831258,1.0,1,0,0
827107,1.0,1,0,0
827765,1.0,1,0,0
831178,1.0,1,0,0
816929,1.0,1,0,0
823754,1.0,1,0,0
6241037,1.0,1,0,0
28719301,1.0,1,0,0
828100,1.0,1,0,0
820945,1.0,1,0,0
818428,1.0,1,0,0
2745551,1.0,1,0,0
831674,1.0,1,0,0
836813,1.0,1,0,0
840315,1.0,1,0,0
831326,1.0,1,0,0
2745757,1.0,1,0,0
833022,1.0,1,0,0
5008021,1.0,1,0,0
6240716,1.0,1,0,0
835001,1.0,1,0,0
828803,1.0,1,0,0
826925,1.0,1,0,0
821716,1.0,1,0,0
839132,1.0,1,0,0
3768963,1.0,1,0,0
825448,1.0,1,0,0
824312,1.0,1,0,0
3767578,1.0,1,0,0
825229,1.0,1,0,0
824285,1.0,1,0,0
815597,1.0,1,0,0
828508,1.0,1,0,0
837704,1.0,1,0,0
825198,1.0,1,0,0
838641,1.0,1,0,0
844265,1.0,1,0,0
831471,1.0,1,0,0
827957,1.0,1,0,0
838897,1.0,1,0,0
821033,1.0,1,0,0
836900,1.0,1,0,0
839209,1.0,1,0,0
829633,1.0,1,0,0
832125,1.0,1,0,0
28719111,1.0,1,0,0
824551,1.0,1,0,0
828898,1.0,1,0,0
821417,1.0,1,0,0
839130,1.0,1,0,0
838627,1.0,1,0,0
5007724,1.0,1,0,0
820705,1.0,1,0,0
824241,1.0,1,0,0
817475,1.0,1,0,0
816568,1.0,1,0,0
843489,1.0,1,0,0
834408,1.0,1,0,0
831844,1.0,1,0,0
28720599,1.0,1,0,0
831165,1.0,1,0,0
843923,1.0,1,0,0
817008,1.0,1,0,0
830966,1.0,1,0,0
840971,1.0,1,0,0
830122,1.0,1,0,0
833904,1.0,1,0,0
834994,1.0,1,0,0
838253,1.0,1,0,0
825306,1.0,1,0,0
831495,1.0,1,0,0
5007938,1.0,1,0,0
829913,1.0,1,0,0
833897,1.0,1,0,0
5007951,1.0,1,0,0
841100,1.0,1,0,0
843204,1.0,1,0,0
819559,1.0,1,0,0
828790,1.0,1,0,0
826603,1.0,1,0,0
825414,1.0,1,0,0
820927,1.0,1,0,0
834274,1.0,1,0,0
842279,1.0,1,0,0
827868,1.0,1,0,0
835850,1.0,1,0,0
837051,1.0,1,0,0
818854,1.0,1,0,0
843795,1.0,1,0,0
830346,1.0,1,0,0
840201,1.0,1,0,0
816522,1.0,1,0,0
824988,1.0,1,0,0
837939,1.0,1,0,0
841696,1.0,1,0,0
10723034,1.0,1,0,0
834131,1.0,1,0,0
833983,1.0,1,0,0
835232,1.0,1,0,0
841744,1.0,1,0,0
843009,1.0,1,0,0
835719,1.0,1,0,0
836891,1.0,1,0,0
831992,1.0,1,0,0
824757,1.0,1,0,0
833695,1.0,1,0,0
842896,1.0,1,0,0
821997,1.0,1,0,0
831394,1.0,1,0,0
837674,1.0,1,0,0
5008111,1.0,1,0,0
837677,1.0,1,0,0
838422,1.0,1,0,0
825192,1.0,1,0,0
839250,1.0,1,0,0
837908,1.0,1,0,0
28716392,1.0,1,0,0
838022,1.0,1,0,0
843748,1.0,1,0,0
819558,1.0,1,0,0
843974,1.0,1,0,0
820152,1.0,1,0,0
840045,1.0,1,0,0
832234,1.0,1,0,0
826857,1.0,1,0,0
3770626,1.0,1,0,0
819119,1.0,1,0,0
28717125,1.0,1,0,0
821119,1.0,1,0,0
28717841,1.0,1,0,0
839535,1.0,1,0,0
831953,1.0,1,0,0
834637,1.0,1,0,0
819215,1.0,1,0,0
28720427,1.0,1,0,0
816308,1.0,1,0,0
818685,1.0,1,0,0
816976,1.0,1,0,0
831341,1.0,1,0,0
2745552,1.0,1,0,0
819867,1.0,1,0,0
820156,1.0,1,0,0
5007772,1.0,1,0,0
822035,1.0,1,0,0
833786,1.0,1,0,0
820756,1.0,1,0,0
832970,1.0,1,0,0
829552,1.0,1,0,0
823790,1.0,1,0,0
834535,1.0,1,0,0
831726,1.0,1,0,0
843745,1.0,1,0,0
827916,1.0,1,0,0
835344,1.0,1,0,0
835890,1.0,1,0,0
819873,1.0,1,0,0
28718273,1.0,1,0,0
821089,1.0,1,0,0
823912,1.0,1,0,0
842619,1.0,1,0,0
827022,1.0,1,0,0
833735,1.0,1,0,0
28716028,1.0,1,0,0
836644,1.0,1,0,0
837076,1.0,1,0,0
818143,1.0,1,0,0
28719435,1.0,1,0,0
818541,1.0,1,0,0
831268,1.0,1,0,0
834333,1.0,1,0,0
838347,1.0,1,0,0
827860,1.0,1,0,0
823603,1.0,1,0,0
814924,1.0,1,0,0
831302,1.0,1,0,0
818178,1.0,1,0,0
827698,1.0,1,0,0
828692,1.0,1,0,0
816091,1.0,1,0,0
839076,1.0,1,0,0
817823,1.0,1,0,0
816690,1.0,1,0,0
816204,1.0,1,0,0
826371,1.0,1,0,0
833964,1.0,1,0,0
842236,1.0,1,0,0
820690,1.0,1,0,0
828589,1.0,1,0,0
817051,1.0,1,0,0
820603,1.0,1,0,0
837503,1.0,1,0,0
838212,1.0,1,0,0
836614,1.0,1,0,0
823637,1.0,1,0,0
818525,1.0,1,0,0
820779,1.0,1,0,0
835761,1.0,1,0,0
822211,1.0,1,0,0
28720131,1.0,1,0,0
28716078,1.0,1,0,0
28718600,1.0,1,0,0
821958,1.0,1,0,0
821507,1.0,1,0,0
10723024,1.0,1,0,0
826597,1.0,1,0,0
814909,1.0,1,0,0
838522,1.0,1,0,0
832085,1.0,1,0,0
819259,1.0,1,0,0
831814,1.0,1,0,0
821517,1.0,1,0,0
818720,1.0,1,0,0
816032,1.0,1,0,0
821315,1.0,1,0,0
820823,1.0,1,0,0
837745,1.0,1,0,0
832788,1.0,1,0,0
828202,1.0,1,0,0
842079,1.0,1,0,0
832329,1.0,1,0,0
826588,1.0,1,0,0
828501,1.0,1,0,0
829191,1.0,1,0,0
28721089,1.0,1,0,0
814834,1.0,1,0,0
817939,1.0,1,0,0
815144,1.0,1,0,0
817409,1.0,1,0,0
28719037,1.0,1,0,0
28720138,1.0,1,0,0
820813,1.0,1,0,0
843234,1.0,1,0,0
835254,1.0,1,0,0
844189,1.0,1,0,0
818016,1.0,1,0,0
817682,1.0,1,0,0
844775,1.0,1,0,0
831386,1.0,1,0,0
835991,1.0,1,0,0
831437,1.0,1,0,0
838583,1.0,1,0,0
827212,1.0,1,0,0
835481,1.0,1,0,0
827736,1.0,1,0,0
820211,1.0,1,0,0
834488,1.0,1,0,0
828721,1.0,1,0,0
826806,1.0,1,0,0
825293,1.0,1,0,0
843067,1.0,1,0,0
841970,1.0,1,0,0
838409,1.0,1,0,0
839084,1.0,1,0,0
841587,1.0,1,0,0
817485,1.0,1,0,0
827202,1.0,1,0,0
838291,1.0,1,0,0
841411,1.0,1,0,0
837033,1.0,1,0,0
836716,1.0,1,0,0
843925,1.0,1,0,0
823892,1.0,1,0,0
817795,1.0,1,0,0
814866,1.0,1,0,0
28720071,1.0,1,0,0
831256,1.0,1,0,0
830421,1.0,1,0,0
28716610,1.0,1,0,0
28718495,1.0,1,0,0
819620,1.0,1,0,0
830417,1.0,1,0,0
818616,1.0,1,0,0
816682,1.0,1,0,0
831473,1.0,1,0,0
815916,1.0,1,0,0
835979,1.0,1,0,0
816971,1.0,1,0,0
844043,1.0,1,0,0
843849,1.0,1,0,0
830079,1.0,1,0,0
823640,1.0,1,0,0
10723128,1.0,1,0,0
828215,1.0,1,0,0
823957,1.0,1,0,0
841963,1.0,1,0,0
819872,1.0,1,0,0
828638,1.0,1,0,0
820634,1.0,1,0,0
10723059,1.0,1,0,0
827196,1.0,1,0,0
829076,1.0,1,0,0
821651,1.0,1,0,0
830669,1.0,1,0,0
826619,1.0,1,0,0
833646,1.0,1,0,0
827687,1.0,1,0,0
6241015,1.0,1,0,0
6240444,1.0,1,0,0
826629,1.0,1,0,0
28718000,1.0,1,0,0
843712,1.0,1,0,0
838804,1.0,1,0,0
829279,1.0,1,0,0
837062,1.0,1,0,0
2745987,1.0,1,0,0
825841,1.0,1,0,0
828775,1.0,1,0,0
834367,1.0,1,0,0
28719908,1.0,1,0,0
836087,1.0,1,0,0
841740,1.0,1,0,0
827390,1.0,1,0,0
842363,1.0,1,0,0
829484,1.0,1,0,0
841377,1.0,1,0,0
831947,1.0,1,0,0
820157,1.0,1,0,0
5008002,1.0,1,0,0
835094,1.0,1,0,0
834098,1.0,1,0,0
831744,1.0,1,0,0
28719798,1.0,1,0,0
832190,1.0,1,0,0
821332,1.0,1,0,0
844360,1.0,1,0,0
830266,1.0,1,0,0
837452,1.0,1,0,0
838185,1.0,1,0,0
819097,1.0,1,0,0
5008207,1.0,1,0,0
842645,1.0,1,0,0
6240906,1.0,1,0,0
819294,1.0,1,0,0
822447,1.0,1,0,0
827647,1.0,1,0,0
824338,1.0,1,0,0
3769692,1.0,1,0,0
825468,1.0,1,0,0
816948,1.0,1,0,0
838965,1.0,1,0,0
824856,1.0,1,0,0
821621,1.0,1,0,0
843893,1.0,1,0,0
834801,1.0,1,0,0
7922548,1.0,1,0,0
831287,1.0,1,0,0
832009,1.0,1,0,0
818454,1.0,1,0,0
831460,1.0,1,0,0
819037,1.0,1,0,0
821905,1.0,1,0,0
842152,1.0,1,0,0
818187,1.0,1,0,0
843120,1.0,1,0,0
836815,1.0,1,0,0
836186,1.0,1,0,0
840104,1.0,1,0,0
3770588,1.0,1,0,0
816423,1.0,1,0,0
831865,1.0,1,0,0
839480,1.0,1,0,0
828452,1.0,1,0,0
823986,1.0,1,0,0
826962,1.0,1,0,0
823854,1.0,1,0,0
821136,1.0,1,0,0
817327,1.0,1,0,0
841160,1.0,1,0,0
816544,1.0,1,0,0
820455,1.0,1,0,0
28720569,1.0,1,0,0
835629,1.0,1,0,0
5007945,1.0,1,0,0
828509,1.0,1,0,0
834953,1.0,1,0,0
827140,1.0,1,0,0
824008,1.0,1,0,0
28719681,1.0,1,0,0
828977,1.0,1,0,0
832240,1.0,1,0,0
830073,1.0,1,0,0
841034,1.0,1,0,0
840145,1.0,1,0,0
839711,1.0,1,0,0
834546,1.0,1,0,0
843949,1.0,1,0,0
28718583,1.0,1,0,0
817639,1.0,1,0,0
2745542,1.0,1,0,0
833905,1.0,1,0,0
839190,1.0,1,0,0
834396,1.0,1,0,0
820394,1.0,1,0,0
830114,1.0,1,0,0
827082,1.0,1,0,0
827143,1.0,1,0,0
837169,1.0,1,0,0
841725,1.0,1,0,0
824917,1.0,1,0,0
829543,1.0,1,0,0
843863,1.0,1,0,0
824419,1.0,1,0,0
28717359,1.0,1,0,0
821606,1.0,1,0,0
28719326,1.0,1,0,0
819827,1.0,1,0,0
6240885,1.0,1,0,0
28720584,1.0,1,0,0
6240863,1.0,1,0,0
820970,1.0,1,0,0
827024,1.0,1,0,0
840062,1.0,1,0,0
28718530,1.0,1,0,0
837767,1.0,1,0,0
28719371,1.0,1,0,0
830671,1.0,1,0,0
841343,1.0,1,0,0
5007847,1.0,1,0,0
28721263,1.0,1,0,0
831072,1.0,1,0,0
832594,1.0,1,0,0
838852,1.0,1,0,0
827546,1.0,1,0,0
817834,1.0,1,0,0
825289,1.0,1,0,0
28720310,1.0,1,0,0
818172,1.0,1,0,0
820586,1.0,1,0,0
5007735,1.0,1,0,0
824664,1.0,1,0,0
843903,1.0,1,0,0
816422,1.0,1,0,0
822863,1.0,1,0,0
834386,1.0,1,0,0
822684,1.0,1,0,0
6240472,1.0,1,0,0
835512,1.0,1,0,0
817184,1.0,1,0,0
818722,1.0,1,0,0
816212,1.0,1,0,0
839343,1.0,1,0,0
829990,1.0,1,0,0
814804,1.0,1,0,0
817514,1.0,1,0,0
818087,1.0,1,0,0
832442,1.0,1,0,0
822212,1.0,1,0,0
817811,1.0,1,0,0
826753,1.0,1,0,0
824235,1.0,1,0,0
836157,1.0,1,0,0
844188,1.0,1,0,0
837512,1.0,1,0,0
823928,1.0,1,0,0
843002,1.0,1,0,0
819996,1.0,1,0,0
6241488,1.0,1,0,0
840135,1.0,1,0,0
817461,1.0,1,0,0
818133,1.0,1,0,0
2746163,1.0,1,0,0
826886,1.0,1,0,0
836676,1.0,1,0,0
826007,1.0,1,0,0
823455,1.0,1,0,0
815998,1.0,1,0,0
842658,1.0,1,0,0
819071,1.0,1,0,0
834865,1.0,1,0,0
28719431,1.0,1,0,0
819404,1.0,1,0,0
843402,1.0,1,0,0
821706,1.0,1,0,0
831557,1.0,1,0,0
822149,1.0,1,0,0
3769734,1.0,1,0,0
821598,1.0,1,0,0
817962,1.0,1,0,0
821010,1.0,1,0,0
838751,1.0,1,0,0
836796,1.0,1,0,0
832256,1.0,1,0,0
830021,1.0,1,0,0
841067,1.0,1,0,0
843315,1.0,1,0,0
2745992,1.0,1,0,0
839607,1.0,1,0,0
840146,1.0,1,0,0
816658,1.0,1,0,0
3766852,1.0,1,0,0
28718313,1.0,1,0,0
821252,1.0,1,0,0
839223,1.0,1,0,0
822153,1.0,1,0,0
824768,1.0,1,0,0
816571,1.0,1,0,0
822094,1.0,1,0,0
817753,1.0,1,0,0
837818,1.0,1,0,0
828787,1.0,1,0,0
825318,1.0,1,0,0
816778,1.0,1,0,0
839761,1.0,1,0,0
840424,1.0,1,0,0
843175,1.0,1,0,0
3766712,1.0,1,0,0
837595,1.0,1,0,0
823570,1.0,1,0,0
823613,1.0,1,0,0
837578,1.0,1,0,0
832396,1.0,1,0,0
839946,1.0,1,0,0
824249,1.0,1,0,0
28717395,1.0,1,0,0
28716140,1.0,1,0,0
820821,1.0,1,0,0
830328,1.0,1,0,0
843995,1.0,1,0,0
834203,1.0,1,0,0
835730,1.0,1,0,0
837520,1.0,1,0,0
823937,1.0,1,0,0
841843,1.0,1,0,0
835431,1.0,1,0,0
842548,1.0,1,0,0
819111,1.0,1,0,0
823635,1.0,1,0,0
826862,1.0,1,0,0
825457,1.0,1,0,0
828880,1.0,1,0,0
819361,1.0,1,0,0
823798,1.0,1,0,0
825707,1.0,1,0,0
841909,1.0,1,0,0
836659,1.0,1,0,0
10723067,1.0,1,0,0
823930,1.0,1,0,0
843264,1.0,1,0,0
817942,1.0,1,0,0
843127,1.0,1,0,0
839478,1.0,1,0,0
842592,1.0,1,0,0
28718330,1.0,1,0,0
835773,1.0,1,0,0
824535,1.0,1,0,0
833920,1.0,1,0,0
828758,1.0,1,0,0
3768752,1.0,1,0,0
819601,1.0,1,0,0
842689,1.0,1,0,0
28719657,1.0,1,0,0
28717279,1.0,1,0,0
824152,1.0,1,0,0
834792,1.0,1,0,0
832010,1.0,1,0,0
844274,1.0,1,0,0
5008223,1.0,1,0,0
820253,1.0,1,0,0
820297,1.0,1,0,0
817816,1.0,1,0,0
817749,1.0,1,0,0
829762,1.0,1,0,0
840228,1.0,1,0,0
28719304,1.0,1,0,0
824933,1.0,1,0,0
819728,1.0,1,0,0
834196,1.0,1,0,0
843906,1.0,1,0,0
835353,1.0,1,0,0
831671,1.0,1,0,0
838490,1.0,1,0,0
837195,1.0,1,0,0
828175,1.0,1,0,0
28717965,1.0,1,0,0
834680,1.0,1,0,0
3766796,1.0,1,0,0
5007956,1.0,1,0,0
828765,1.0,1,0,0
818611,1.0,1,0,0
821220,1.0,1,0,0
836335,1.0,1,0,0
824488,1.0,1,0,0
827559,1.0,1,0,0
830578,1.0,1,0,0
844116,1.0,1,0,0
839242,1.0,1,0,0
835172,1.0,1,0,0
832282,1.0,1,0,0
831381,1.0,1,0,0
821034,1.0,1,0,0
844330,1.0,1,0,0
828233,1.0,1,0,0
825051,1.0,1,0,0
28719057,1.0,1,0,0
839748,1.0,1,0,0
819335,1.0,1,0,0
832205,1.0,1,0,0
821165,1.0,1,0,0
826856,1.0,1,0,0
826802,1.0,1,0,0
839701,1.0,1,0,0
818341,1.0,1,0,0
820087,1.0,1,0,0
839282,1.0,1,0,0
831591,1.0,1,0,0
6240649,1.0,1,0,0
819830,1.0,1,0,0
842785,1.0,1,0,0
818068,1.0,1,0,0
822645,1.0,1,0,0
5007813,1.0,1,0,0
843226,1.0,1,0,0
28718977,1.0,1,0,0
821196,1.0,1,0,0
843804,1.0,1,0,0
827052,1.0,1,0,0
832916,1.0,1,0,0
827896,1.0,1,0,0
830535,1.0,1,0,0
6241065,1.0,1,0,0
843060,1.0,1,0,0
819153,1.0,1,0,0
832531,1.0,1,0,0
843168,1.0,1,0,0
28717322,1.0,1,0,0
5007922,1.0,1,0,0
824232,1.0,1,0,0
823671,1.0,1,0,0
817869,1.0,1,0,0
825511,1.0,1,0,0
28720545,1.0,1,0,0
842611,1.0,1,0,0
820748,1.0,1,0,0
836521,1.0,1,0,0
836079,1.0,1,0,0
28716218,1.0,1,0,0
838246,1.0,1,0,0
28717054,1.0,1,0,0
837718,1.0,1,0,0
825354,1.0,1,0,0
821398,1.0,1,0,0
820273,1.0,1,0,0
828832,1.0,1,0,0
837635,1.0,1,0,0
832692,1.0,1,0,0
828076,1.0,1,0,0
831842,1.0,1,0,0
835659,1.0,1,0,0
818617,1.0,1,0,0
821795,1.0,1,0,0
6241346,1.0,1,0,0
822223,1.0,1,0,0
831278,1.0,1,0,0
839581,1.0,1,0,0
28716829,1.0,1,0,0
820112,1.0,1,0,0
5007934,1.0,1,0,0
829082,1.0,1,0,0
2746219,1.0,1,0,0
817356,1.0,1,0,0
822467,1.0,1,0,0
827551,1.0,1,0,0
836477,1.0,1,0,0
829674,1.0,1,0,0
816684,1.0,1,0,0
836106,1.0,1,0,0
2745599,1.0,1,0,0
843174,1.0,1,0,0
28716292,1.0,1,0,0
10723070,1.0,1,0,0
5007962,1.0,1,0,0
828943,1.0,1,0,0
824903,1.0,1,0,0
826581,1.0,1,0,0
838205,1.0,1,0,0
817434,1.0,1,0,0
827926,1.0,1,0,0
836363,1.0,1,0,0
3768659,1.0,1,0,0
834190,1.0,1,0,0
830831,1.0,1,0,0
839844,1.0,1,0,0
821785,1.0,1,0,0
823914,1.0,1,0,0
841171,1.0,1,0,0
844106,1.0,1,0,0
832584,1.0,1,0,0
843820,1.0,1,0,0
28716168,1.0,1,0,0
815343,1.0,1,0,0
837066,1.0,1,0,0
7922464,1.0,1,0,0
822490,1.0,1,0,0
837845,1.0,1,0,0
7922418,1.0,1,0,0
819698,1.0,1,0,0
5008175,1.0,1,0,0
837659,1.0,1,0,0
842265,1.0,1,0,0
844804,1.0,1,0,0
841573,1.0,1,0,0
28716959,1.0,1,0,0
829924,1.0,1,0,0
827404,1.0,1,0,0
836464,1.0,1,0,0
837692,1.0,1,0,0
815852,1.0,1,0,0
837442,1.0,1,0,0
814662,1.0,1,0,0
821041,1.0,1,0,0
821687,1.0,1,0,0
843596,1.0,1,0,0
5007857,1.0,1,0,0
820041,1.0,1,0,0
820162,1.0,1,0,0
820991,1.0,1,0,0
827081,1.0,1,0,0
839769,1.0,1,0,0
839377,1.0,1,0,0
838211,1.0,1,0,0
835016,1.0,1,0,0
835640,1.0,1,0,0
817545,1.0,1,0,0
7922320,1.0,1,0,0
840354,1.0,1,0,0
834651,1.0,1,0,0
844733,1.0,1,0,0
837811,1.0,1,0,0
831496,1.0,1,0,0
825450,1.0,1,0,0
841253,1.0,1,0,0
824939,1.0,1,0,0
836250,1.0,1,0,0
827365,1.0,1,0,0
842679,1.0,1,0,0
831691,1.0,1,0,0
823546,1.0,1,0,0
28717225,1.0,1,0,0
842331,1.0,1,0,0
814840,1.0,1,0,0
844404,1.0,1,0,0
816665,1.0,1,0,0
816370,1.0,1,0,0
842736,1.0,1,0,0
843140,1.0,1,0,0
827762,1.0,1,0,0
839797,1.0,1,0,0
824176,1.0,1,0,0
837030,1.0,1,0,0
831066,1.0,1,0,0
5008077,1.0,1,0,0
28716745,1.0,1,0,0
824797,1.0,1,0,0
826634,1.0,1,0,0
839193,1.0,1,0,0
829951,1.0,1,0,0
842712,1.0,1,0,0
827643,1.0,1,0,0
843751,1.0,1,0,0
834715,1.0,1,0,0
837325,1.0,1,0,0
838922,1.0,1,0,0
28721261,1.0,1,0,0
827371,1.0,1,0,0
817835,1.0,1,0,0
820672,1.0,1,0,0
820101,1.0,1,0,0
28720879,1.0,1,0,0
818648,1.0,1,0,0
28718325,1.0,1,0,0
825467,1.0,1,0,0
830466,1.0,1,0,0
830506,1.0,1,0,0
837126,1.0,1,0,0
817380,1.0,1,0,0
841654,1.0,1,0,0
831969,1.0,1,0,0
835688,1.0,1,0,0
826976,1.0,1,0,0
814862,1.0,1,0,0
836257,1.0,1,0,0
829998,1.0,1,0,0
841948,1.0,1,0,0
839792,1.0,1,0,0
842970,1.0,1,0,0
818283,1.0,1,0,0
831548,1.0,1,0,0
820137,1.0,1,0,0
838657,1.0,1,0,0
835628,1.0,1,0,0
816432,1.0,1,0,0
