Gene,TotalEvidenceCounts,EvidenceHit:hits,EvidenceGO:hits,EvidencePPI:hits
835598,3.0,1,1,1
829652,3.0,1,1,1
841733,3.0,1,1,1
819122,3.0,1,1,1
831546,3.0,1,1,1
825654,3.0,1,1,1
837433,3.0,1,1,1
839331,3.0,1,1,1
833509,3.0,1,1,1
828747,3.0,1,1,1
835969,3.0,1,1,1
843934,3.0,1,1,1
816952,3.0,1,1,1
5007942,3.0,1,1,1
817149,3.0,1,1,1
816290,3.0,1,1,1
828972,3.0,1,1,1
816910,3.0,1,1,1
819128,3.0,1,1,1
817715,3.0,1,1,1
828805,3.0,1,1,1
830019,3.0,1,1,1
830626,3.0,1,1,1
828534,3.0,1,1,1
826724,3.0,1,1,1
836466,3.0,1,1,1
831547,3.0,1,1,1
843459,3.0,1,1,1
827086,3.0,1,1,1
819847,3.0,1,1,1
823706,3.0,1,1,1
824451,3.0,1,1,1
836541,3.0,1,1,1
837763,3.0,1,1,1
818879,3.0,1,1,1
818966,3.0,1,1,1
835689,3.0,1,1,1
844383,3.0,1,1,1
838565,3.0,1,1,1
832645,3.0,1,1,1
838652,3.0,1,1,1
835915,3.0,1,1,1
824727,3.0,1,1,1
820559,3.0,1,1,1
819383,3.0,1,1,1
837357,3.0,1,1,1
825473,3.0,1,1,1
820001,3.0,1,1,1
829597,3.0,1,1,1
821008,3.0,1,1,1
839868,3.0,1,1,1
830000,3.0,1,1,1
835813,3.0,1,1,1
841765,3.0,1,1,1
839135,3.0,1,1,1
825430,3.0,1,1,1
843859,3.0,1,1,1
833947,3.0,1,1,1
827786,3.0,1,1,1
839567,3.0,1,1,1
822296,3.0,1,1,1
834791,3.0,1,1,1
820951,3.0,1,1,1
837483,3.0,1,1,1
831241,3.0,1,1,1
834532,3.0,1,1,1
838046,3.0,1,1,1
818918,3.0,1,1,1
818265,3.0,1,1,1
816133,3.0,1,1,1
822593,3.0,1,1,1
824529,3.0,1,1,1
835565,3.0,1,1,1
836865,3.0,1,1,1
837454,3.0,1,1,1
833535,3.0,1,1,1
818583,3.0,1,1,1
815135,3.0,1,1,1
819048,3.0,1,1,1
834706,3.0,1,1,1
817833,3.0,1,1,1
824385,3.0,1,1,1
842615,3.0,1,1,1
818231,3.0,1,1,1
823906,3.0,1,1,1
833791,3.0,1,1,1
827230,3.0,1,1,1
838217,3.0,1,1,1
825830,3.0,1,1,1
838226,3.0,1,1,1
829591,3.0,1,1,1
827494,3.0,1,1,1
829679,3.0,1,1,1
818429,3.0,1,1,1
831158,3.0,1,1,1
833930,3.0,1,1,1
840957,3.0,1,1,1
818982,3.0,1,1,1
841221,3.0,1,1,1
829549,3.0,1,1,1
829034,3.0,1,1,1
838792,3.0,1,1,1
816502,3.0,1,1,1
829037,3.0,1,1,1
832174,3.0,1,1,1
841232,3.0,1,1,1
842251,3.0,1,1,1
836378,3.0,1,1,1
829285,3.0,1,1,1
820530,3.0,1,1,1
832359,3.0,1,1,1
839807,3.0,1,1,1
817576,3.0,1,1,1
822181,3.0,1,1,1
821942,3.0,1,1,1
821460,3.0,1,1,1
838600,3.0,1,1,1
820940,3.0,1,1,1
825044,3.0,1,1,1
822519,3.0,1,1,1
827641,3.0,1,1,1
820345,3.0,1,1,1
835735,3.0,1,1,1
818382,3.0,1,1,1
837494,3.0,1,1,1
837246,3.0,1,1,1
838454,3.0,1,1,1
822594,3.0,1,1,1
839568,3.0,1,1,1
830708,3.0,1,1,1
826601,3.0,1,1,1
818390,3.0,1,1,1
838609,3.0,1,1,1
837673,3.0,1,1,1
842281,3.0,1,1,1
838997,3.0,1,1,1
835105,3.0,1,1,1
835553,3.0,1,1,1
825285,3.0,1,1,1
837568,3.0,1,1,1
822396,3.0,1,1,1
838300,3.0,1,1,1
834056,3.0,1,1,1
832990,3.0,1,1,1
834663,3.0,1,1,1
842138,3.0,1,1,1
831884,3.0,1,1,1
838683,3.0,1,1,1
835777,3.0,1,1,1
830915,3.0,1,1,1
825515,3.0,1,1,1
844297,3.0,1,1,1
819840,3.0,1,1,1
821216,2.0,1,1,0
822338,2.0,1,1,0
831402,2.0,1,1,0
820870,2.0,1,0,1
829847,2.0,1,0,1
820984,2.0,1,1,0
819210,2.0,1,0,1
832432,2.0,1,1,0
829103,2.0,1,0,1
819200,2.0,1,0,1
824613,2.0,1,0,1
820591,2.0,1,0,1
827147,2.0,1,0,1
838368,2.0,1,1,0
819010,2.0,1,0,1
839314,2.0,1,1,0
821135,2.0,1,1,0
819043,2.0,1,0,1
839238,2.0,1,0,1
818339,2.0,1,0,1
828760,2.0,1,0,1
817799,2.0,1,0,1
817699,2.0,1,0,1
829982,2.0,1,0,1
828151,2.0,1,0,1
824015,2.0,1,1,0
820713,2.0,1,0,1
822105,2.0,1,1,0
832008,2.0,1,1,0
824493,2.0,1,1,0
828654,2.0,1,1,0
825042,2.0,1,0,1
835006,2.0,1,1,0
834489,2.0,1,1,0
822833,2.0,1,1,0
833835,2.0,1,0,1
819857,2.0,1,0,1
831629,2.0,1,0,1
827463,2.0,1,0,1
834443,2.0,1,1,0
829106,2.0,1,0,1
834893,2.0,1,0,1
836074,2.0,1,0,1
831005,2.0,1,1,0
820354,2.0,1,0,1
816678,2.0,1,1,0
837448,2.0,1,0,1
832826,2.0,1,0,1
823813,2.0,1,0,1
841539,2.0,1,1,0
831093,2.0,1,1,0
829747,2.0,1,1,0
814683,2.0,1,0,1
831604,2.0,1,1,0
832003,2.0,1,0,1
836016,2.0,1,0,1
841841,2.0,1,1,0
828673,2.0,1,0,1
834778,2.0,1,0,1
834248,2.0,1,0,1
829330,2.0,1,1,0
824872,2.0,1,1,0
822178,2.0,1,1,0
835897,2.0,1,0,1
844322,2.0,1,0,1
838927,2.0,1,0,1
824641,2.0,1,0,1
843142,2.0,1,0,1
843947,2.0,1,1,0
817883,2.0,1,0,1
816747,2.0,1,0,1
844344,2.0,1,0,1
840133,2.0,1,0,1
839719,2.0,1,0,1
817648,2.0,1,1,0
831933,2.0,1,0,1
819806,2.0,1,1,0
824702,2.0,1,1,0
829235,2.0,1,1,0
842928,2.0,1,0,1
839503,2.0,1,0,1
830159,2.0,1,1,0
831061,2.0,1,1,0
842670,2.0,1,1,0
819753,2.0,1,0,1
824922,2.0,1,1,0
816186,2.0,1,0,1
825794,2.0,1,0,1
816531,2.0,1,1,0
816013,2.0,1,0,1
829909,2.0,1,0,1
838170,2.0,1,0,1
817488,2.0,1,1,0
821523,2.0,1,0,1
824199,2.0,1,0,1
819692,2.0,1,0,1
835494,2.0,1,1,0
824862,2.0,1,0,1
825415,2.0,1,0,1
831822,2.0,1,0,1
828325,2.0,1,0,1
841263,2.0,1,1,0
827502,2.0,1,0,1
841489,2.0,1,1,0
816317,2.0,1,0,1
842855,2.0,1,1,0
835588,2.0,1,0,1
844376,2.0,1,1,0
814962,2.0,1,0,1
820356,2.0,1,0,1
825145,2.0,1,1,0
831440,2.0,1,0,1
819986,2.0,1,0,1
836722,2.0,1,0,1
818840,2.0,1,0,1
819999,2.0,1,0,1
822503,2.0,1,0,1
822171,2.0,1,0,1
815972,2.0,1,0,1
814735,2.0,1,0,1
817214,2.0,1,0,1
838103,2.0,1,0,1
829376,2.0,1,0,1
831151,2.0,1,1,0
828703,2.0,1,1,0
829245,2.0,1,0,1
826884,2.0,1,0,1
823901,2.0,1,0,1
842681,2.0,1,1,0
828304,2.0,1,1,0
829421,2.0,1,0,1
829216,2.0,1,1,0
838445,2.0,1,1,0
834374,2.0,1,0,1
838991,2.0,1,1,0
818715,2.0,1,1,0
830002,2.0,1,1,0
816471,2.0,1,0,1
829012,2.0,1,0,1
820383,2.0,1,0,1
819845,2.0,1,1,0
816641,2.0,1,0,1
844425,2.0,1,1,0
830451,2.0,1,1,0
837363,2.0,1,0,1
830077,2.0,1,1,0
837543,2.0,1,1,0
828290,2.0,1,0,1
835986,2.0,1,0,1
816619,2.0,1,1,0
819661,2.0,1,1,0
832451,2.0,1,0,1
825207,2.0,1,0,1
825107,2.0,1,1,0
820398,2.0,1,1,0
821877,2.0,1,0,1
815006,2.0,1,0,1
829520,2.0,1,1,0
817265,2.0,1,0,1
825018,2.0,1,1,0
829734,2.0,1,0,1
824280,2.0,1,1,0
830335,2.0,1,0,1
837387,2.0,1,0,1
837133,2.0,1,1,0
815247,2.0,1,0,1
835872,2.0,1,0,1
815145,2.0,1,0,1
837834,2.0,1,1,0
838765,2.0,1,1,0
817016,2.0,1,1,0
818452,2.0,1,1,0
834823,2.0,1,1,0
831966,2.0,1,1,0
817046,2.0,1,1,0
830819,2.0,1,1,0
818730,2.0,1,0,1
842458,2.0,1,1,0
824534,2.0,1,0,1
821741,2.0,1,0,1
825150,2.0,1,0,1
828400,2.0,1,0,1
822159,2.0,1,0,1
819632,2.0,1,1,0
819745,2.0,1,0,1
834204,2.0,1,0,1
816655,2.0,1,1,0
830726,2.0,1,1,0
834575,2.0,1,1,0
837863,2.0,1,1,0
820042,2.0,1,0,1
842697,2.0,1,0,1
837399,2.0,1,0,1
842083,2.0,1,0,1
840509,2.0,1,0,1
821313,2.0,1,1,0
824629,2.0,1,1,0
828242,2.0,1,0,1
824230,2.0,1,0,1
827430,2.0,1,1,0
829473,2.0,1,1,0
835186,2.0,1,0,1
829535,2.0,1,1,0
832804,2.0,1,1,0
838290,2.0,1,1,0
818772,2.0,1,0,1
824934,2.0,1,1,0
831976,2.0,1,0,1
838158,2.0,1,1,0
844423,2.0,1,0,1
815842,2.0,1,1,0
839623,2.0,1,1,0
832812,2.0,1,1,0
818881,2.0,1,0,1
830712,2.0,1,0,1
843992,2.0,1,0,1
830154,2.0,1,1,0
843128,2.0,1,1,0
827257,2.0,1,1,0
837248,2.0,1,0,1
839916,2.0,1,0,1
814675,2.0,1,1,0
818391,2.0,1,0,1
839295,2.0,1,1,0
817081,2.0,1,1,0
828951,2.0,1,1,0
834293,2.0,1,0,1
819809,2.0,1,1,0
842248,2.0,1,0,1
828586,2.0,1,1,0
826985,2.0,1,0,1
832447,2.0,1,0,1
837905,2.0,1,0,1
820148,2.0,1,1,0
838204,2.0,1,1,0
824981,2.0,1,0,1
830501,2.0,1,1,0
837961,2.0,1,1,0
832718,2.0,1,0,1
838714,2.0,1,1,0
829310,2.0,1,1,0
819969,2.0,1,0,1
814728,2.0,1,0,1
821152,2.0,1,0,1
822003,2.0,1,1,0
831123,2.0,1,0,1
843775,2.0,1,1,0
838544,2.0,1,0,1
824864,2.0,1,0,1
825836,2.0,1,1,0
825097,2.0,1,1,0
830853,2.0,1,1,0
817905,2.0,1,0,1
817250,2.0,1,0,1
838048,2.0,1,0,1
829282,2.0,1,0,1
843048,2.0,1,1,0
836620,2.0,1,0,1
825905,2.0,1,1,0
819864,2.0,1,0,1
841408,2.0,1,0,1
814663,2.0,1,1,0
838425,2.0,1,0,1
824593,2.0,1,0,1
825458,2.0,1,1,0
838469,2.0,1,0,1
827638,2.0,1,1,0
829822,2.0,1,0,1
826680,2.0,1,0,1
820338,2.0,1,0,1
832053,2.0,1,0,1
816944,2.0,1,0,1
832872,2.0,1,1,0
824853,2.0,1,1,0
821983,2.0,1,0,1
838387,2.0,1,1,0
837218,2.0,1,0,1
838780,2.0,1,0,1
832736,2.0,1,1,0
819408,2.0,1,0,1
828255,2.0,1,0,1
821195,2.0,1,0,1
824612,2.0,1,1,0
832139,2.0,1,1,0
841307,2.0,1,1,0
819345,2.0,1,1,0
828516,2.0,1,1,0
819314,2.0,1,1,0
830899,2.0,1,0,1
839878,2.0,1,0,1
834264,2.0,1,1,0
838013,2.0,1,0,1
816627,2.0,1,1,0
821807,2.0,1,0,1
835252,2.0,1,0,1
844245,2.0,1,0,1
828025,2.0,1,0,1
836558,2.0,1,1,0
841976,2.0,1,0,1
841409,2.0,1,1,0
2745608,2.0,1,0,1
818128,2.0,1,1,0
843178,2.0,1,0,1
821046,2.0,1,1,0
820328,2.0,1,1,0
838301,2.0,1,1,0
834728,2.0,1,0,1
821675,2.0,1,0,1
816993,2.0,1,0,1
824749,2.0,1,1,0
841162,2.0,1,0,1
842603,2.0,1,1,0
832378,2.0,1,1,0
816808,2.0,1,1,0
843900,2.0,1,1,0
841962,2.0,1,0,1
829315,2.0,1,0,1
830149,2.0,1,0,1
817830,2.0,1,1,0
821349,2.0,1,0,1
836111,2.0,1,0,1
817894,2.0,1,0,1
837797,2.0,1,1,0
834123,2.0,1,1,0
838513,2.0,1,1,0
840918,2.0,1,1,0
843917,2.0,1,0,1
840339,2.0,1,0,1
820580,2.0,1,0,1
818979,2.0,1,0,1
823817,2.0,1,0,1
820597,2.0,1,0,1
834017,2.0,1,0,1
827049,2.0,1,1,0
824588,2.0,1,0,1
828241,2.0,1,0,1
844074,2.0,1,0,1
818137,2.0,1,1,0
838580,2.0,1,1,0
831381,2.0,1,1,0
837330,2.0,1,1,0
841283,2.0,1,1,0
817069,2.0,1,0,1
820016,2.0,1,0,1
834806,2.0,1,0,1
821531,2.0,1,0,1
818042,2.0,1,1,0
822139,2.0,1,1,0
839619,2.0,1,0,1
840207,2.0,1,0,1
838162,2.0,1,1,0
835934,2.0,1,1,0
824804,2.0,1,0,1
823605,2.0,1,1,0
836142,2.0,1,0,1
829209,2.0,1,0,1
818264,2.0,1,1,0
828392,2.0,1,1,0
816926,2.0,1,0,1
834169,2.0,1,1,0
829412,2.0,1,0,1
844013,2.0,1,1,0
818024,2.0,1,1,0
836726,2.0,1,0,1
825015,2.0,1,0,1
843198,2.0,1,0,1
834158,2.0,1,0,1
831986,2.0,1,0,1
834826,2.0,1,1,0
829950,2.0,1,0,1
838495,2.0,1,1,0
816055,2.0,1,0,1
820015,2.0,1,0,1
843603,2.0,1,1,0
838877,2.0,1,0,1
831248,2.0,1,0,1
844055,2.0,1,0,1
820205,2.0,1,0,1
834721,2.0,1,0,1
821871,2.0,1,0,1
818588,2.0,1,1,0
831513,2.0,1,1,0
842710,2.0,1,1,0
830459,2.0,1,1,0
830444,2.0,1,0,1
824036,2.0,1,0,1
818449,2.0,1,1,0
836710,2.0,1,1,0
843972,2.0,1,0,1
829276,2.0,1,1,0
834779,2.0,1,1,0
816765,2.0,1,1,0
830009,2.0,1,0,1
844262,2.0,1,1,0
836699,2.0,1,0,1
821083,2.0,1,0,1
836595,2.0,1,0,1
820290,2.0,1,0,1
838362,2.0,1,1,0
819175,2.0,1,0,1
818973,2.0,1,0,1
828794,2.0,1,0,1
820814,2.0,1,0,1
821339,2.0,1,0,1
842724,2.0,1,1,0
831040,2.0,1,0,1
831733,2.0,1,0,1
841128,2.0,1,1,0
835225,2.0,1,1,0
829675,2.0,1,1,0
835713,2.0,1,1,0
835702,2.0,1,0,1
836805,2.0,1,0,1
835263,2.0,1,1,0
834945,2.0,1,0,1
843516,2.0,1,0,1
814930,2.0,1,1,0
837837,2.0,1,0,1
818636,2.0,1,1,0
824318,2.0,1,0,1
832411,2.0,1,1,0
839112,2.0,1,0,1
842673,2.0,1,0,1
829241,2.0,1,0,1
828531,2.0,1,0,1
830951,2.0,1,0,1
840510,2.0,1,0,1
832242,2.0,1,1,0
824895,2.0,1,0,1
825335,2.0,1,1,0
841486,2.0,1,0,1
838216,2.0,1,1,0
837505,2.0,1,0,1
826405,2.0,1,0,1
840272,2.0,1,0,1
826630,2.0,1,1,0
844264,2.0,1,1,0
834069,2.0,1,0,1
836746,2.0,1,1,0
829914,2.0,1,1,0
836635,2.0,1,1,0
830920,2.0,1,1,0
841668,2.0,1,0,1
816281,2.0,1,1,0
839805,2.0,1,1,0
821839,2.0,1,0,1
819405,2.0,1,0,1
844433,2.0,1,0,1
824465,2.0,1,1,0
826728,2.0,1,1,0
839547,2.0,1,0,1
833474,2.0,1,1,0
843368,2.0,1,0,1
834032,2.0,1,0,1
829962,2.0,1,0,1
819244,2.0,1,1,0
834758,2.0,1,1,0
843366,2.0,1,0,1
827713,2.0,1,0,1
821488,2.0,1,0,1
820299,2.0,1,0,1
830034,2.0,1,1,0
826505,2.0,1,0,1
824143,2.0,1,0,1
844345,2.0,1,1,0
824986,2.0,1,0,1
843750,2.0,1,1,0
817786,2.0,1,1,0
815372,2.0,1,1,0
834718,2.0,1,1,0
841726,2.0,1,1,0
817340,2.0,1,0,1
824526,2.0,1,1,0
832658,2.0,1,0,1
830364,2.0,1,0,1
824358,2.0,1,0,1
817280,2.0,1,1,0
842809,2.0,1,0,1
818281,2.0,1,0,1
820296,2.0,1,1,0
835546,2.0,1,0,1
816225,2.0,1,0,1
837113,2.0,1,1,0
834259,2.0,1,0,1
822546,2.0,1,0,1
838518,2.0,1,0,1
815304,2.0,1,0,1
839998,2.0,1,0,1
828772,2.0,1,0,1
834350,2.0,1,1,0
818790,2.0,1,0,1
834076,2.0,1,1,0
834205,2.0,1,1,0
819715,2.0,1,0,1
817290,2.0,1,1,0
820581,2.0,1,0,1
830758,2.0,1,1,0
839520,2.0,1,1,0
827381,2.0,1,1,0
820929,2.0,1,0,1
830602,2.0,1,0,1
824518,2.0,1,1,0
825495,2.0,1,0,1
835359,2.0,1,1,0
820878,2.0,1,0,1
836098,2.0,1,1,0
821445,2.0,1,0,1
829316,2.0,1,1,0
822043,2.0,1,1,0
843869,2.0,1,1,0
826741,2.0,1,0,1
831472,2.0,1,0,1
841822,2.0,1,1,0
824717,2.0,1,1,0
836301,2.0,1,1,0
824530,2.0,1,0,1
6241216,2.0,1,0,1
828008,2.0,1,1,0
829149,2.0,1,0,1
816329,2.0,1,0,1
821935,2.0,1,0,1
832797,2.0,1,1,0
829189,2.0,1,0,1
843832,2.0,1,0,1
843467,2.0,1,0,1
831638,2.0,1,0,1
837199,2.0,1,0,1
820490,2.0,1,0,1
830139,2.0,1,1,0
830018,2.0,1,0,1
833459,2.0,1,1,0
838690,2.0,1,0,1
827348,2.0,1,0,1
815120,2.0,1,1,0
822200,2.0,1,0,1
827413,2.0,1,1,0
824649,2.0,1,0,1
836244,2.0,1,1,0
834786,2.0,1,0,1
824130,2.0,1,1,0
820606,2.0,1,1,0
835936,2.0,1,0,1
828754,2.0,1,1,0
819378,2.0,1,1,0
826726,2.0,1,0,1
837794,2.0,1,0,1
831365,2.0,1,0,1
816633,2.0,1,1,0
821160,2.0,1,0,1
836733,2.0,1,0,1
840158,2.0,1,0,1
817231,2.0,1,0,1
826384,2.0,1,0,1
819267,2.0,1,0,1
819812,2.0,1,0,1
829826,2.0,1,0,1
825521,2.0,1,1,0
817362,2.0,1,0,1
825487,2.0,1,0,1
828660,2.0,1,0,1
817767,2.0,1,1,0
827040,2.0,1,0,1
827528,2.0,1,0,1
829697,2.0,1,0,1
821907,2.0,1,0,1
843282,2.0,1,0,1
816218,2.0,1,1,0
827529,2.0,1,0,1
819761,2.0,1,0,1
840102,2.0,1,0,1
839973,2.0,1,1,0
818779,2.0,1,1,0
815903,2.0,1,1,0
838039,2.0,1,0,1
828126,2.0,1,0,1
842052,2.0,1,1,0
831612,2.0,1,1,0
820664,2.0,1,1,0
838245,2.0,1,1,0
817375,2.0,1,0,1
819804,2.0,1,1,0
843321,2.0,1,0,1
836300,2.0,1,1,0
841235,2.0,1,1,0
836012,2.0,1,0,1
819179,2.0,1,1,0
838940,2.0,1,1,0
828209,2.0,1,1,0
842455,2.0,1,0,1
817344,2.0,1,0,1
831141,2.0,1,1,0
833655,2.0,1,1,0
839920,2.0,1,1,0
820600,2.0,1,1,0
823777,2.0,1,0,1
829853,2.0,1,0,1
831238,2.0,1,0,1
817553,2.0,1,0,1
828475,2.0,1,0,1
829829,2.0,1,1,0
821977,2.0,1,1,0
824901,2.0,1,1,0
827659,2.0,1,0,1
835839,2.0,1,0,1
844333,2.0,1,0,1
822140,2.0,1,1,0
841177,2.0,1,0,1
824188,2.0,1,0,1
829660,2.0,1,0,1
837131,2.0,1,1,0
843707,2.0,1,0,1
837516,2.0,1,0,1
819384,2.0,1,0,1
838144,2.0,1,0,1
841199,2.0,1,0,1
826788,2.0,1,1,0
836456,2.0,1,0,1
828557,2.0,1,1,0
827457,2.0,1,0,1
824169,2.0,1,0,1
826770,2.0,1,1,0
819056,2.0,1,1,0
838859,2.0,1,1,0
814689,2.0,1,1,0
826885,1.0,1,0,0
835973,1.0,1,0,0
6240499,1.0,1,0,0
817049,1.0,1,0,0
818758,1.0,1,0,0
843503,1.0,1,0,0
831768,1.0,1,0,0
819303,1.0,1,0,0
837232,1.0,1,0,0
829658,1.0,1,0,0
819371,1.0,1,0,0
842471,1.0,1,0,0
825392,1.0,1,0,0
820696,1.0,1,0,0
821928,1.0,1,0,0
843508,1.0,1,0,0
819211,1.0,1,0,0
818878,1.0,1,0,0
824458,1.0,1,0,0
819221,1.0,1,0,0
842829,1.0,1,0,0
828024,1.0,1,0,0
829047,1.0,1,0,0
842499,1.0,1,0,0
828154,1.0,1,0,0
831408,1.0,1,0,0
824265,1.0,1,0,0
818091,1.0,1,0,0
816334,1.0,1,0,0
814853,1.0,1,0,0
838143,1.0,1,0,0
837242,1.0,1,0,0
818151,1.0,1,0,0
834572,1.0,1,0,0
829318,1.0,1,0,0
836826,1.0,1,0,0
825129,1.0,1,0,0
828117,1.0,1,0,0
828624,1.0,1,0,0
822547,1.0,1,0,0
838086,1.0,1,0,0
818998,1.0,1,0,0
829278,1.0,1,0,0
828192,1.0,1,0,0
817416,1.0,1,0,0
843763,1.0,1,0,0
824315,1.0,1,0,0
10723025,1.0,1,0,0
838019,1.0,1,0,0
821931,1.0,1,0,0
834988,1.0,1,0,0
839550,1.0,1,0,0
837955,1.0,1,0,0
836663,1.0,1,0,0
834564,1.0,1,0,0
830679,1.0,1,0,0
842099,1.0,1,0,0
841959,1.0,1,0,0
841888,1.0,1,0,0
841593,1.0,1,0,0
830121,1.0,1,0,0
839168,1.0,1,0,0
838571,1.0,1,0,0
816256,1.0,1,0,0
822552,1.0,1,0,0
830877,1.0,1,0,0
843500,1.0,1,0,0
818584,1.0,1,0,0
821303,1.0,1,0,0
829357,1.0,1,0,0
831627,1.0,1,0,0
839185,1.0,1,0,0
827258,1.0,1,0,0
828372,1.0,1,0,0
816864,1.0,1,0,0
831987,1.0,1,0,0
825196,1.0,1,0,0
823736,1.0,1,0,0
839930,1.0,1,0,0
825296,1.0,1,0,0
844727,1.0,1,0,0
822063,1.0,1,0,0
834820,1.0,1,0,0
831718,1.0,1,0,0
819038,1.0,1,0,0
824387,1.0,1,0,0
817168,1.0,1,0,0
824807,1.0,1,0,0
820364,1.0,1,0,0
841699,1.0,1,0,0
820456,1.0,1,0,0
5007739,1.0,1,0,0
824351,1.0,1,0,0
840987,1.0,1,0,0
2745593,1.0,1,0,0
839216,1.0,1,0,0
814639,1.0,1,0,0
843948,1.0,1,0,0
829688,1.0,1,0,0
817427,1.0,1,0,0
840157,1.0,1,0,0
822289,1.0,1,0,0
827228,1.0,1,0,0
822532,1.0,1,0,0
837549,1.0,1,0,0
841602,1.0,1,0,0
826816,1.0,1,0,0
828333,1.0,1,0,0
828696,1.0,1,0,0
829150,1.0,1,0,0
835537,1.0,1,0,0
842295,1.0,1,0,0
5008002,1.0,1,0,0
821109,1.0,1,0,0
843552,1.0,1,0,0
819990,1.0,1,0,0
820262,1.0,1,0,0
829802,1.0,1,0,0
825184,1.0,1,0,0
838985,1.0,1,0,0
838493,1.0,1,0,0
830433,1.0,1,0,0
838794,1.0,1,0,0
815147,1.0,1,0,0
824813,1.0,1,0,0
839452,1.0,1,0,0
820012,1.0,1,0,0
837719,1.0,1,0,0
830843,1.0,1,0,0
829203,1.0,1,0,0
832835,1.0,1,0,0
842290,1.0,1,0,0
820437,1.0,1,0,0
28717841,1.0,1,0,0
838547,1.0,1,0,0
836802,1.0,1,0,0
839737,1.0,1,0,0
839604,1.0,1,0,0
841731,1.0,1,0,0
6240759,1.0,1,0,0
7922525,1.0,1,0,0
839051,1.0,1,0,0
5008138,1.0,1,0,0
821896,1.0,1,0,0
832629,1.0,1,0,0
833204,1.0,1,0,0
821689,1.0,1,0,0
842372,1.0,1,0,0
830880,1.0,1,0,0
828536,1.0,1,0,0
839198,1.0,1,0,0
829614,1.0,1,0,0
829338,1.0,1,0,0
819590,1.0,1,0,0
828606,1.0,1,0,0
838348,1.0,1,0,0
819622,1.0,1,0,0
834829,1.0,1,0,0
816525,1.0,1,0,0
828243,1.0,1,0,0
824615,1.0,1,0,0
836072,1.0,1,0,0
825337,1.0,1,0,0
828159,1.0,1,0,0
838704,1.0,1,0,0
818574,1.0,1,0,0
838092,1.0,1,0,0
818996,1.0,1,0,0
819564,1.0,1,0,0
828774,1.0,1,0,0
818362,1.0,1,0,0
831463,1.0,1,0,0
836827,1.0,1,0,0
816187,1.0,1,0,0
2745712,1.0,1,0,0
827332,1.0,1,0,0
816691,1.0,1,0,0
839829,1.0,1,0,0
817385,1.0,1,0,0
834579,1.0,1,0,0
830763,1.0,1,0,0
838023,1.0,1,0,0
28719323,1.0,1,0,0
835008,1.0,1,0,0
820621,1.0,1,0,0
838407,1.0,1,0,0
827730,1.0,1,0,0
819750,1.0,1,0,0
837982,1.0,1,0,0
828288,1.0,1,0,0
842968,1.0,1,0,0
820184,1.0,1,0,0
824412,1.0,1,0,0
829553,1.0,1,0,0
821857,1.0,1,0,0
839207,1.0,1,0,0
819025,1.0,1,0,0
841326,1.0,1,0,0
843989,1.0,1,0,0
822169,1.0,1,0,0
841594,1.0,1,0,0
819613,1.0,1,0,0
842578,1.0,1,0,0
832419,1.0,1,0,0
817991,1.0,1,0,0
844277,1.0,1,0,0
819355,1.0,1,0,0
829825,1.0,1,0,0
818211,1.0,1,0,0
824646,1.0,1,0,0
827532,1.0,1,0,0
830418,1.0,1,0,0
830948,1.0,1,0,0
829600,1.0,1,0,0
841157,1.0,1,0,0
830143,1.0,1,0,0
843537,1.0,1,0,0
830744,1.0,1,0,0
821351,1.0,1,0,0
831469,1.0,1,0,0
818324,1.0,1,0,0
832398,1.0,1,0,0
816050,1.0,1,0,0
822569,1.0,1,0,0
821070,1.0,1,0,0
832743,1.0,1,0,0
28721276,1.0,1,0,0
821268,1.0,1,0,0
834482,1.0,1,0,0
841132,1.0,1,0,0
836162,1.0,1,0,0
830859,1.0,1,0,0
839554,1.0,1,0,0
829064,1.0,1,0,0
839442,1.0,1,0,0
830720,1.0,1,0,0
830950,1.0,1,0,0
827484,1.0,1,0,0
830554,1.0,1,0,0
832733,1.0,1,0,0
844114,1.0,1,0,0
836524,1.0,1,0,0
833550,1.0,1,0,0
816664,1.0,1,0,0
842757,1.0,1,0,0
844276,1.0,1,0,0
31370887,1.0,1,0,0
830480,1.0,1,0,0
832266,1.0,1,0,0
830172,1.0,1,0,0
831811,1.0,1,0,0
842121,1.0,1,0,0
844418,1.0,1,0,0
823405,1.0,1,0,0
830416,1.0,1,0,0
2746201,1.0,1,0,0
838456,1.0,1,0,0
841813,1.0,1,0,0
28719386,1.0,1,0,0
835589,1.0,1,0,0
825516,1.0,1,0,0
839892,1.0,1,0,0
838935,1.0,1,0,0
836206,1.0,1,0,0
828730,1.0,1,0,0
837061,1.0,1,0,0
835736,1.0,1,0,0
828253,1.0,1,0,0
828979,1.0,1,0,0
28721261,1.0,1,0,0
839308,1.0,1,0,0
835796,1.0,1,0,0
819266,1.0,1,0,0
820343,1.0,1,0,0
828002,1.0,1,0,0
820020,1.0,1,0,0
838843,1.0,1,0,0
823557,1.0,1,0,0
820534,1.0,1,0,0
6241018,1.0,1,0,0
817768,1.0,1,0,0
3768418,1.0,1,0,0
836117,1.0,1,0,0
832326,1.0,1,0,0
824930,1.0,1,0,0
842124,1.0,1,0,0
831294,1.0,1,0,0
843979,1.0,1,0,0
821064,1.0,1,0,0
817194,1.0,1,0,0
832128,1.0,1,0,0
826900,1.0,1,0,0
6241141,1.0,1,0,0
842683,1.0,1,0,0
824048,1.0,1,0,0
28720122,1.0,1,0,0
821454,1.0,1,0,0
837079,1.0,1,0,0
842773,1.0,1,0,0
834066,1.0,1,0,0
838410,1.0,1,0,0
832520,1.0,1,0,0
835754,1.0,1,0,0
836265,1.0,1,0,0
841598,1.0,1,0,0
838532,1.0,1,0,0
838743,1.0,1,0,0
841144,1.0,1,0,0
820839,1.0,1,0,0
831497,1.0,1,0,0
824378,1.0,1,0,0
818040,1.0,1,0,0
6240760,1.0,1,0,0
832545,1.0,1,0,0
840075,1.0,1,0,0
837249,1.0,1,0,0
10723131,1.0,1,0,0
828889,1.0,1,0,0
819045,1.0,1,0,0
816743,1.0,1,0,0
838350,1.0,1,0,0
815664,1.0,1,0,0
28721237,1.0,1,0,0
827097,1.0,1,0,0
821011,1.0,1,0,0
830065,1.0,1,0,0
819340,1.0,1,0,0
842635,1.0,1,0,0
831742,1.0,1,0,0
838087,1.0,1,0,0
821434,1.0,1,0,0
841612,1.0,1,0,0
821416,1.0,1,0,0
843902,1.0,1,0,0
817977,1.0,1,0,0
837290,1.0,1,0,0
838309,1.0,1,0,0
831736,1.0,1,0,0
834216,1.0,1,0,0
819948,1.0,1,0,0
832404,1.0,1,0,0
842474,1.0,1,0,0
821391,1.0,1,0,0
835995,1.0,1,0,0
814939,1.0,1,0,0
820458,1.0,1,0,0
818693,1.0,1,0,0
829367,1.0,1,0,0
820153,1.0,1,0,0
826690,1.0,1,0,0
833725,1.0,1,0,0
843216,1.0,1,0,0
844268,1.0,1,0,0
834085,1.0,1,0,0
827000,1.0,1,0,0
820086,1.0,1,0,0
816197,1.0,1,0,0
831324,1.0,1,0,0
830063,1.0,1,0,0
821060,1.0,1,0,0
839738,1.0,1,0,0
835647,1.0,1,0,0
818152,1.0,1,0,0
829408,1.0,1,0,0
817045,1.0,1,0,0
842837,1.0,1,0,0
826476,1.0,1,0,0
825169,1.0,1,0,0
837180,1.0,1,0,0
822248,1.0,1,0,0
816452,1.0,1,0,0
819890,1.0,1,0,0
838858,1.0,1,0,0
842514,1.0,1,0,0
826382,1.0,1,0,0
824728,1.0,1,0,0
828380,1.0,1,0,0
816103,1.0,1,0,0
836219,1.0,1,0,0
834310,1.0,1,0,0
833732,1.0,1,0,0
831528,1.0,1,0,0
28716256,1.0,1,0,0
817925,1.0,1,0,0
816575,1.0,1,0,0
819970,1.0,1,0,0
821175,1.0,1,0,0
843791,1.0,1,0,0
836470,1.0,1,0,0
843022,1.0,1,0,0
833542,1.0,1,0,0
828488,1.0,1,0,0
840199,1.0,1,0,0
829831,1.0,1,0,0
819648,1.0,1,0,0
835296,1.0,1,0,0
823958,1.0,1,0,0
820930,1.0,1,0,0
820942,1.0,1,0,0
842708,1.0,1,0,0
819326,1.0,1,0,0
827998,1.0,1,0,0
821582,1.0,1,0,0
838073,1.0,1,0,0
818377,1.0,1,0,0
827591,1.0,1,0,0
841143,1.0,1,0,0
839779,1.0,1,0,0
829577,1.0,1,0,0
814893,1.0,1,0,0
819377,1.0,1,0,0
837120,1.0,1,0,0
841106,1.0,1,0,0
826917,1.0,1,0,0
829374,1.0,1,0,0
831622,1.0,1,0,0
829563,1.0,1,0,0
826383,1.0,1,0,0
835912,1.0,1,0,0
821837,1.0,1,0,0
827757,1.0,1,0,0
819012,1.0,1,0,0
827050,1.0,1,0,0
843583,1.0,1,0,0
829828,1.0,1,0,0
837224,1.0,1,0,0
839465,1.0,1,0,0
819778,1.0,1,0,0
830885,1.0,1,0,0
819967,1.0,1,0,0
819006,1.0,1,0,0
839215,1.0,1,0,0
844028,1.0,1,0,0
28720035,1.0,1,0,0
844027,1.0,1,0,0
819159,1.0,1,0,0
843548,1.0,1,0,0
832275,1.0,1,0,0
838850,1.0,1,0,0
818777,1.0,1,0,0
833955,1.0,1,0,0
827012,1.0,1,0,0
837212,1.0,1,0,0
820118,1.0,1,0,0
833549,1.0,1,0,0
836571,1.0,1,0,0
5008333,1.0,1,0,0
828868,1.0,1,0,0
836138,1.0,1,0,0
827978,1.0,1,0,0
817066,1.0,1,0,0
832024,1.0,1,0,0
831631,1.0,1,0,0
821387,1.0,1,0,0
817208,1.0,1,0,0
821715,1.0,1,0,0
829225,1.0,1,0,0
816595,1.0,1,0,0
839923,1.0,1,0,0
817330,1.0,1,0,0
841429,1.0,1,0,0
837259,1.0,1,0,0
831344,1.0,1,0,0
824606,1.0,1,0,0
829151,1.0,1,0,0
819813,1.0,1,0,0
835026,1.0,1,0,0
844385,1.0,1,0,0
834473,1.0,1,0,0
843963,1.0,1,0,0
836727,1.0,1,0,0
815093,1.0,1,0,0
837698,1.0,1,0,0
831268,1.0,1,0,0
835057,1.0,1,0,0
821099,1.0,1,0,0
825434,1.0,1,0,0
831997,1.0,1,0,0
821659,1.0,1,0,0
824597,1.0,1,0,0
835064,1.0,1,0,0
829317,1.0,1,0,0
819414,1.0,1,0,0
834202,1.0,1,0,0
828530,1.0,1,0,0
838611,1.0,1,0,0
838255,1.0,1,0,0
817274,1.0,1,0,0
824134,1.0,1,0,0
834980,1.0,1,0,0
828131,1.0,1,0,0
840200,1.0,1,0,0
837696,1.0,1,0,0
838763,1.0,1,0,0
824586,1.0,1,0,0
839984,1.0,1,0,0
831594,1.0,1,0,0
835849,1.0,1,0,0
5007986,1.0,1,0,0
844364,1.0,1,0,0
844381,1.0,1,0,0
817044,1.0,1,0,0
829213,1.0,1,0,0
835901,1.0,1,0,0
832221,1.0,1,0,0
830390,1.0,1,0,0
833711,1.0,1,0,0
836867,1.0,1,0,0
844256,1.0,1,0,0
821586,1.0,1,0,0
821944,1.0,1,0,0
829004,1.0,1,0,0
836661,1.0,1,0,0
837898,1.0,1,0,0
818655,1.0,1,0,0
834077,1.0,1,0,0
837311,1.0,1,0,0
821799,1.0,1,0,0
824290,1.0,1,0,0
828476,1.0,1,0,0
838685,1.0,1,0,0
844305,1.0,1,0,0
838610,1.0,1,0,0
827433,1.0,1,0,0
830388,1.0,1,0,0
837489,1.0,1,0,0
831517,1.0,1,0,0
843526,1.0,1,0,0
816473,1.0,1,0,0
831536,1.0,1,0,0
839526,1.0,1,0,0
817723,1.0,1,0,0
831370,1.0,1,0,0
819129,1.0,1,0,0
832558,1.0,1,0,0
843229,1.0,1,0,0
838024,1.0,1,0,0
817903,1.0,1,0,0
837667,1.0,1,0,0
838795,1.0,1,0,0
823815,1.0,1,0,0
827466,1.0,1,0,0
821432,1.0,1,0,0
838900,1.0,1,0,0
830790,1.0,1,0,0
816355,1.0,1,0,0
2746202,1.0,1,0,0
843236,1.0,1,0,0
821529,1.0,1,0,0
820843,1.0,1,0,0
834906,1.0,1,0,0
836820,1.0,1,0,0
830698,1.0,1,0,0
835997,1.0,1,0,0
842796,1.0,1,0,0
830903,1.0,1,0,0
843740,1.0,1,0,0
836034,1.0,1,0,0
6241166,1.0,1,0,0
819968,1.0,1,0,0
830295,1.0,1,0,0
814897,1.0,1,0,0
821372,1.0,1,0,0
824388,1.0,1,0,0
817405,1.0,1,0,0
818577,1.0,1,0,0
829542,1.0,1,0,0
838320,1.0,1,0,0
832738,1.0,1,0,0
818453,1.0,1,0,0
814800,1.0,1,0,0
843098,1.0,1,0,0
824454,1.0,1,0,0
28717420,1.0,1,0,0
2745524,1.0,1,0,0
843547,1.0,1,0,0
843369,1.0,1,0,0
825500,1.0,1,0,0
824633,1.0,1,0,0
830334,1.0,1,0,0
819060,1.0,1,0,0
828852,1.0,1,0,0
819229,1.0,1,0,0
824198,1.0,1,0,0
2745747,1.0,1,0,0
831290,1.0,1,0,0
839890,1.0,1,0,0
822042,1.0,1,0,0
827441,1.0,1,0,0
835497,1.0,1,0,0
828546,1.0,1,0,0
841185,1.0,1,0,0
823541,1.0,1,0,0
838054,1.0,1,0,0
837541,1.0,1,0,0
832130,1.0,1,0,0
832157,1.0,1,0,0
843261,1.0,1,0,0
831287,1.0,1,0,0
28721151,1.0,1,0,0
28720827,1.0,1,0,0
28720674,1.0,1,0,0
818600,1.0,1,0,0
838496,1.0,1,0,0
830150,1.0,1,0,0
828672,1.0,1,0,0
819422,1.0,1,0,0
838479,1.0,1,0,0
828042,1.0,1,0,0
28720091,1.0,1,0,0
829752,1.0,1,0,0
835313,1.0,1,0,0
817938,1.0,1,0,0
837590,1.0,1,0,0
825279,1.0,1,0,0
835425,1.0,1,0,0
842403,1.0,1,0,0
820615,1.0,1,0,0
824916,1.0,1,0,0
832356,1.0,1,0,0
2745984,1.0,1,0,0
816040,1.0,1,0,0
836061,1.0,1,0,0
839435,1.0,1,0,0
840953,1.0,1,0,0
819860,1.0,1,0,0
819367,1.0,1,0,0
816590,1.0,1,0,0
831485,1.0,1,0,0
831099,1.0,1,0,0
830362,1.0,1,0,0
822481,1.0,1,0,0
821583,1.0,1,0,0
818937,1.0,1,0,0
835525,1.0,1,0,0
842763,1.0,1,0,0
828941,1.0,1,0,0
829431,1.0,1,0,0
838034,1.0,1,0,0
838575,1.0,1,0,0
824296,1.0,1,0,0
836629,1.0,1,0,0
839590,1.0,1,0,0
821534,1.0,1,0,0
817429,1.0,1,0,0
815383,1.0,1,0,0
839875,1.0,1,0,0
817399,1.0,1,0,0
828686,1.0,1,0,0
6240812,1.0,1,0,0
829273,1.0,1,0,0
822117,1.0,1,0,0
836245,1.0,1,0,0
820386,1.0,1,0,0
821407,1.0,1,0,0
834170,1.0,1,0,0
842309,1.0,1,0,0
817503,1.0,1,0,0
837632,1.0,1,0,0
819643,1.0,1,0,0
818892,1.0,1,0,0
5007783,1.0,1,0,0
832714,1.0,1,0,0
833853,1.0,1,0,0
837896,1.0,1,0,0
820938,1.0,1,0,0
839260,1.0,1,0,0
839272,1.0,1,0,0
823530,1.0,1,0,0
827796,1.0,1,0,0
818661,1.0,1,0,0
836486,1.0,1,0,0
829730,1.0,1,0,0
5007945,1.0,1,0,0
816818,1.0,1,0,0
822355,1.0,1,0,0
821578,1.0,1,0,0
844785,1.0,1,0,0
823972,1.0,1,0,0
815374,1.0,1,0,0
821005,1.0,1,0,0
820187,1.0,1,0,0
822356,1.0,1,0,0
6240566,1.0,1,0,0
838113,1.0,1,0,0
832741,1.0,1,0,0
829048,1.0,1,0,0
815013,1.0,1,0,0
821614,1.0,1,0,0
838937,1.0,1,0,0
819281,1.0,1,0,0
831116,1.0,1,0,0
816315,1.0,1,0,0
835034,1.0,1,0,0
842485,1.0,1,0,0
835607,1.0,1,0,0
817483,1.0,1,0,0
838553,1.0,1,0,0
824632,1.0,1,0,0
818446,1.0,1,0,0
842772,1.0,1,0,0
837379,1.0,1,0,0
842986,1.0,1,0,0
840912,1.0,1,0,0
28716068,1.0,1,0,0
6241027,1.0,1,0,0
840246,1.0,1,0,0
5007916,1.0,1,0,0
834510,1.0,1,0,0
836761,1.0,1,0,0
826264,1.0,1,0,0
6241140,1.0,1,0,0
833981,1.0,1,0,0
839522,1.0,1,0,0
822247,1.0,1,0,0
838318,1.0,1,0,0
842387,1.0,1,0,0
5007836,1.0,1,0,0
818386,1.0,1,0,0
832386,1.0,1,0,0
816958,1.0,1,0,0
843504,1.0,1,0,0
820584,1.0,1,0,0
828564,1.0,1,0,0
829198,1.0,1,0,0
814818,1.0,1,0,0
841482,1.0,1,0,0
817101,1.0,1,0,0
827979,1.0,1,0,0
843160,1.0,1,0,0
5008179,1.0,1,0,0
820757,1.0,1,0,0
826170,1.0,1,0,0
838327,1.0,1,0,0
820825,1.0,1,0,0
3770328,1.0,1,0,0
824413,1.0,1,0,0
6241343,1.0,1,0,0
831305,1.0,1,0,0
820694,1.0,1,0,0
823874,1.0,1,0,0
820521,1.0,1,0,0
835426,1.0,1,0,0
836025,1.0,1,0,0
842933,1.0,1,0,0
824477,1.0,1,0,0
823836,1.0,1,0,0
822106,1.0,1,0,0
819057,1.0,1,0,0
830637,1.0,1,0,0
830680,1.0,1,0,0
819935,1.0,1,0,0
823423,1.0,1,0,0
838259,1.0,1,0,0
818363,1.0,1,0,0
838699,1.0,1,0,0
827389,1.0,1,0,0
828274,1.0,1,0,0
830403,1.0,1,0,0
28719291,1.0,1,0,0
839598,1.0,1,0,0
829217,1.0,1,0,0
816251,1.0,1,0,0
838689,1.0,1,0,0
828559,1.0,1,0,0
838462,1.0,1,0,0
834500,1.0,1,0,0
829220,1.0,1,0,0
841821,1.0,1,0,0
819194,1.0,1,0,0
843538,1.0,1,0,0
837884,1.0,1,0,0
820896,1.0,1,0,0
814915,1.0,1,0,0
843529,1.0,1,0,0
832607,1.0,1,0,0
841240,1.0,1,0,0
832269,1.0,1,0,0
827327,1.0,1,0,0
832206,1.0,1,0,0
820865,1.0,1,0,0
817357,1.0,1,0,0
830123,1.0,1,0,0
836892,1.0,1,0,0
836511,1.0,1,0,0
825377,1.0,1,0,0
843210,1.0,1,0,0
828878,1.0,1,0,0
828707,1.0,1,0,0
819950,1.0,1,0,0
827940,1.0,1,0,0
821067,1.0,1,0,0
828289,1.0,1,0,0
838856,1.0,1,0,0
837682,1.0,1,0,0
834103,1.0,1,0,0
817137,1.0,1,0,0
3770406,1.0,1,0,0
820304,1.0,1,0,0
830849,1.0,1,0,0
838066,1.0,1,0,0
840085,1.0,1,0,0
836063,1.0,1,0,0
842073,1.0,1,0,0
841877,1.0,1,0,0
837691,1.0,1,0,0
817570,1.0,1,0,0
832838,1.0,1,0,0
819972,1.0,1,0,0
824354,1.0,1,0,0
835159,1.0,1,0,0
822208,1.0,1,0,0
841567,1.0,1,0,0
835808,1.0,1,0,0
816390,1.0,1,0,0
830128,1.0,1,0,0
832512,1.0,1,0,0
828890,1.0,1,0,0
835919,1.0,1,0,0
843107,1.0,1,0,0
824575,1.0,1,0,0
817813,1.0,1,0,0
5008127,1.0,1,0,0
830036,1.0,1,0,0
838055,1.0,1,0,0
828626,1.0,1,0,0
828674,1.0,1,0,0
821680,1.0,1,0,0
836545,1.0,1,0,0
834586,1.0,1,0,0
838701,1.0,1,0,0
829423,1.0,1,0,0
841454,1.0,1,0,0
843830,1.0,1,0,0
839812,1.0,1,0,0
824035,1.0,1,0,0
814654,1.0,1,0,0
836589,1.0,1,0,0
820376,1.0,1,0,0
843765,1.0,1,0,0
829466,1.0,1,0,0
837551,1.0,1,0,0
826957,1.0,1,0,0
822284,1.0,1,0,0
831431,1.0,1,0,0
835519,1.0,1,0,0
826414,1.0,1,0,0
836395,1.0,1,0,0
837380,1.0,1,0,0
6240948,1.0,1,0,0
841724,1.0,1,0,0
2746200,1.0,1,0,0
819947,1.0,1,0,0
816972,1.0,1,0,0
838427,1.0,1,0,0
831295,1.0,1,0,0
826843,1.0,1,0,0
6240510,1.0,1,0,0
825333,1.0,1,0,0
830741,1.0,1,0,0
824642,1.0,1,0,0
838998,1.0,1,0,0
821328,1.0,1,0,0
831374,1.0,1,0,0
816581,1.0,1,0,0
843185,1.0,1,0,0
836389,1.0,1,0,0
837071,1.0,1,0,0
5008301,1.0,1,0,0
834790,1.0,1,0,0
837033,1.0,1,0,0
842185,1.0,1,0,0
841067,1.0,1,0,0
824948,1.0,1,0,0
838608,1.0,1,0,0
829321,1.0,1,0,0
816196,1.0,1,0,0
826831,1.0,1,0,0
839781,1.0,1,0,0
837678,1.0,1,0,0
835805,1.0,1,0,0
10723036,1.0,1,0,0
817206,1.0,1,0,0
817064,1.0,1,0,0
819587,1.0,1,0,0
818353,1.0,1,0,0
819638,1.0,1,0,0
835472,1.0,1,0,0
818981,1.0,1,0,0
825134,1.0,1,0,0
830803,1.0,1,0,0
839139,1.0,1,0,0
831778,1.0,1,0,0
829475,1.0,1,0,0
843352,1.0,1,0,0
819923,1.0,1,0,0
829804,1.0,1,0,0
820667,1.0,1,0,0
828103,1.0,1,0,0
833541,1.0,1,0,0
6240724,1.0,1,0,0
829685,1.0,1,0,0
822035,1.0,1,0,0
841262,1.0,1,0,0
842686,1.0,1,0,0
843408,1.0,1,0,0
836771,1.0,1,0,0
833886,1.0,1,0,0
831097,1.0,1,0,0
842793,1.0,1,0,0
817520,1.0,1,0,0
814838,1.0,1,0,0
820326,1.0,1,0,0
834923,1.0,1,0,0
836749,1.0,1,0,0
820104,1.0,1,0,0
28718324,1.0,1,0,0
833874,1.0,1,0,0
838705,1.0,1,0,0
817276,1.0,1,0,0
837842,1.0,1,0,0
826473,1.0,1,0,0
818528,1.0,1,0,0
825777,1.0,1,0,0
831028,1.0,1,0,0
830760,1.0,1,0,0
832541,1.0,1,0,0
843741,1.0,1,0,0
820587,1.0,1,0,0
834571,1.0,1,0,0
838206,1.0,1,0,0
5007681,1.0,1,0,0
842563,1.0,1,0,0
819915,1.0,1,0,0
835910,1.0,1,0,0
836410,1.0,1,0,0
838166,1.0,1,0,0
838633,1.0,1,0,0
814873,1.0,1,0,0
823558,1.0,1,0,0
829852,1.0,1,0,0
841110,1.0,1,0,0
821798,1.0,1,0,0
6240705,1.0,1,0,0
28716911,1.0,1,0,0
819934,1.0,1,0,0
836781,1.0,1,0,0
820787,1.0,1,0,0
822246,1.0,1,0,0
2746181,1.0,1,0,0
820686,1.0,1,0,0
819680,1.0,1,0,0
816354,1.0,1,0,0
835139,1.0,1,0,0
843355,1.0,1,0,0
827845,1.0,1,0,0
830545,1.0,1,0,0
820545,1.0,1,0,0
835549,1.0,1,0,0
830086,1.0,1,0,0
829561,1.0,1,0,0
840218,1.0,1,0,0
836252,1.0,1,0,0
822462,1.0,1,0,0
838961,1.0,1,0,0
834577,1.0,1,0,0
818657,1.0,1,0,0
814903,1.0,1,0,0
835756,1.0,1,0,0
819145,1.0,1,0,0
839401,1.0,1,0,0
28718665,1.0,1,0,0
817663,1.0,1,0,0
837526,1.0,1,0,0
839809,1.0,1,0,0
819073,1.0,1,0,0
829560,1.0,1,0,0
827464,1.0,1,0,0
842034,1.0,1,0,0
829445,1.0,1,0,0
824704,1.0,1,0,0
835800,1.0,1,0,0
838051,1.0,1,0,0
835124,1.0,1,0,0
838631,1.0,1,0,0
824514,1.0,1,0,0
832267,1.0,1,0,0
833729,1.0,1,0,0
829396,1.0,1,0,0
829559,1.0,1,0,0
28721114,1.0,1,0,0
818598,1.0,1,0,0
834996,1.0,1,0,0
843159,1.0,1,0,0
823485,1.0,1,0,0
838031,1.0,1,0,0
835412,1.0,1,0,0
828875,1.0,1,0,0
839266,1.0,1,0,0
835258,1.0,1,0,0
832142,1.0,1,0,0
838090,1.0,1,0,0
840076,1.0,1,0,0
836537,1.0,1,0,0
832643,1.0,1,0,0
818204,1.0,1,0,0
831340,1.0,1,0,0
837414,1.0,1,0,0
817423,1.0,1,0,0
842170,1.0,1,0,0
829381,1.0,1,0,0
820933,1.0,1,0,0
818506,1.0,1,0,0
828714,1.0,1,0,0
830525,1.0,1,0,0
5008329,1.0,1,0,0
819112,1.0,1,0,0
819982,1.0,1,0,0
817139,1.0,1,0,0
843371,1.0,1,0,0
829090,1.0,1,0,0
831930,1.0,1,0,0
829516,1.0,1,0,0
829383,1.0,1,0,0
836739,1.0,1,0,0
821971,1.0,1,0,0
841255,1.0,1,0,0
835623,1.0,1,0,0
832849,1.0,1,0,0
1466246,1.0,1,0,0
828678,1.0,1,0,0
836125,1.0,1,0,0
835860,1.0,1,0,0
834684,1.0,1,0,0
814696,1.0,1,0,0
837151,1.0,1,0,0
835655,1.0,1,0,0
824815,1.0,1,0,0
829178,1.0,1,0,0
821950,1.0,1,0,0
820666,1.0,1,0,0
822051,1.0,1,0,0
28720416,1.0,1,0,0
28717438,1.0,1,0,0
817163,1.0,1,0,0
836487,1.0,1,0,0
821627,1.0,1,0,0
832318,1.0,1,0,0
833956,1.0,1,0,0
839440,1.0,1,0,0
835769,1.0,1,0,0
815343,1.0,1,0,0
28717937,1.0,1,0,0
828694,1.0,1,0,0
831325,1.0,1,0,0
843365,1.0,1,0,0
819256,1.0,1,0,0
828561,1.0,1,0,0
818015,1.0,1,0,0
835978,1.0,1,0,0
835502,1.0,1,0,0
818409,1.0,1,0,0
820892,1.0,1,0,0
818967,1.0,1,0,0
819160,1.0,1,0,0
