"","phyD_FLT_c1.which.mclass....9...1."
"1","AT1G01510"
"2","AT1G01730"
"3","AT1G01820"
"4","AT1G02100"
"5","AT1G02160"
"6","AT1G02305"
"7","AT1G02816"
"8","AT1G02900"
"9","AT1G03140"
"10","AT1G03210"
"11","AT1G03330"
"12","AT1G03410"
"13","AT1G04140"
"14","AT1G04170"
"15","AT1G04183"
"16","AT1G04250"
"17","AT1G04340"
"18","AT1G04430"
"19","AT1G04630"
"20","AT1G04680"
"21","AT1G05205"
"22","AT1G05570"
"23","AT1G05720"
"24","AT1G06110"
"25","AT1G06400"
"26","AT1G06570"
"27","AT1G06700"
"28","AT1G06890"
"29","AT1G07020"
"30","AT1G07070"
"31","AT1G07080"
"32","AT1G07210"
"33","AT1G07360"
"34","AT1G07750"
"35","AT1G07960"
"36","AT1G08110"
"37","AT1G08650"
"38","AT1G08930"
"39","AT1G09270"
"40","AT1G09330"
"41","AT1G09430"
"42","AT1G09570"
"43","AT1G09620"
"44","AT1G09660"
"45","AT1G09760"
"46","AT1G09932"
"47","AT1G09970"
"48","AT1G10120"
"49","AT1G10200"
"50","AT1G10865"
"51","AT1G10990"
"52","AT1G11260"
"53","AT1G11310"
"54","AT1G11360"
"55","AT1G11400"
"56","AT1G11480"
"57","AT1G11545"
"58","AT1G11670"
"59","AT1G11860"
"60","AT1G12390"
"61","AT1G12440"
"62","AT1G13060"
"63","AT1G13260"
"64","AT1G13280"
"65","AT1G13360"
"66","AT1G13380"
"67","AT1G13930"
"68","AT1G14010"
"69","AT1G14210"
"70","AT1G14610"
"71","AT1G14620"
"72","AT1G14830"
"73","AT1G14860"
"74","AT1G14890"
"75","AT1G14900"
"76","AT1G15210"
"77","AT1G15250"
"78","AT1G15340"
"79","AT1G15420"
"80","AT1G15670"
"81","AT1G15750"
"82","AT1G15880"
"83","AT1G16000"
"84","AT1G16170"
"85","AT1G16350"
"86","AT1G16460"
"87","AT1G16470"
"88","AT1G16560"
"89","AT1G16740"
"90","AT1G16840"
"91","AT1G16880"
"92","AT1G17180"
"93","AT1G17290"
"94","AT1G17370"
"95","AT1G17470"
"96","AT1G17530"
"97","AT1G17890"
"98","AT1G18070"
"99","AT1G18450"
"100","AT1G18640"
"101","AT1G18720"
"102","AT1G18800"
"103","AT1G18880"
"104","AT1G19120"
"105","AT1G19130"
"106","AT1G19350"
"107","AT1G19360"
"108","AT1G19400"
"109","AT1G19600"
"110","AT1G19870"
"111","AT1G20200"
"112","AT1G20220"
"113","AT1G20430"
"114","AT1G20840"
"115","AT1G20850"
"116","AT1G20960"
"117","AT1G21000"
"118","AT1G21090"
"119","AT1G21190"
"120","AT1G21680"
"121","AT1G21900"
"122","AT1G22190"
"123","AT1G22360"
"124","AT1G22410"
"125","AT1G22440"
"126","AT1G22520"
"127","AT1G22530"
"128","AT1G23020"
"129","AT1G23190"
"130","AT1G23280"
"131","AT1G23750"
"132","AT1G23860"
"133","AT1G23870"
"134","AT1G24881"
"135","AT1G25490"
"136","AT1G25550"
"137","AT1G26270"
"138","AT1G26665"
"139","AT1G26750"
"140","AT1G27000"
"141","AT1G27090"
"142","AT1G27130"
"143","AT1G27290"
"144","AT1G27300"
"145","AT1G27340"
"146","AT1G28250"
"147","AT1G28580"
"148","AT1G29310"
"149","AT1G29370"
"150","AT1G29900"
"151","AT1G29970"
"152","AT1G29990"
"153","AT1G30120"
"154","AT1G30270"
"155","AT1G30360"
"156","AT1G30400"
"157","AT1G30510"
"158","AT1G30750"
"159","AT1G30970"
"160","AT1G31850"
"161","AT1G31860"
"162","AT1G31950"
"163","AT1G32170"
"164","AT1G32400"
"165","AT1G32580"
"166","AT1G32920"
"167","AT1G33055"
"168","AT1G33110"
"169","AT1G33800"
"170","AT1G34370"
"171","AT1G35516"
"172","AT1G35720"
"173","AT1G36050"
"174","AT1G37130"
"175","AT1G43130"
"176","AT1G43190"
"177","AT1G43790"
"178","AT1G43890"
"179","AT1G44770"
"180","AT1G44800"
"181","AT1G47128"
"182","AT1G47278"
"183","AT1G47395"
"184","AT1G47400"
"185","AT1G47490"
"186","AT1G47670"
"187","AT1G47740"
"188","AT1G47830"
"189","AT1G48030"
"190","AT1G48160"
"191","AT1G48200"
"192","AT1G48410"
"193","AT1G48420"
"194","AT1G48750"
"195","AT1G49300"
"196","AT1G49860"
"197","AT1G50480"
"198","AT1G50640"
"199","AT1G50740"
"200","AT1G51070"
"201","AT1G51160"
"202","AT1G51420"
"203","AT1G51680"
"204","AT1G51690"
"205","AT1G51730"
"206","AT1G52342"
"207","AT1G52380"
"208","AT1G52670"
"209","AT1G52710"
"210","AT1G52910"
"211","AT1G52930"
"212","AT1G52980"
"213","AT1G53210"
"214","AT1G53310"
"215","AT1G53560"
"216","AT1G53580"
"217","AT1G53760"
"218","AT1G53850"
"219","AT1G54030"
"220","AT1G55160"
"221","AT1G55310"
"222","AT1G55840"
"223","AT1G56200"
"224","AT1G56300"
"225","AT1G56680"
"226","AT1G57620"
"227","AT1G58080"
"228","AT1G59580"
"229","AT1G59610"
"230","AT1G59870"
"231","AT1G59960"
"232","AT1G60010"
"233","AT1G60710"
"234","AT1G60730"
"235","AT1G60780"
"236","AT1G60940"
"237","AT1G61620"
"238","AT1G61890"
"239","AT1G62180"
"240","AT1G63000"
"241","AT1G63180"
"242","AT1G63220"
"243","AT1G63290"
"244","AT1G63770"
"245","AT1G63830"
"246","AT1G63940"
"247","AT1G64040"
"248","AT1G64190"
"249","AT1G64550"
"250","AT1G64640"
"251","AT1G64650"
"252","AT1G65010"
"253","AT1G65220"
"254","AT1G65510"
"255","AT1G66680"
"256","AT1G67328"
"257","AT1G67330"
"258","AT1G67480"
"259","AT1G67730"
"260","AT1G68000"
"261","AT1G68300"
"262","AT1G68560"
"263","AT1G68790"
"264","AT1G69040"
"265","AT1G69295"
"266","AT1G69850"
"267","AT1G70160"
"268","AT1G70290"
"269","AT1G70660"
"270","AT1G70710"
"271","AT1G71010"
"272","AT1G71260"
"273","AT1G71340"
"274","AT1G71780"
"275","AT1G71860"
"276","AT1G71950"
"277","AT1G72170"
"278","AT1G72510"
"279","AT1G72710"
"280","AT1G73030"
"281","AT1G74030"
"282","AT1G74100"
"283","AT1G74230"
"284","AT1G74250"
"285","AT1G74340"
"286","AT1G74660"
"287","AT1G74690"
"288","AT1G75330"
"289","AT1G75380"
"290","AT1G75660"
"291","AT1G75680"
"292","AT1G75840"
"293","AT1G76030"
"294","AT1G76150"
"295","AT1G76400"
"296","AT1G76600"
"297","AT1G76690"
"298","AT1G76790"
"299","AT1G76930"
"300","AT1G77370"
"301","AT1G77450"
"302","AT1G78670"
"303","AT1G78860"
"304","AT1G78890"
"305","AT1G79210"
"306","AT1G79230"
"307","AT1G79340"
"308","AT1G79390"
"309","AT1G79830"
"310","AT1G79930"
"311","AT1G80040"
"312","AT1G80240"
"313","AT1G80360"
"314","AT1G80410"
"315","AT1G80460"
"316","AT1G80860"
"317","AT1G80930"
"318","AT2G01470"
"319","AT2G01970"
"320","AT2G02710"
"321","AT2G02870"
"322","AT2G02960"
"323","AT2G03240"
"324","AT2G03640"
"325","AT2G03760"
"326","AT2G03890"
"327","AT2G04378"
"328","AT2G04410"
"329","AT2G04630"
"330","AT2G04690"
"331","AT2G05440"
"332","AT2G05710"
"333","AT2G05840"
"334","AT2G06850"
"335","AT2G07340"
"336","AT2G07698"
"337","AT2G07708"
"338","AT2G07718"
"339","AT2G11890"
"340","AT2G13360"
"341","AT2G13560"
"342","AT2G14170"
"343","AT2G14247"
"344","AT2G14835"
"345","AT2G14900"
"346","AT2G15240"
"347","AT2G15570"
"348","AT2G16060"
"349","AT2G16930"
"350","AT2G16940"
"351","AT2G17200"
"352","AT2G17380"
"353","AT2G17720"
"354","AT2G18030"
"355","AT2G18370"
"356","AT2G18390"
"357","AT2G18400"
"358","AT2G18980"
"359","AT2G19110"
"360","AT2G19520"
"361","AT2G19540"
"362","AT2G19830"
"363","AT2G20060"
"364","AT2G20120"
"365","AT2G20230"
"366","AT2G20530"
"367","AT2G20630"
"368","AT2G20930"
"369","AT2G20990"
"370","AT2G21190"
"371","AT2G21250"
"372","AT2G21390"
"373","AT2G21520"
"374","AT2G22780"
"375","AT2G23030"
"376","AT2G23320"
"377","AT2G23780"
"378","AT2G24150"
"379","AT2G24360"
"380","AT2G24570"
"381","AT2G25070"
"382","AT2G25080"
"383","AT2G25110"
"384","AT2G25430"
"385","AT2G25610"
"386","AT2G25810"
"387","AT2G25970"
"388","AT2G25980"
"389","AT2G26080"
"390","AT2G26230"
"391","AT2G26280"
"392","AT2G26670"
"393","AT2G26900"
"394","AT2G27230"
"395","AT2G27450"
"396","AT2G27840"
"397","AT2G28000"
"398","AT2G28160"
"399","AT2G28290"
"400","AT2G28570"
"401","AT2G28760"
"402","AT2G29390"
"403","AT2G30200"
"404","AT2G30260"
"405","AT2G30440"
"406","AT2G30500"
"407","AT2G30520"
"408","AT2G30970"
"409","AT2G31090"
"410","AT2G31350"
"411","AT2G31410"
"412","AT2G31670"
"413","AT2G32070"
"414","AT2G32300"
"415","AT2G32380"
"416","AT2G32700"
"417","AT2G32720"
"418","AT2G32730"
"419","AT2G33410"
"420","AT2G33590"
"421","AT2G33730"
"422","AT2G33740"
"423","AT2G33770"
"424","AT2G34040"
"425","AT2G34160"
"426","AT2G34300"
"427","AT2G34520"
"428","AT2G34585"
"429","AT2G34590"
"430","AT2G34750"
"431","AT2G34770"
"432","AT2G35050"
"433","AT2G35240"
"434","AT2G35610"
"435","AT2G35680"
"436","AT2G35790"
"437","AT2G35810"
"438","AT2G36310"
"439","AT2G36580"
"440","AT2G36900"
"441","AT2G36910"
"442","AT2G37050"
"443","AT2G37990"
"444","AT2G38120"
"445","AT2G38130"
"446","AT2G38290"
"447","AT2G38670"
"448","AT2G38700"
"449","AT2G38710"
"450","AT2G39210"
"451","AT2G39430"
"452","AT2G39681"
"453","AT2G39870"
"454","AT2G39900"
"455","AT2G40113"
"456","AT2G40430"
"457","AT2G40890"
"458","AT2G40970"
"459","AT2G41160"
"460","AT2G41475"
"461","AT2G41780"
"462","AT2G41800"
"463","AT2G41900"
"464","AT2G42780"
"465","AT2G42810"
"466","AT2G42910"
"467","AT2G43160"
"468","AT2G43350"
"469","AT2G43360"
"470","AT2G43640"
"471","AT2G43710"
"472","AT2G43750"
"473","AT2G43760"
"474","AT2G43780"
"475","AT2G43790"
"476","AT2G43910"
"477","AT2G43920"
"478","AT2G43940"
"479","AT2G44010"
"480","AT2G44050"
"481","AT2G44065"
"482","AT2G44180"
"483","AT2G44300"
"484","AT2G44500"
"485","AT2G45050"
"486","AT2G45140"
"487","AT2G45200"
"488","AT2G45380"
"489","AT2G45470"
"490","AT2G45980"
"491","AT2G46020"
"492","AT2G46140"
"493","AT2G46220"
"494","AT2G46370"
"495","AT2G46470"
"496","AT2G46540"
"497","AT2G46900"
"498","AT2G47000"
"499","AT2G47130"
"500","AT2G47160"
"501","AT2G47320"
"502","AT2G47400"
"503","AT2G47420"
"504","AT2G47640"
"505","AT2G47650"
"506","AT2G47700"
"507","AT2G47710"
"508","AT2G47960"
"509","AT3G01340"
"510","AT3G01420"
"511","AT3G01520"
"512","AT3G01690"
"513","AT3G01770"
"514","AT3G01910"
"515","AT3G02260"
"516","AT3G02360"
"517","AT3G02420"
"518","AT3G02520"
"519","AT3G02530"
"520","AT3G02700"
"521","AT3G03150"
"522","AT3G03170"
"523","AT3G03250"
"524","AT3G03270"
"525","AT3G03475"
"526","AT3G04090"
"527","AT3G04320"
"528","AT3G04570"
"529","AT3G04780"
"530","AT3G04880"
"531","AT3G05000"
"532","AT3G05280"
"533","AT3G05760"
"534","AT3G05810"
"535","AT3G05840"
"536","AT3G05900"
"537","AT3G05905"
"538","AT3G06050"
"539","AT3G06300"
"540","AT3G06350"
"541","AT3G06390"
"542","AT3G06420"
"543","AT3G06610"
"544","AT3G06650"
"545","AT3G06850"
"546","AT3G07270"
"547","AT3G07460"
"548","AT3G07470"
"549","AT3G07568"
"550","AT3G07720"
"551","AT3G07810"
"552","AT3G07990"
"553","AT3G08690"
"554","AT3G08930"
"555","AT3G09300"
"556","AT3G09900"
"557","AT3G10410"
"558","AT3G10740"
"559","AT3G11200"
"560","AT3G11250"
"561","AT3G11320"
"562","AT3G11710"
"563","AT3G11730"
"564","AT3G11780"
"565","AT3G11830"
"566","AT3G12220"
"567","AT3G12570"
"568","AT3G12760"
"569","AT3G13110"
"570","AT3G13300"
"571","AT3G13340"
"572","AT3G13440"
"573","AT3G13570"
"574","AT3G13772"
"575","AT3G13790"
"576","AT3G13845"
"577","AT3G13870"
"578","AT3G13930"
"579","AT3G14010"
"580","AT3G14260"
"581","AT3G14280"
"582","AT3G14310"
"583","AT3G14430"
"584","AT3G14660"
"585","AT3G14940"
"586","AT3G15000"
"587","AT3G15480"
"588","AT3G15810"
"589","AT3G16310"
"590","AT3G16480"
"591","AT3G16857"
"592","AT3G17240"
"593","AT3G17410"
"594","AT3G17440"
"595","AT3G17465"
"596","AT3G17780"
"597","AT3G17810"
"598","AT3G18035"
"599","AT3G18215"
"600","AT3G18430"
"601","AT3G18830"
"602","AT3G18990"
"603","AT3G19030"
"604","AT3G19100"
"605","AT3G19200"
"606","AT3G19390"
"607","AT3G19450"
"608","AT3G19520"
"609","AT3G19860"
"610","AT3G19910"
"611","AT3G19930"
"612","AT3G20060"
"613","AT3G20340"
"614","AT3G20370"
"615","AT3G21260"
"616","AT3G21350"
"617","AT3G21710"
"618","AT3G21865"
"619","AT3G22290"
"620","AT3G22380"
"621","AT3G22620"
"622","AT3G22660"
"623","AT3G22680"
"624","AT3G22850"
"625","AT3G22970"
"626","AT3G23030"
"627","AT3G23180"
"628","AT3G23190"
"629","AT3G23470"
"630","AT3G23510"
"631","AT3G23560"
"632","AT3G23800"
"633","AT3G23940"
"634","AT3G23990"
"635","AT3G24300"
"636","AT3G24503"
"637","AT3G24550"
"638","AT3G24670"
"639","AT3G25150"
"640","AT3G25230"
"641","AT3G25530"
"642","AT3G25710"
"643","AT3G25780"
"644","AT3G25800"
"645","AT3G25840"
"646","AT3G25860"
"647","AT3G26030"
"648","AT3G26420"
"649","AT3G26430"
"650","AT3G26470"
"651","AT3G26690"
"652","AT3G26780"
"653","AT3G26810"
"654","AT3G27740"
"655","AT3G27890"
"656","AT3G28510"
"657","AT3G28715"
"658","AT3G28860"
"659","AT3G29034"
"660","AT3G29035"
"661","AT3G29180"
"662","AT3G29240"
"663","AT3G29360"
"664","AT3G43300"
"665","AT3G43800"
"666","AT3G44100"
"667","AT3G44320"
"668","AT3G44330"
"669","AT3G44590"
"670","AT3G44750"
"671","AT3G45600"
"672","AT3G45730"
"673","AT3G46280"
"674","AT3G46600"
"675","AT3G46640"
"676","AT3G46830"
"677","AT3G47160"
"678","AT3G47520"
"679","AT3G47833"
"680","AT3G48170"
"681","AT3G48560"
"682","AT3G48750"
"683","AT3G48890"
"684","AT3G48990"
"685","AT3G49601"
"686","AT3G49680"
"687","AT3G49720"
"688","AT3G49810"
"689","AT3G49940"
"690","AT3G50360"
"691","AT3G50370"
"692","AT3G50670"
"693","AT3G51160"
"694","AT3G51520"
"695","AT3G51550"
"696","AT3G51880"
"697","AT3G51910"
"698","AT3G51920"
"699","AT3G51950"
"700","AT3G52060"
"701","AT3G52140"
"702","AT3G52850"
"703","AT3G52880"
"704","AT3G52960"
"705","AT3G52990"
"706","AT3G53110"
"707","AT3G53460"
"708","AT3G53580"
"709","AT3G53610"
"710","AT3G53670"
"711","AT3G54080"
"712","AT3G54260"
"713","AT3G54366"
"714","AT3G54400"
"715","AT3G54470"
"716","AT3G54480"
"717","AT3G54590"
"718","AT3G54620"
"719","AT3G54640"
"720","AT3G54670"
"721","AT3G54760"
"722","AT3G54810"
"723","AT3G54960"
"724","AT3G55360"
"725","AT3G55520"
"726","AT3G55610"
"727","AT3G55620"
"728","AT3G55830"
"729","AT3G56210"
"730","AT3G56400"
"731","AT3G56460"
"732","AT3G56860"
"733","AT3G56880"
"734","AT3G57050"
"735","AT3G57280"
"736","AT3G57550"
"737","AT3G57610"
"738","AT3G57650"
"739","AT3G57785"
"740","AT3G58120"
"741","AT3G58460"
"742","AT3G58730"
"743","AT3G58750"
"744","AT3G59280"
"745","AT3G59350"
"746","AT3G59380"
"747","AT3G59760"
"748","AT3G59810"
"749","AT3G59930"
"750","AT3G59990"
"751","AT3G60250"
"752","AT3G61060"
"753","AT3G61070"
"754","AT3G61130"
"755","AT3G61200"
"756","AT3G62420"
"757","AT3G62580"
"758","AT3G62600"
"759","AT3G62830"
"760","AT3G63080"
"761","AT3G63210"
"762","AT3G63250"
"763","AT3G63400"
"764","AT3G63460"
"765","AT4G00355"
"766","AT4G00560"
"767","AT4G00660"
"768","AT4G00710"
"769","AT4G00820"
"770","AT4G00830"
"771","AT4G01000"
"772","AT4G01320"
"773","AT4G01370"
"774","AT4G01480"
"775","AT4G01750"
"776","AT4G02050"
"777","AT4G02370"
"778","AT4G02500"
"779","AT4G02725"
"780","AT4G02860"
"781","AT4G03110"
"782","AT4G03210"
"783","AT4G04470"
"784","AT4G04620"
"785","AT4G05070"
"786","AT4G05150"
"787","AT4G06744"
"788","AT4G07390"
"789","AT4G07825"
"790","AT4G08460"
"791","AT4G08555"
"792","AT4G08950"
"793","AT4G08980"
"794","AT4G10100"
"795","AT4G10380"
"796","AT4G10920"
"797","AT4G11210"
"798","AT4G11220"
"799","AT4G11240"
"800","AT4G11260"
"801","AT4G11360"
"802","AT4G11600"
"803","AT4G11650"
"804","AT4G11820"
"805","AT4G12080"
"806","AT4G12340"
"807","AT4G12420"
"808","AT4G12720"
"809","AT4G12880"
"810","AT4G13580"
"811","AT4G13660"
"812","AT4G13780"
"813","AT4G14410"
"814","AT4G14500"
"815","AT4G14710"
"816","AT4G15160"
"817","AT4G15780"
"818","AT4G15990"
"819","AT4G16370"
"820","AT4G16500"
"821","AT4G16760"
"822","AT4G16830"
"823","AT4G17030"
"824","AT4G17190"
"825","AT4G17215"
"826","AT4G17270"
"827","AT4G17460"
"828","AT4G17510"
"829","AT4G17640"
"830","AT4G17730"
"831","AT4G17800"
"832","AT4G17870"
"833","AT4G17900"
"834","AT4G18030"
"835","AT4G18040"
"836","AT4G19006"
"837","AT4G19690"
"838","AT4G19840"
"839","AT4G21570"
"840","AT4G21580"
"841","AT4G21600"
"842","AT4G21660"
"843","AT4G21680"
"844","AT4G21810"
"845","AT4G21830"
"846","AT4G21990"
"847","AT4G22000"
"848","AT4G22010"
"849","AT4G22212"
"850","AT4G22750"
"851","AT4G22810"
"852","AT4G22930"
"853","AT4G23590"
"854","AT4G23710"
"855","AT4G23760"
"856","AT4G23885"
"857","AT4G24160"
"858","AT4G24275"
"859","AT4G24280"
"860","AT4G24330"
"861","AT4G24620"
"862","AT4G24990"
"863","AT4G25170"
"864","AT4G25210"
"865","AT4G25340"
"866","AT4G25550"
"867","AT4G25670"
"868","AT4G25900"
"869","AT4G25970"
"870","AT4G26240"
"871","AT4G26410"
"872","AT4G26480"
"873","AT4G26650"
"874","AT4G26670"
"875","AT4G26870"
"876","AT4G26970"
"877","AT4G27652"
"878","AT4G28040"
"879","AT4G28270"
"880","AT4G28300"
"881","AT4G28360"
"882","AT4G28540"
"883","AT4G28770"
"884","AT4G28910"
"885","AT4G29130"
"886","AT4G29160"
"887","AT4G29260"
"888","AT4G29270"
"889","AT4G29810"
"890","AT4G30260"
"891","AT4G30440"
"892","AT4G30460"
"893","AT4G30530"
"894","AT4G30550"
"895","AT4G30660"
"896","AT4G30920"
"897","AT4G30950"
"898","AT4G31460"
"899","AT4G31810"
"900","AT4G31860"
"901","AT4G31880"
"902","AT4G31990"
"903","AT4G32240"
"904","AT4G32330"
"905","AT4G32390"
"906","AT4G32410"
"907","AT4G32460"
"908","AT4G32610"
"909","AT4G32720"
"910","AT4G32760"
"911","AT4G33150"
"912","AT4G33300"
"913","AT4G33360"
"914","AT4G33380"
"915","AT4G33420"
"916","AT4G33780"
"917","AT4G34135"
"918","AT4G34270"
"919","AT4G34350"
"920","AT4G34460"
"921","AT4G34490"
"922","AT4G34620"
"923","AT4G35080"
"924","AT4G35260"
"925","AT4G35310"
"926","AT4G35450"
"927","AT4G35920"
"928","AT4G35980"
"929","AT4G36410"
"930","AT4G36420"
"931","AT4G36430"
"932","AT4G36520"
"933","AT4G36690"
"934","AT4G36760"
"935","AT4G36780"
"936","AT4G36930"
"937","AT4G37010"
"938","AT4G37590"
"939","AT4G38060"
"940","AT4G38080"
"941","AT4G38220"
"942","AT4G38430"
"943","AT4G38630"
"944","AT4G38790"
"945","AT4G38810"
"946","AT4G39080"
"947","AT4G39100"
"948","AT4G39220"
"949","AT4G39300"
"950","AT4G39680"
"951","AT4G39730"
"952","AT4G39780"
"953","AT4G39800"
"954","AT4G39838"
"955","AT4G39840"
"956","AT4G39900"
"957","AT4G39910"
"958","AT4G39955"
"959","AT4G39980"
"960","AT4G40060"
"961","AT5G01160"
"962","AT5G02260"
"963","AT5G02740"
"964","AT5G02840"
"965","AT5G03290"
"966","AT5G03455"
"967","AT5G03500"
"968","AT5G03660"
"969","AT5G03740"
"970","AT5G04470"
"971","AT5G04905"
"972","AT5G05080"
"973","AT5G05210"
"974","AT5G05360"
"975","AT5G05440"
"976","AT5G05610"
"977","AT5G05670"
"978","AT5G05950"
"979","AT5G06140"
"980","AT5G06370"
"981","AT5G06660"
"982","AT5G07220"
"983","AT5G07322"
"984","AT5G07350"
"985","AT5G07460"
"986","AT5G07870"
"987","AT5G08160"
"988","AT5G08300"
"989","AT5G08450"
"990","AT5G08570"
"991","AT5G08590"
"992","AT5G09595"
"993","AT5G09830"
"994","AT5G09978"
"995","AT5G10160"
"996","AT5G10350"
"997","AT5G10510"
"998","AT5G10550"
"999","AT5G10830"
"1000","AT5G10840"
"1001","AT5G11280"
"1002","AT5G11340"
"1003","AT5G11560"
"1004","AT5G11880"
"1005","AT5G12240"
"1006","AT5G12410"
"1007","AT5G12480"
"1008","AT5G13010"
"1009","AT5G13180"
"1010","AT5G13280"
"1011","AT5G13910"
"1012","AT5G14000"
"1013","AT5G14360"
"1014","AT5G14390"
"1015","AT5G14430"
"1016","AT5G14440"
"1017","AT5G14920"
"1018","AT5G15220"
"1019","AT5G15265"
"1020","AT5G15490"
"1021","AT5G15520"
"1022","AT5G16060"
"1023","AT5G16150"
"1024","AT5G16250"
"1025","AT5G16370"
"1026","AT5G16510"
"1027","AT5G16660"
"1028","AT5G16830"
"1029","AT5G16840"
"1030","AT5G17290"
"1031","AT5G17380"
"1032","AT5G17460"
"1033","AT5G17610"
"1034","AT5G17630"
"1035","AT5G17710"
"1036","AT5G18130"
"1037","AT5G18140"
"1038","AT5G18480"
"1039","AT5G18580"
"1040","AT5G18650"
"1041","AT5G19120"
"1042","AT5G19230"
"1043","AT5G19250"
"1044","AT5G19330"
"1045","AT5G19530"
"1046","AT5G19890"
"1047","AT5G20060"
"1048","AT5G20080"
"1049","AT5G20165"
"1050","AT5G20700"
"1051","AT5G20900"
"1052","AT5G20960"
"1053","AT5G21170"
"1054","AT5G22000"
"1055","AT5G22060"
"1056","AT5G22080"
"1057","AT5G22360"
"1058","AT5G22555"
"1059","AT5G23140"
"1060","AT5G23220"
"1061","AT5G23380"
"1062","AT5G23450"
"1063","AT5G23535"
"1064","AT5G23670"
"1065","AT5G23860"
"1066","AT5G24090"
"1067","AT5G24165"
"1068","AT5G24690"
"1069","AT5G24735"
"1070","AT5G25265"
"1071","AT5G25540"
"1072","AT5G25754"
"1073","AT5G25890"
"1074","AT5G26260"
"1075","AT5G26751"
"1076","AT5G26830"
"1077","AT5G27450"
"1078","AT5G27520"
"1079","AT5G27640"
"1080","AT5G28020"
"1081","AT5G28919"
"1082","AT5G35080"
"1083","AT5G35200"
"1084","AT5G35630"
"1085","AT5G35680"
"1086","AT5G36880"
"1087","AT5G37475"
"1088","AT5G37510"
"1089","AT5G37740"
"1090","AT5G38110"
"1091","AT5G38470"
"1092","AT5G38630"
"1093","AT5G38830"
"1094","AT5G38940"
"1095","AT5G39340"
"1096","AT5G39510"
"1097","AT5G39850"
"1098","AT5G40190"
"1099","AT5G40580"
"1100","AT5G40660"
"1101","AT5G40670"
"1102","AT5G40760"
"1103","AT5G40770"
"1104","AT5G40850"
"1105","AT5G41210"
"1106","AT5G41290"
"1107","AT5G41560"
"1108","AT5G41670"
"1109","AT5G42050"
"1110","AT5G42180"
"1111","AT5G42420"
"1112","AT5G42570"
"1113","AT5G43060"
"1114","AT5G43180"
"1115","AT5G43320"
"1116","AT5G43350"
"1117","AT5G43520"
"1118","AT5G43700"
"1119","AT5G44200"
"1120","AT5G44460"
"1121","AT5G44582"
"1122","AT5G44610"
"1123","AT5G44790"
"1124","AT5G44800"
"1125","AT5G44920"
"1126","AT5G45280"
"1127","AT5G45350"
"1128","AT5G45410"
"1129","AT5G45470"
"1130","AT5G45472"
"1131","AT5G45500"
"1132","AT5G46630"
"1133","AT5G46840"
"1134","AT5G46900"
"1135","AT5G47120"
"1136","AT5G47310"
"1137","AT5G47320"
"1138","AT5G47430"
"1139","AT5G47435"
"1140","AT5G47690"
"1141","AT5G48160"
"1142","AT5G48335"
"1143","AT5G48385"
"1144","AT5G48500"
"1145","AT5G48655"
"1146","AT5G48657"
"1147","AT5G48870"
"1148","AT5G49210"
"1149","AT5G49450"
"1150","AT5G49460"
"1151","AT5G49710"
"1152","AT5G50000"
"1153","AT5G50375"
"1154","AT5G50680"
"1155","AT5G50870"
"1156","AT5G50920"
"1157","AT5G51040"
"1158","AT5G51120"
"1159","AT5G51510"
"1160","AT5G51780"
"1161","AT5G51830"
"1162","AT5G52370"
"1163","AT5G52720"
"1164","AT5G52820"
"1165","AT5G53160"
"1166","AT5G53310"
"1167","AT5G53450"
"1168","AT5G53900"
"1169","AT5G54145"
"1170","AT5G54160"
"1171","AT5G54310"
"1172","AT5G54370"
"1173","AT5G54540"
"1174","AT5G54580"
"1175","AT5G54750"
"1176","AT5G54940"
"1177","AT5G54970"
"1178","AT5G55070"
"1179","AT5G55125"
"1180","AT5G55140"
"1181","AT5G55300"
"1182","AT5G56040"
"1183","AT5G56140"
"1184","AT5G56360"
"1185","AT5G56680"
"1186","AT5G56760"
"1187","AT5G56870"
"1188","AT5G56940"
"1189","AT5G57020"
"1190","AT5G57090"
"1191","AT5G57340"
"1192","AT5G57440"
"1193","AT5G57625"
"1194","AT5G57870"
"1195","AT5G58030"
"1196","AT5G58070"
"1197","AT5G58220"
"1198","AT5G58240"
"1199","AT5G58590"
"1200","AT5G58640"
"1201","AT5G58720"
"1202","AT5G58740"
"1203","AT5G58950"
"1204","AT5G59090"
"1205","AT5G59160"
"1206","AT5G59420"
"1207","AT5G59890"
"1208","AT5G59950"
"1209","AT5G60160"
"1210","AT5G60460"
"1211","AT5G60530"
"1212","AT5G60620"
"1213","AT5G60680"
"1214","AT5G60920"
"1215","AT5G60950"
"1216","AT5G60980"
"1217","AT5G61230"
"1218","AT5G61240"
"1219","AT5G61590"
"1220","AT5G62575"
"1221","AT5G62900"
"1222","AT5G63030"
"1223","AT5G63370"
"1224","AT5G63510"
"1225","AT5G63620"
"1226","AT5G63660"
"1227","AT5G64160"
"1228","AT5G64200"
"1229","AT5G64260"
"1230","AT5G64370"
"1231","AT5G64500"
"1232","AT5G64740"
"1233","AT5G65050"
"1234","AT5G65480"
"1235","AT5G65700"
"1236","AT5G66040"
"1237","AT5G66140"
"1238","AT5G66170"
"1239","AT5G66280"
"1240","AT5G66390"
"1241","AT5G66690"
"1242","AT5G66860"
"1243","AT5G66920"
"1244","AT5G67300"
"1245","AT5G67320"
"1246","AT5G67560"
"1247","ATCG00830"
"1248","ATMG01190"
