"","col_FLT_c1.which.mclass....3...1."
"1","AT1G01190"
"2","AT1G01310"
"3","AT1G01453"
"4","AT1G02205"
"5","AT1G02490"
"6","AT1G02650"
"7","AT1G02710"
"8","AT1G02770"
"9","AT1G02820"
"10","AT1G02952"
"11","AT1G02980"
"12","AT1G03170"
"13","AT1G03390"
"14","AT1G03445"
"15","AT1G03506"
"16","AT1G03630"
"17","AT1G03700"
"18","AT1G03743"
"19","AT1G03746"
"20","AT1G04017"
"21","AT1G04023"
"22","AT1G04103"
"23","AT1G04105"
"24","AT1G04217"
"25","AT1G04227"
"26","AT1G04237"
"27","AT1G04267"
"28","AT1G04277"
"29","AT1G04297"
"30","AT1G04343"
"31","AT1G04347"
"32","AT1G04357"
"33","AT1G04397"
"34","AT1G04467"
"35","AT1G04497"
"36","AT1G04577"
"37","AT1G04583"
"38","AT1G04600"
"39","AT1G04643"
"40","AT1G04660"
"41","AT1G04670"
"42","AT1G04703"
"43","AT1G04767"
"44","AT1G04797"
"45","AT1G04817"
"46","AT1G04827"
"47","AT1G04853"
"48","AT1G04877"
"49","AT1G04913"
"50","AT1G04973"
"51","AT1G05020"
"52","AT1G05043"
"53","AT1G05047"
"54","AT1G05083"
"55","AT1G05143"
"56","AT1G05153"
"57","AT1G05203"
"58","AT1G05207"
"59","AT1G05243"
"60","AT1G05253"
"61","AT1G05283"
"62","AT1G05297"
"63","AT1G05383"
"64","AT1G05423"
"65","AT1G05447"
"66","AT1G05450"
"67","AT1G05463"
"68","AT1G05490"
"69","AT1G05510"
"70","AT1G05517"
"71","AT1G05540"
"72","AT1G05607"
"73","AT1G05690"
"74","AT1G05703"
"75","AT1G05783"
"76","AT1G05813"
"77","AT1G05843"
"78","AT1G05913"
"79","AT1G05920"
"80","AT1G05933"
"81","AT1G05937"
"82","AT1G05943"
"83","AT1G05977"
"84","AT1G05990"
"85","AT1G05997"
"86","AT1G06003"
"87","AT1G06017"
"88","AT1G06020"
"89","AT1G06045"
"90","AT1G06100"
"91","AT1G06117"
"92","AT1G06148"
"93","AT1G06153"
"94","AT1G06173"
"95","AT1G06177"
"96","AT1G06207"
"97","AT1G06217"
"98","AT1G06233"
"99","AT1G06237"
"100","AT1G06253"
"101","AT1G06260"
"102","AT1G06273"
"103","AT1G06283"
"104","AT1G06337"
"105","AT1G06453"
"106","AT1G06467"
"107","AT1G06483"
"108","AT1G06487"
"109","AT1G06553"
"110","AT1G06607"
"111","AT1G06645"
"112","AT1G06667"
"113","AT1G06687"
"114","AT1G06717"
"115","AT1G06750"
"116","AT1G06753"
"117","AT1G06757"
"118","AT1G06773"
"119","AT1G06830"
"120","AT1G06837"
"121","AT1G06970"
"122","AT1G06977"
"123","AT1G07010"
"124","AT1G07017"
"125","AT1G07023"
"126","AT1G07060"
"127","AT1G07143"
"128","AT1G07180"
"129","AT1G07287"
"130","AT1G07340"
"131","AT1G07397"
"132","AT1G07407"
"133","AT1G07430"
"134","AT1G07473"
"135","AT1G07477"
"136","AT1G07517"
"137","AT1G07547"
"138","AT1G07550"
"139","AT1G07647"
"140","AT1G07690"
"141","AT1G07693"
"142","AT1G07697"
"143","AT1G07703"
"144","AT1G07823"
"145","AT1G07850"
"146","AT1G07853"
"147","AT1G07877"
"148","AT1G07880"
"149","AT1G07901"
"150","AT1G07913"
"151","AT1G07943"
"152","AT1G08005"
"153","AT1G08097"
"154","AT1G08103"
"155","AT1G08120"
"156","AT1G08273"
"157","AT1G08323"
"158","AT1G08393"
"159","AT1G08537"
"160","AT1G08547"
"161","AT1G08597"
"162","AT1G08633"
"163","AT1G08667"
"164","AT1G08707"
"165","AT1G08713"
"166","AT1G08853"
"167","AT1G08903"
"168","AT1G08937"
"169","AT1G09003"
"170","AT1G09063"
"171","AT1G09067"
"172","AT1G09080"
"173","AT1G09083"
"174","AT1G09127"
"175","AT1G09167"
"176","AT1G09176"
"177","AT1G09180"
"178","AT1G09193"
"179","AT1G09233"
"180","AT1G09253"
"181","AT1G09257"
"182","AT1G09260"
"183","AT1G09287"
"184","AT1G09310"
"185","AT1G09317"
"186","AT1G09323"
"187","AT1G09421"
"188","AT1G09423"
"189","AT1G09427"
"190","AT1G09433"
"191","AT1G09447"
"192","AT1G09453"
"193","AT1G09463"
"194","AT1G09467"
"195","AT1G09473"
"196","AT1G09500"
"197","AT1G09510"
"198","AT1G09513"
"199","AT1G09517"
"200","AT1G09527"
"201","AT1G09537"
"202","AT1G09553"
"203","AT1G09677"
"204","AT1G09687"
"205","AT1G09753"
"206","AT1G09777"
"207","AT1G09793"
"208","AT1G09797"
"209","AT1G09803"
"210","AT1G09833"
"211","AT1G09843"
"212","AT1G09867"
"213","AT1G09877"
"214","AT1G09897"
"215","AT1G09903"
"216","AT1G09907"
"217","AT1G09917"
"218","AT1G09930"
"219","AT1G10588"
"220","AT1G10680"
"221","AT1G10710"
"222","AT1G10747"
"223","AT1G10790"
"224","AT1G11350"
"225","AT1G11460"
"226","AT1G11470"
"227","AT1G11590"
"228","AT1G11600"
"229","AT1G12100"
"230","AT1G12672"
"231","AT1G12805"
"232","AT1G12900"
"233","AT1G13143"
"234","AT1G13400"
"235","AT1G13490"
"236","AT1G13790"
"237","AT1G14440"
"238","AT1G14640"
"239","AT1G14960"
"240","AT1G15015"
"241","AT1G15460"
"242","AT1G15680"
"243","AT1G15772"
"244","AT1G15830"
"245","AT1G16025"
"246","AT1G16120"
"247","AT1G16230"
"248","AT1G16380"
"249","AT1G17260"
"250","AT1G17310"
"251","AT1G17380"
"252","AT1G17600"
"253","AT1G17610"
"254","AT1G17830"
"255","AT1G18020"
"256","AT1G18193"
"257","AT1G18310"
"258","AT1G18400"
"259","AT1G18410"
"260","AT1G18530"
"261","AT1G18990"
"262","AT1G19070"
"263","AT1G19160"
"264","AT1G19390"
"265","AT1G19550"
"266","AT1G19750"
"267","AT1G19900"
"268","AT1G19940"
"269","AT1G20020"
"270","AT1G20080"
"271","AT1G20120"
"272","AT1G20130"
"273","AT1G20310"
"274","AT1G20870"
"275","AT1G20925"
"276","AT1G20990"
"277","AT1G21230"
"278","AT1G21528"
"279","AT1G21810"
"280","AT1G21890"
"281","AT1G21990"
"282","AT1G22000"
"283","AT1G22080"
"284","AT1G22250"
"285","AT1G22260"
"286","AT1G22380"
"287","AT1G22650"
"288","AT1G22680"
"289","AT1G23110"
"290","AT1G23210"
"291","AT1G23510"
"292","AT1G23540"
"293","AT1G23730"
"294","AT1G23995"
"295","AT1G24270"
"296","AT1G24575"
"297","AT1G24577"
"298","AT1G24807"
"299","AT1G24909"
"300","AT1G25155"
"301","AT1G25240"
"302","AT1G25330"
"303","AT1G25440"
"304","AT1G26420"
"305","AT1G26510"
"306","AT1G26540"
"307","AT1G26590"
"308","AT1G26790"
"309","AT1G27080"
"310","AT1G27610"
"311","AT1G27710"
"312","AT1G27890"
"313","AT1G28040"
"314","AT1G28265"
"315","AT1G28327"
"316","AT1G28450"
"317","AT1G28570"
"318","AT1G28610"
"319","AT1G29230"
"320","AT1G29420"
"321","AT1G29500"
"322","AT1G29600"
"323","AT1G29660"
"324","AT1G29680"
"325","AT1G29775"
"326","AT1G29780"
"327","AT1G29910"
"328","AT1G30135"
"329","AT1G30220"
"330","AT1G30455"
"331","AT1G30530"
"332","AT1G30780"
"333","AT1G30950"
"334","AT1G31200"
"335","AT1G31243"
"336","AT1G31290"
"337","AT1G31485"
"338","AT1G31670"
"339","AT1G31772"
"340","AT1G31820"
"341","AT1G31920"
"342","AT1G31960"
"343","AT1G31990"
"344","AT1G32120"
"345","AT1G32350"
"346","AT1G32385"
"347","AT1G32470"
"348","AT1G32510"
"349","AT1G32520"
"350","AT1G32710"
"351","AT1G32960"
"352","AT1G33100"
"353","AT1G33260"
"354","AT1G33320"
"355","AT1G33430"
"356","AT1G34047"
"357","AT1G34140"
"358","AT1G34520"
"359","AT1G34540"
"360","AT1G35730"
"361","AT1G35830"
"362","AT1G36992"
"363","AT1G42550"
"364","AT1G42970"
"365","AT1G43000"
"366","AT1G43010"
"367","AT1G43140"
"368","AT1G43800"
"369","AT1G44010"
"370","AT1G44414"
"371","AT1G44542"
"372","AT1G44890"
"373","AT1G45010"
"374","AT1G45474"
"375","AT1G45545"
"376","AT1G47350"
"377","AT1G47610"
"378","AT1G47700"
"379","AT1G47790"
"380","AT1G47990"
"381","AT1G48060"
"382","AT1G48195"
"383","AT1G48260"
"384","AT1G48267"
"385","AT1G48470"
"386","AT1G48720"
"387","AT1G49000"
"388","AT1G49210"
"389","AT1G49220"
"390","AT1G49430"
"391","AT1G49530"
"392","AT1G49700"
"393","AT1G49790"
"394","AT1G49940"
"395","AT1G50180"
"396","AT1G50190"
"397","AT1G50280"
"398","AT1G50610"
"399","AT1G50720"
"400","AT1G51000"
"401","AT1G51030"
"402","AT1G51055"
"403","AT1G51110"
"404","AT1G51670"
"405","AT1G51880"
"406","AT1G51920"
"407","AT1G51960"
"408","AT1G52110"
"409","AT1G52220"
"410","AT1G52230"
"411","AT1G52290"
"412","AT1G52400"
"413","AT1G52410"
"414","AT1G52415"
"415","AT1G52570"
"416","AT1G52650"
"417","AT1G52690"
"418","AT1G52790"
"419","AT1G52800"
"420","AT1G52820"
"421","AT1G52830"
"422","AT1G52857"
"423","AT1G53090"
"424","AT1G53233"
"425","AT1G53270"
"426","AT1G53540"
"427","AT1G53610"
"428","AT1G53620"
"429","AT1G53640"
"430","AT1G53801"
"431","AT1G53935"
"432","AT1G54020"
"433","AT1G54070"
"434","AT1G54095"
"435","AT1G54215"
"436","AT1G54280"
"437","AT1G54355"
"438","AT1G54560"
"439","AT1G54773"
"440","AT1G54820"
"441","AT1G55207"
"442","AT1G55230"
"443","AT1G55240"
"444","AT1G55440"
"445","AT1G55525"
"446","AT1G55550"
"447","AT1G55640"
"448","AT1G55670"
"449","AT1G55755"
"450","AT1G55770"
"451","AT1G55803"
"452","AT1G55945"
"453","AT1G56150"
"454","AT1G56165"
"455","AT1G56250"
"456","AT1G56540"
"457","AT1G57560"
"458","AT1G57570"
"459","AT1G58215"
"460","AT1G58300"
"461","AT1G58320"
"462","AT1G58808"
"463","AT1G59218"
"464","AT1G59620"
"465","AT1G59725"
"466","AT1G59790"
"467","AT1G59860"
"468","AT1G60060"
"469","AT1G60760"
"470","AT1G60830"
"471","AT1G60986"
"472","AT1G61160"
"473","AT1G61255"
"474","AT1G61275"
"475","AT1G61562"
"476","AT1G61720"
"477","AT1G61810"
"478","AT1G61930"
"479","AT1G61950"
"480","AT1G62000"
"481","AT1G62030"
"482","AT1G62035"
"483","AT1G62333"
"484","AT1G62400"
"485","AT1G62421"
"486","AT1G62450"
"487","AT1G62490"
"488","AT1G62530"
"489","AT1G62580"
"490","AT1G62690"
"491","AT1G62915"
"492","AT1G62975"
"493","AT1G63330"
"494","AT1G63350"
"495","AT1G63370"
"496","AT1G63390"
"497","AT1G63522"
"498","AT1G63600"
"499","AT1G63870"
"500","AT1G63880"
"501","AT1G63910"
"502","AT1G64020"
"503","AT1G64065"
"504","AT1G64130"
"505","AT1G64150"
"506","AT1G64195"
"507","AT1G64260"
"508","AT1G64310"
"509","AT1G64355"
"510","AT1G64370"
"511","AT1G64405"
"512","AT1G64480"
"513","AT1G64561"
"514","AT1G64584"
"515","AT1G64590"
"516","AT1G64618"
"517","AT1G64625"
"518","AT1G64670"
"519","AT1G64710"
"520","AT1G65060"
"521","AT1G65110"
"522","AT1G65150"
"523","AT1G65200"
"524","AT1G65230"
"525","AT1G65346"
"526","AT1G65484"
"527","AT1G65490"
"528","AT1G65800"
"529","AT1G66030"
"530","AT1G66130"
"531","AT1G66540"
"532","AT1G66725"
"533","AT1G66840"
"534","AT1G66910"
"535","AT1G67000"
"536","AT1G67020"
"537","AT1G67025"
"538","AT1G67090"
"539","AT1G67100"
"540","AT1G67220"
"541","AT1G67265"
"542","AT1G67460"
"543","AT1G67481"
"544","AT1G67520"
"545","AT1G67540"
"546","AT1G67623"
"547","AT1G67635"
"548","AT1G67650"
"549","AT1G67740"
"550","AT1G67770"
"551","AT1G67856"
"552","AT1G68090"
"553","AT1G68200"
"554","AT1G68600"
"555","AT1G68700"
"556","AT1G68750"
"557","AT1G68800"
"558","AT1G68890"
"559","AT1G69085"
"560","AT1G69160"
"561","AT1G70175"
"562","AT1G70440"
"563","AT1G70450"
"564","AT1G70475"
"565","AT1G70640"
"566","AT1G70830"
"567","AT1G70910"
"568","AT1G71250"
"569","AT1G71300"
"570","AT1G72030"
"571","AT1G72100"
"572","AT1G72140"
"573","AT1G72540"
"574","AT1G72590"
"575","AT1G72620"
"576","AT1G72760"
"577","AT1G72960"
"578","AT1G73050"
"579","AT1G73120"
"580","AT1G73140"
"581","AT1G73190"
"582","AT1G73220"
"583","AT1G73290"
"584","AT1G73550"
"585","AT1G73700"
"586","AT1G73810"
"587","AT1G74205"
"588","AT1G74290"
"589","AT1G74430"
"590","AT1G74453"
"591","AT1G74630"
"592","AT1G74820"
"593","AT1G74880"
"594","AT1G75360"
"595","AT1G75920"
"596","AT1G76062"
"597","AT1G76190"
"598","AT1G76210"
"599","AT1G76230"
"600","AT1G76465"
"601","AT1G76530"
"602","AT1G76705"
"603","AT1G77090"
"604","AT1G77210"
"605","AT1G77235"
"606","AT1G77270"
"607","AT1G77730"
"608","AT1G77992"
"609","AT1G78206"
"610","AT1G78230"
"611","AT1G78320"
"612","AT1G78390"
"613","AT1G78410"
"614","AT1G78460"
"615","AT1G78478"
"616","AT1G78500"
"617","AT1G78710"
"618","AT1G78720"
"619","AT1G78815"
"620","AT1G78820"
"621","AT1G78840"
"622","AT1G78990"
"623","AT1G79100"
"624","AT1G79103"
"625","AT1G79130"
"626","AT1G79250"
"627","AT1G79485"
"628","AT1G79780"
"629","AT1G79860"
"630","AT1G79890"
"631","AT1G79915"
"632","AT1G80080"
"633","AT1G80470"
"634","AT1G80525"
"635","AT1G80555"
"636","AT1G80590"
"637","AT1G80625"
"638","AT1G80745"
"639","AT2G01280"
"640","AT2G01500"
"641","AT2G01755"
"642","AT2G01760"
"643","AT2G01810"
"644","AT2G01990"
"645","AT2G02060"
"646","AT2G02061"
"647","AT2G02147"
"648","AT2G02240"
"649","AT2G02320"
"650","AT2G02340"
"651","AT2G02380"
"652","AT2G02490"
"653","AT2G02640"
"654","AT2G02720"
"655","AT2G02741"
"656","AT2G02950"
"657","AT2G03020"
"658","AT2G03130"
"659","AT2G03630"
"660","AT2G03821"
"661","AT2G03980"
"662","AT2G04020"
"663","AT2G04050"
"664","AT2G04065"
"665","AT2G04125"
"666","AT2G04137"
"667","AT2G04145"
"668","AT2G04265"
"669","AT2G04285"
"670","AT2G04455"
"671","AT2G04495"
"672","AT2G04515"
"673","AT2G04535"
"674","AT2G04545"
"675","AT2G04715"
"676","AT2G04860"
"677","AT2G04955"
"678","AT2G05270"
"679","AT2G05365"
"680","AT2G05505"
"681","AT2G05665"
"682","AT2G05675"
"683","AT2G05765"
"684","AT2G06002"
"685","AT2G06225"
"686","AT2G06345"
"687","AT2G06405"
"688","AT2G06615"
"689","AT2G07015"
"690","AT2G07042"
"691","AT2G07335"
"692","AT2G07485"
"693","AT2G07595"
"694","AT2G07629"
"695","AT2G07644"
"696","AT2G07648"
"697","AT2G07652"
"698","AT2G07656"
"699","AT2G07659"
"700","AT2G07661"
"701","AT2G07667"
"702","AT2G07669"
"703","AT2G07676"
"704","AT2G07689"
"705","AT2G07692"
"706","AT2G07702"
"707","AT2G07721"
"708","AT2G07722"
"709","AT2G07732"
"710","AT2G07768"
"711","AT2G07772"
"712","AT2G07774"
"713","AT2G07795"
"714","AT2G07805"
"715","AT2G07806"
"716","AT2G07827"
"717","AT2G07875"
"718","AT2G07950"
"719","AT2G07965"
"720","AT2G08020"
"721","AT2G08025"
"722","AT2G08060"
"723","AT2G08235"
"724","AT2G08295"
"725","AT2G08315"
"726","AT2G08320"
"727","AT2G08350"
"728","AT2G08405"
"729","AT2G08420"
"730","AT2G08430"
"731","AT2G08445"
"732","AT2G08450"
"733","AT2G08455"
"734","AT2G08460"
"735","AT2G08470"
"736","AT2G08475"
"737","AT2G08485"
"738","AT2G08500"
"739","AT2G08505"
"740","AT2G08575"
"741","AT2G08595"
"742","AT2G08695"
"743","AT2G08760"
"744","AT2G08765"
"745","AT2G08775"
"746","AT2G08815"
"747","AT2G08820"
"748","AT2G08825"
"749","AT2G08850"
"750","AT2G08900"
"751","AT2G08910"
"752","AT2G08915"
"753","AT2G08955"
"754","AT2G09000"
"755","AT2G09010"
"756","AT2G09025"
"757","AT2G09055"
"758","AT2G09165"
"759","AT2G09170"
"760","AT2G09195"
"761","AT2G09230"
"762","AT2G09295"
"763","AT2G09300"
"764","AT2G09310"
"765","AT2G09335"
"766","AT2G09425"
"767","AT2G09430"
"768","AT2G09435"
"769","AT2G09455"
"770","AT2G09495"
"771","AT2G09505"
"772","AT2G09510"
"773","AT2G09525"
"774","AT2G09575"
"775","AT2G09610"
"776","AT2G09650"
"777","AT2G09700"
"778","AT2G09710"
"779","AT2G09735"
"780","AT2G09740"
"781","AT2G09745"
"782","AT2G09845"
"783","AT2G09905"
"784","AT2G09965"
"785","AT2G10940"
"786","AT2G11215"
"787","AT2G11270"
"788","AT2G11810"
"789","AT2G11815"
"790","AT2G11891"
"791","AT2G12461"
"792","AT2G13570"
"793","AT2G13610"
"794","AT2G13680"
"795","AT2G14160"
"796","AT2G14690"
"797","AT2G14760"
"798","AT2G15080"
"799","AT2G15130"
"800","AT2G15318"
"801","AT2G15350"
"802","AT2G16245"
"803","AT2G16575"
"804","AT2G16630"
"805","AT2G17036"
"806","AT2G17050"
"807","AT2G17060"
"808","AT2G17690"
"809","AT2G17770"
"810","AT2G17890"
"811","AT2G17920"
"812","AT2G18260"
"813","AT2G18340"
"814","AT2G18500"
"815","AT2G18640"
"816","AT2G18685"
"817","AT2G18720"
"818","AT2G18970"
"819","AT2G19150"
"820","AT2G19190"
"821","AT2G19210"
"822","AT2G19400"
"823","AT2G19610"
"824","AT2G19650"
"825","AT2G19700"
"826","AT2G19920"
"827","AT2G19960"
"828","AT2G20030"
"829","AT2G20170"
"830","AT2G20250"
"831","AT2G20700"
"832","AT2G20720"
"833","AT2G21237"
"834","AT2G21480"
"835","AT2G21490"
"836","AT2G21510"
"837","AT2G21960"
"838","AT2G22060"
"839","AT2G22121"
"840","AT2G22200"
"841","AT2G22340"
"842","AT2G22460"
"843","AT2G22820"
"844","AT2G23110"
"845","AT2G23170"
"846","AT2G23400"
"847","AT2G23970"
"848","AT2G24030"
"849","AT2G24130"
"850","AT2G24195"
"851","AT2G24270"
"852","AT2G24285"
"853","AT2G24320"
"854","AT2G24450"
"855","AT2G24535"
"856","AT2G24681"
"857","AT2G24710"
"858","AT2G24720"
"859","AT2G24850"
"860","AT2G25200"
"861","AT2G25215"
"862","AT2G25297"
"863","AT2G25440"
"864","AT2G25482"
"865","AT2G25530"
"866","AT2G25820"
"867","AT2G26040"
"868","AT2G26160"
"869","AT2G26480"
"870","AT2G26500"
"871","AT2G26515"
"872","AT2G26620"
"873","AT2G26692"
"874","AT2G26910"
"875","AT2G26940"
"876","AT2G26975"
"877","AT2G27313"
"878","AT2G27505"
"879","AT2G27630"
"880","AT2G27650"
"881","AT2G27750"
"882","AT2G28140"
"883","AT2G28170"
"884","AT2G28270"
"885","AT2G28420"
"886","AT2G28500"
"887","AT2G28700"
"888","AT2G29090"
"889","AT2G29430"
"890","AT2G29470"
"891","AT2G29710"
"892","AT2G30220"
"893","AT2G30570"
"894","AT2G30690"
"895","AT2G30760"
"896","AT2G30790"
"897","AT2G30985"
"898","AT2G31220"
"899","AT2G31335"
"900","AT2G31345"
"901","AT2G31425"
"902","AT2G32050"
"903","AT2G32100"
"904","AT2G32130"
"905","AT2G32160"
"906","AT2G32275"
"907","AT2G32290"
"908","AT2G32315"
"909","AT2G32487"
"910","AT2G32620"
"911","AT2G32660"
"912","AT2G32740"
"913","AT2G32750"
"914","AT2G32795"
"915","AT2G32830"
"916","AT2G32860"
"917","AT2G32885"
"918","AT2G33000"
"919","AT2G33010"
"920","AT2G33100"
"921","AT2G33160"
"922","AT2G33230"
"923","AT2G33300"
"924","AT2G33780"
"925","AT2G34238"
"926","AT2G34320"
"927","AT2G34360"
"928","AT2G34370"
"929","AT2G34440"
"930","AT2G34850"
"931","AT2G34925"
"932","AT2G35310"
"933","AT2G35343"
"934","AT2G35384"
"935","AT2G35637"
"936","AT2G35670"
"937","AT2G35733"
"938","AT2G35747"
"939","AT2G35820"
"940","AT2G35850"
"941","AT2G35980"
"942","AT2G35990"
"943","AT2G36030"
"944","AT2G36145"
"945","AT2G36180"
"946","AT2G36295"
"947","AT2G36500"
"948","AT2G36540"
"949","AT2G36560"
"950","AT2G36660"
"951","AT2G36695"
"952","AT2G36710"
"953","AT2G36792"
"954","AT2G36800"
"955","AT2G36854"
"956","AT2G37610"
"957","AT2G37670"
"958","AT2G37720"
"959","AT2G37805"
"960","AT2G38150"
"961","AT2G38152"
"962","AT2G38220"
"963","AT2G38340"
"964","AT2G38510"
"965","AT2G38540"
"966","AT2G38750"
"967","AT2G39010"
"968","AT2G39310"
"969","AT2G39415"
"970","AT2G39470"
"971","AT2G39510"
"972","AT2G39540"
"973","AT2G39640"
"974","AT2G39980"
"975","AT2G40180"
"976","AT2G40250"
"977","AT2G40460"
"978","AT2G40670"
"979","AT2G40710"
"980","AT2G40790"
"981","AT2G40925"
"982","AT2G40955"
"983","AT2G41082"
"984","AT2G41170"
"985","AT2G41210"
"986","AT2G41312"
"987","AT2G41342"
"988","AT2G41355"
"989","AT2G41370"
"990","AT2G41451"
"991","AT2G41515"
"992","AT2G41590"
"993","AT2G42100"
"994","AT2G42200"
"995","AT2G42340"
"996","AT2G42830"
"997","AT2G42835"
"998","AT2G42865"
"999","AT2G42900"
"1000","AT2G42930"
"1001","AT2G42955"
"1002","AT2G43220"
"1003","AT2G43550"
"1004","AT2G44195"
"1005","AT2G44250"
"1006","AT2G44340"
"1007","AT2G44400"
"1008","AT2G44735"
"1009","AT2G44995"
"1010","AT2G45350"
"1011","AT2G45560"
"1012","AT2G45760"
"1013","AT2G45780"
"1014","AT2G45800"
"1015","AT2G45840"
"1016","AT2G45930"
"1017","AT2G46420"
"1018","AT2G46440"
"1019","AT2G46455"
"1020","AT2G46660"
"1021","AT2G46840"
"1022","AT2G46995"
"1023","AT2G47115"
"1024","AT2G47150"
"1025","AT2G47240"
"1026","AT2G47275"
"1027","AT2G47460"
"1028","AT2G47560"
"1029","AT2G47770"
"1030","AT2G47780"
"1031","AT2G47844"
"1032","AT2G47870"
"1033","AT2G48121"
"1034","AT2G48150"
"1035","AT3G01045"
"1036","AT3G01080"
"1037","AT3G01085"
"1038","AT3G01145"
"1039","AT3G01165"
"1040","AT3G01185"
"1041","AT3G01215"
"1042","AT3G01225"
"1043","AT3G01235"
"1044","AT3G01250"
"1045","AT3G01365"
"1046","AT3G01375"
"1047","AT3G01385"
"1048","AT3G01440"
"1049","AT3G01485"
"1050","AT3G01500"
"1051","AT3G01525"
"1052","AT3G01530"
"1053","AT3G01555"
"1054","AT3G01600"
"1055","AT3G01620"
"1056","AT3G01630"
"1057","AT3G01660"
"1058","AT3G01700"
"1059","AT3G01845"
"1060","AT3G01865"
"1061","AT3G01905"
"1062","AT3G02015"
"1063","AT3G02025"
"1064","AT3G02075"
"1065","AT3G02100"
"1066","AT3G02105"
"1067","AT3G02115"
"1068","AT3G02125"
"1069","AT3G02150"
"1070","AT3G02225"
"1071","AT3G02270"
"1072","AT3G02305"
"1073","AT3G02445"
"1074","AT3G02455"
"1075","AT3G02465"
"1076","AT3G02475"
"1077","AT3G02480"
"1078","AT3G02500"
"1079","AT3G02525"
"1080","AT3G02565"
"1081","AT3G02695"
"1082","AT3G02725"
"1083","AT3G02825"
"1084","AT3G02885"
"1085","AT3G02895"
"1086","AT3G02945"
"1087","AT3G03075"
"1088","AT3G03135"
"1089","AT3G03190"
"1090","AT3G03225"
"1091","AT3G03230"
"1092","AT3G03341"
"1093","AT3G03385"
"1094","AT3G03435"
"1095","AT3G03455"
"1096","AT3G03510"
"1097","AT3G03595"
"1098","AT3G03605"
"1099","AT3G03620"
"1100","AT3G03745"
"1101","AT3G03776"
"1102","AT3G03825"
"1103","AT3G03895"
"1104","AT3G03935"
"1105","AT3G03975"
"1106","AT3G04015"
"1107","AT3G04035"
"1108","AT3G04065"
"1109","AT3G04085"
"1110","AT3G04115"
"1111","AT3G04155"
"1112","AT3G04175"
"1113","AT3G04185"
"1114","AT3G04255"
"1115","AT3G04285"
"1116","AT3G04370"
"1117","AT3G04510"
"1118","AT3G04660"
"1119","AT3G04785"
"1120","AT3G04960"
"1121","AT3G04975"
"1122","AT3G05055"
"1123","AT3G05110"
"1124","AT3G05135"
"1125","AT3G05152"
"1126","AT3G05265"
"1127","AT3G05310"
"1128","AT3G05335"
"1129","AT3G05365"
"1130","AT3G05400"
"1131","AT3G05600"
"1132","AT3G05655"
"1133","AT3G05720"
"1134","AT3G05780"
"1135","AT3G05858"
"1136","AT3G05955"
"1137","AT3G05995"
"1138","AT3G06020"
"1139","AT3G06100"
"1140","AT3G06145"
"1141","AT3G06490"
"1142","AT3G06605"
"1143","AT3G06755"
"1144","AT3G07005"
"1145","AT3G07125"
"1146","AT3G07175"
"1147","AT3G07255"
"1148","AT3G07265"
"1149","AT3G07275"
"1150","AT3G07490"
"1151","AT3G07505"
"1152","AT3G07515"
"1153","AT3G07605"
"1154","AT3G07655"
"1155","AT3G07665"
"1156","AT3G07725"
"1157","AT3G07920"
"1158","AT3G07970"
"1159","AT3G08075"
"1160","AT3G08115"
"1161","AT3G08165"
"1162","AT3G08220"
"1163","AT3G08240"
"1164","AT3G08245"
"1165","AT3G08300"
"1166","AT3G08470"
"1167","AT3G08475"
"1168","AT3G08585"
"1169","AT3G08605"
"1170","AT3G08645"
"1171","AT3G08655"
"1172","AT3G08660"
"1173","AT3G08685"
"1174","AT3G08700"
"1175","AT3G08750"
"1176","AT3G08755"
"1177","AT3G08835"
"1178","AT3G08975"
"1179","AT3G09145"
"1180","AT3G09162"
"1181","AT3G09335"
"1182","AT3G09345"
"1183","AT3G09450"
"1184","AT3G09525"
"1185","AT3G09615"
"1186","AT3G09655"
"1187","AT3G09725"
"1188","AT3G09775"
"1189","AT3G09922"
"1190","AT3G09950"
"1191","AT3G09995"
"1192","AT3G10195"
"1193","AT3G10290"
"1194","AT3G10510"
"1195","AT3G10570"
"1196","AT3G10590"
"1197","AT3G10605"
"1198","AT3G10745"
"1199","AT3G10840"
"1200","AT3G10870"
"1201","AT3G11000"
"1202","AT3G11090"
"1203","AT3G11110"
"1204","AT3G11325"
"1205","AT3G11350"
"1206","AT3G11380"
"1207","AT3G11415"
"1208","AT3G11870"
"1209","AT3G12410"
"1210","AT3G12545"
"1211","AT3G12660"
"1212","AT3G12833"
"1213","AT3G13210"
"1214","AT3G13276"
"1215","AT3G13400"
"1216","AT3G13405"
"1217","AT3G13500"
"1218","AT3G13640"
"1219","AT3G13660"
"1220","AT3G13960"
"1221","AT3G14030"
"1222","AT3G14210"
"1223","AT3G14395"
"1224","AT3G14420"
"1225","AT3G14640"
"1226","AT3G14810"
"1227","AT3G14950"
"1228","AT3G14981"
"1229","AT3G15050"
"1230","AT3G15605"
"1231","AT3G15740"
"1232","AT3G15870"
"1233","AT3G16120"
"1234","AT3G16250"
"1235","AT3G16520"
"1236","AT3G16530"
"1237","AT3G16540"
"1238","AT3G16712"
"1239","AT3G17010"
"1240","AT3G17220"
"1241","AT3G17980"
"1242","AT3G18291"
"1243","AT3G18360"
"1244","AT3G18460"
"1245","AT3G18485"
"1246","AT3G18530"
"1247","AT3G18570"
"1248","AT3G18810"
"1249","AT3G18840"
"1250","AT3G18915"
"1251","AT3G19040"
"1252","AT3G19090"
"1253","AT3G19530"
"1254","AT3G19663"
"1255","AT3G19690"
"1256","AT3G19800"
"1257","AT3G19850"
"1258","AT3G20140"
"1259","AT3G20400"
"1260","AT3G20520"
"1261","AT3G20557"
"1262","AT3G20580"
"1263","AT3G21305"
"1264","AT3G21352"
"1265","AT3G21370"
"1266","AT3G21405"
"1267","AT3G21520"
"1268","AT3G21560"
"1269","AT3G21755"
"1270","AT3G21780"
"1271","AT3G21781"
"1272","AT3G21790"
"1273","AT3G22060"
"1274","AT3G22420"
"1275","AT3G22436"
"1276","AT3G22650"
"1277","AT3G22860"
"1278","AT3G23010"
"1279","AT3G23060"
"1280","AT3G23120"
"1281","AT3G23240"
"1282","AT3G23350"
"1283","AT3G23380"
"1284","AT3G23635"
"1285","AT3G23760"
"1286","AT3G23860"
"1287","AT3G23950"
"1288","AT3G24280"
"1289","AT3G24600"
"1290","AT3G24615"
"1291","AT3G24900"
"1292","AT3G25550"
"1293","AT3G25577"
"1294","AT3G25620"
"1295","AT3G25795"
"1296","AT3G25880"
"1297","AT3G26110"
"1298","AT3G26135"
"1299","AT3G26237"
"1300","AT3G26460"
"1301","AT3G26539"
"1302","AT3G26650"
"1303","AT3G26742"
"1304","AT3G26820"
"1305","AT3G27416"
"1306","AT3G27440"
"1307","AT3G27590"
"1308","AT3G27900"
"1309","AT3G28220"
"1310","AT3G28335"
"1311","AT3G28360"
"1312","AT3G28415"
"1313","AT3G28420"
"1314","AT3G28500"
"1315","AT3G28590"
"1316","AT3G28600"
"1317","AT3G28610"
"1318","AT3G28620"
"1319","AT3G28630"
"1320","AT3G28857"
"1321","AT3G28875"
"1322","AT3G29110"
"1323","AT3G29430"
"1324","AT3G29580"
"1325","AT3G29638"
"1326","AT3G29639"
"1327","AT3G30530"
"1328","AT3G30770"
"1329","AT3G41761"
"1330","AT3G42725"
"1331","AT3G42850"
"1332","AT3G43850"
"1333","AT3G43930"
"1334","AT3G43970"
"1335","AT3G44060"
"1336","AT3G44240"
"1337","AT3G44350"
"1338","AT3G44405"
"1339","AT3G44450"
"1340","AT3G44713"
"1341","AT3G44765"
"1342","AT3G44770"
"1343","AT3G44800"
"1344","AT3G44870"
"1345","AT3G44960"
"1346","AT3G45000"
"1347","AT3G45070"
"1348","AT3G45080"
"1349","AT3G45490"
"1350","AT3G45638"
"1351","AT3G45860"
"1352","AT3G46150"
"1353","AT3G46230"
"1354","AT3G46300"
"1355","AT3G46670"
"1356","AT3G46840"
"1357","AT3G46880"
"1358","AT3G46890"
"1359","AT3G46910"
"1360","AT3G47030"
"1361","AT3G47110"
"1362","AT3G47295"
"1363","AT3G47348"
"1364","AT3G47430"
"1365","AT3G47600"
"1366","AT3G47660"
"1367","AT3G47720"
"1368","AT3G47760"
"1369","AT3G48350"
"1370","AT3G48475"
"1371","AT3G48580"
"1372","AT3G48835"
"1373","AT3G48850"
"1374","AT3G49055"
"1375","AT3G49110"
"1376","AT3G49160"
"1377","AT3G49480"
"1378","AT3G49551"
"1379","AT3G49668"
"1380","AT3G49760"
"1381","AT3G49770"
"1382","AT3G49830"
"1383","AT3G50330"
"1384","AT3G50390"
"1385","AT3G50440"
"1386","AT3G50710"
"1387","AT3G50825"
"1388","AT3G50890"
"1389","AT3G50940"
"1390","AT3G51070"
"1391","AT3G51171"
"1392","AT3G51190"
"1393","AT3G51238"
"1394","AT3G51490"
"1395","AT3G51570"
"1396","AT3G51680"
"1397","AT3G51760"
"1398","AT3G52160"
"1399","AT3G52526"
"1400","AT3G52530"
"1401","AT3G52561"
"1402","AT3G52720"
"1403","AT3G52740"
"1404","AT3G52810"
"1405","AT3G53130"
"1406","AT3G53310"
"1407","AT3G53470"
"1408","AT3G53600"
"1409","AT3G53690"
"1410","AT3G54050"
"1411","AT3G54240"
"1412","AT3G54450"
"1413","AT3G54730"
"1414","AT3G55210"
"1415","AT3G55630"
"1416","AT3G55800"
"1417","AT3G55900"
"1418","AT3G55930"
"1419","AT3G55935"
"1420","AT3G56290"
"1421","AT3G56350"
"1422","AT3G56500"
"1423","AT3G56600"
"1424","AT3G56630"
"1425","AT3G56660"
"1426","AT3G57100"
"1427","AT3G57210"
"1428","AT3G57440"
"1429","AT3G57460"
"1430","AT3G57600"
"1431","AT3G57645"
"1432","AT3G57765"
"1433","AT3G57970"
"1434","AT3G58000"
"1435","AT3G58060"
"1436","AT3G58070"
"1437","AT3G58360"
"1438","AT3G58770"
"1439","AT3G58795"
"1440","AT3G59010"
"1441","AT3G59060"
"1442","AT3G59295"
"1443","AT3G59340"
"1444","AT3G59400"
"1445","AT3G59510"
"1446","AT3G59730"
"1447","AT3G59740"
"1448","AT3G59790"
"1449","AT3G60020"
"1450","AT3G60090"
"1451","AT3G60270"
"1452","AT3G60415"
"1453","AT3G60420"
"1454","AT3G60460"
"1455","AT3G60760"
"1456","AT3G60890"
"1457","AT3G60920"
"1458","AT3G60940"
"1459","AT3G60961"
"1460","AT3G61090"
"1461","AT3G61113"
"1462","AT3G61117"
"1463","AT3G61220"
"1464","AT3G61250"
"1465","AT3G61280"
"1466","AT3G61400"
"1467","AT3G61450"
"1468","AT3G61550"
"1469","AT3G61700"
"1470","AT3G61840"
"1471","AT3G61897"
"1472","AT3G62230"
"1473","AT3G62320"
"1474","AT3G62380"
"1475","AT3G62410"
"1476","AT3G62430"
"1477","AT3G62510"
"1478","AT3G62550"
"1479","AT3G62640"
"1480","AT3G62750"
"1481","AT3G63052"
"1482","AT3G63093"
"1483","AT3G63320"
"1484","AT3G63540"
"1485","AT3G66656"
"1486","AT4G00130"
"1487","AT4G00180"
"1488","AT4G00305"
"1489","AT4G00651"
"1490","AT4G00780"
"1491","AT4G01023"
"1492","AT4G01130"
"1493","AT4G01260"
"1494","AT4G01435"
"1495","AT4G01820"
"1496","AT4G01830"
"1497","AT4G02000"
"1498","AT4G02160"
"1499","AT4G02170"
"1500","AT4G02320"
"1501","AT4G02630"
"1502","AT4G02650"
"1503","AT4G02770"
"1504","AT4G02850"
"1505","AT4G03220"
"1506","AT4G03295"
"1507","AT4G03298"
"1508","AT4G03443"
"1509","AT4G03480"
"1510","AT4G03505"
"1511","AT4G03620"
"1512","AT4G03675"
"1513","AT4G03685"
"1514","AT4G03715"
"1515","AT4G03725"
"1516","AT4G03755"
"1517","AT4G03915"
"1518","AT4G03925"
"1519","AT4G03930"
"1520","AT4G03955"
"1521","AT4G04005"
"1522","AT4G04075"
"1523","AT4G04223"
"1524","AT4G04225"
"1525","AT4G04260"
"1526","AT4G04275"
"1527","AT4G04335"
"1528","AT4G04360"
"1529","AT4G04445"
"1530","AT4G04450"
"1531","AT4G04485"
"1532","AT4G04505"
"1533","AT4G04615"
"1534","AT4G04840"
"1535","AT4G05015"
"1536","AT4G05018"
"1537","AT4G05100"
"1538","AT4G05110"
"1539","AT4G05130"
"1540","AT4G05155"
"1541","AT4G05380"
"1542","AT4G05680"
"1543","AT4G05685"
"1544","AT4G05755"
"1545","AT4G05810"
"1546","AT4G05945"
"1547","AT4G06010"
"1548","AT4G06060"
"1549","AT4G06160"
"1550","AT4G06210"
"1551","AT4G06225"
"1552","AT4G06240"
"1553","AT4G06265"
"1554","AT4G06385"
"1555","AT4G06745"
"1556","AT4G06780"
"1557","AT4G06805"
"1558","AT4G06810"
"1559","AT4G06835"
"1560","AT4G06870"
"1561","AT4G06955"
"1562","AT4G06980"
"1563","AT4G07070"
"1564","AT4G07150"
"1565","AT4G07160"
"1566","AT4G07165"
"1567","AT4G07170"
"1568","AT4G07190"
"1569","AT4G07200"
"1570","AT4G07205"
"1571","AT4G07405"
"1572","AT4G07408"
"1573","AT4G07895"
"1574","AT4G07975"
"1575","AT4G08005"
"1576","AT4G08210"
"1577","AT4G08245"
"1578","AT4G08285"
"1579","AT4G08305"
"1580","AT4G08315"
"1581","AT4G08415"
"1582","AT4G08465"
"1583","AT4G08505"
"1584","AT4G08515"
"1585","AT4G08525"
"1586","AT4G08705"
"1587","AT4G08795"
"1588","AT4G08805"
"1589","AT4G08835"
"1590","AT4G08874"
"1591","AT4G08925"
"1592","AT4G09130"
"1593","AT4G09165"
"1594","AT4G09365"
"1595","AT4G09385"
"1596","AT4G09500"
"1597","AT4G09535"
"1598","AT4G09785"
"1599","AT4G09845"
"1600","AT4G09850"
"1601","AT4G09855"
"1602","AT4G09900"
"1603","AT4G09920"
"1604","AT4G09975"
"1605","AT4G10160"
"1606","AT4G10465"
"1607","AT4G10507"
"1608","AT4G10510"
"1609","AT4G10613"
"1610","AT4G10843"
"1611","AT4G10910"
"1612","AT4G10950"
"1613","AT4G11020"
"1614","AT4G11190"
"1615","AT4G11460"
"1616","AT4G11521"
"1617","AT4G11700"
"1618","AT4G11720"
"1619","AT4G11745"
"1620","AT4G11880"
"1621","AT4G12410"
"1622","AT4G12430"
"1623","AT4G12470"
"1624","AT4G12480"
"1625","AT4G12530"
"1626","AT4G12860"
"1627","AT4G12950"
"1628","AT4G13230"
"1629","AT4G13480"
"1630","AT4G13554"
"1631","AT4G13555"
"1632","AT4G13577"
"1633","AT4G13790"
"1634","AT4G13800"
"1635","AT4G13820"
"1636","AT4G13885"
"1637","AT4G14104"
"1638","AT4G14140"
"1639","AT4G14280"
"1640","AT4G14368"
"1641","AT4G14450"
"1642","AT4G14480"
"1643","AT4G14540"
"1644","AT4G15040"
"1645","AT4G15075"
"1646","AT4G15200"
"1647","AT4G15258"
"1648","AT4G15490"
"1649","AT4G15630"
"1650","AT4G15720"
"1651","AT4G15953"
"1652","AT4G16015"
"1653","AT4G16160"
"1654","AT4G16220"
"1655","AT4G16355"
"1656","AT4G16640"
"1657","AT4G16810"
"1658","AT4G16820"
"1659","AT4G16855"
"1660","AT4G16860"
"1661","AT4G16892"
"1662","AT4G16940"
"1663","AT4G16980"
"1664","AT4G16983"
"1665","AT4G17245"
"1666","AT4G17565"
"1667","AT4G17660"
"1668","AT4G17695"
"1669","AT4G17788"
"1670","AT4G17980"
"1671","AT4G18080"
"1672","AT4G18090"
"1673","AT4G18190"
"1674","AT4G18195"
"1675","AT4G18203"
"1676","AT4G18250"
"1677","AT4G18350"
"1678","AT4G18395"
"1679","AT4G18500"
"1680","AT4G18830"
"1681","AT4G18970"
"1682","AT4G18990"
"1683","AT4G19050"
"1684","AT4G19095"
"1685","AT4G19170"
"1686","AT4G19530"
"1687","AT4G19630"
"1688","AT4G19975"
"1689","AT4G20095"
"1690","AT4G20160"
"1691","AT4G20450"
"1692","AT4G20700"
"1693","AT4G20900"
"1694","AT4G20990"
"1695","AT4G21200"
"1696","AT4G21210"
"1697","AT4G21250"
"1698","AT4G21323"
"1699","AT4G21326"
"1700","AT4G21380"
"1701","AT4G21515"
"1702","AT4G21780"
"1703","AT4G21870"
"1704","AT4G21903"
"1705","AT4G22370"
"1706","AT4G22390"
"1707","AT4G22467"
"1708","AT4G22470"
"1709","AT4G22520"
"1710","AT4G22620"
"1711","AT4G22960"
"1712","AT4G23020"
"1713","AT4G23250"
"1714","AT4G23260"
"1715","AT4G23340"
"1716","AT4G23496"
"1717","AT4G23560"
"1718","AT4G23670"
"1719","AT4G23680"
"1720","AT4G23770"
"1721","AT4G23960"
"1722","AT4G24010"
"1723","AT4G24150"
"1724","AT4G24260"
"1725","AT4G24350"
"1726","AT4G24410"
"1727","AT4G24450"
"1728","AT4G24660"
"1729","AT4G24715"
"1730","AT4G25000"
"1731","AT4G25020"
"1732","AT4G25420"
"1733","AT4G25430"
"1734","AT4G25470"
"1735","AT4G25490"
"1736","AT4G25510"
"1737","AT4G25530"
"1738","AT4G25830"
"1739","AT4G25980"
"1740","AT4G25990"
"1741","AT4G26120"
"1742","AT4G26145"
"1743","AT4G26170"
"1744","AT4G26290"
"1745","AT4G26330"
"1746","AT4G26390"
"1747","AT4G26415"
"1748","AT4G26466"
"1749","AT4G26520"
"1750","AT4G26701"
"1751","AT4G26930"
"1752","AT4G27300"
"1753","AT4G27530"
"1754","AT4G27980"
"1755","AT4G28160"
"1756","AT4G28340"
"1757","AT4G28350"
"1758","AT4G28420"
"1759","AT4G28460"
"1760","AT4G28485"
"1761","AT4G28560"
"1762","AT4G28620"
"1763","AT4G28660"
"1764","AT4G28750"
"1765","AT4G28811"
"1766","AT4G28850"
"1767","AT4G29050"
"1768","AT4G29150"
"1769","AT4G29370"
"1770","AT4G29470"
"1771","AT4G29580"
"1772","AT4G29640"
"1773","AT4G29658"
"1774","AT4G29740"
"1775","AT4G29980"
"1776","AT4G30064"
"1777","AT4G30380"
"1778","AT4G30740"
"1779","AT4G30830"
"1780","AT4G31073"
"1781","AT4G31354"
"1782","AT4G31355"
"1783","AT4G31405"
"1784","AT4G31520"
"1785","AT4G31615"
"1786","AT4G31650"
"1787","AT4G31710"
"1788","AT4G31740"
"1789","AT4G31805"
"1790","AT4G31830"
"1791","AT4G31940"
"1792","AT4G32500"
"1793","AT4G32535"
"1794","AT4G32580"
"1795","AT4G33290"
"1796","AT4G33390"
"1797","AT4G33585"
"1798","AT4G33970"
"1799","AT4G34060"
"1800","AT4G34071"
"1801","AT4G34080"
"1802","AT4G34210"
"1803","AT4G34332"
"1804","AT4G34380"
"1805","AT4G34400"
"1806","AT4G34470"
"1807","AT4G34550"
"1808","AT4G34850"
"1809","AT4G35010"
"1810","AT4G35160"
"1811","AT4G35295"
"1812","AT4G35430"
"1813","AT4G35520"
"1814","AT4G35783"
"1815","AT4G36070"
"1816","AT4G36170"
"1817","AT4G36220"
"1818","AT4G36280"
"1819","AT4G36740"
"1820","AT4G36795"
"1821","AT4G36870"
"1822","AT4G36950"
"1823","AT4G37050"
"1824","AT4G37060"
"1825","AT4G37095"
"1826","AT4G37150"
"1827","AT4G37230"
"1828","AT4G37295"
"1829","AT4G37310"
"1830","AT4G37682"
"1831","AT4G37700"
"1832","AT4G37760"
"1833","AT4G37780"
"1834","AT4G37810"
"1835","AT4G37860"
"1836","AT4G37950"
"1837","AT4G38070"
"1838","AT4G38092"
"1839","AT4G38213"
"1840","AT4G38310"
"1841","AT4G38420"
"1842","AT4G39110"
"1843","AT4G39130"
"1844","AT4G39360"
"1845","AT4G39361"
"1846","AT4G39510"
"1847","AT4G39610"
"1848","AT4G39753"
"1849","AT5G00750"
"1850","AT5G00755"
"1851","AT5G00825"
"1852","AT5G00835"
"1853","AT5G00845"
"1854","AT5G00860"
"1855","AT5G00865"
"1856","AT5G00880"
"1857","AT5G00920"
"1858","AT5G00975"
"1859","AT5G00985"
"1860","AT5G01015"
"1861","AT5G01017"
"1862","AT5G01075"
"1863","AT5G01165"
"1864","AT5G01195"
"1865","AT5G01225"
"1866","AT5G01300"
"1867","AT5G01540"
"1868","AT5G01542"
"1869","AT5G01545"
"1870","AT5G01550"
"1871","AT5G01555"
"1872","AT5G01595"
"1873","AT5G01660"
"1874","AT5G01675"
"1875","AT5G01760"
"1876","AT5G01785"
"1877","AT5G01790"
"1878","AT5G01795"
"1879","AT5G02085"
"1880","AT5G02125"
"1881","AT5G02170"
"1882","AT5G02210"
"1883","AT5G02305"
"1884","AT5G02325"
"1885","AT5G02390"
"1886","AT5G02415"
"1887","AT5G02425"
"1888","AT5G02515"
"1889","AT5G02540"
"1890","AT5G02665"
"1891","AT5G02715"
"1892","AT5G02720"
"1893","AT5G02795"
"1894","AT5G02875"
"1895","AT5G02900"
"1896","AT5G03085"
"1897","AT5G03130"
"1898","AT5G03175"
"1899","AT5G03195"
"1900","AT5G03204"
"1901","AT5G03265"
"1902","AT5G03390"
"1903","AT5G03475"
"1904","AT5G03495"
"1905","AT5G03580"
"1906","AT5G03620"
"1907","AT5G03790"
"1908","AT5G03955"
"1909","AT5G03965"
"1910","AT5G04005"
"1911","AT5G04010"
"1912","AT5G04055"
"1913","AT5G04175"
"1914","AT5G04180"
"1915","AT5G04238"
"1916","AT5G04415"
"1917","AT5G04630"
"1918","AT5G04700"
"1919","AT5G04790"
"1920","AT5G05070"
"1921","AT5G05350"
"1922","AT5G05490"
"1923","AT5G05545"
"1924","AT5G05735"
"1925","AT5G06010"
"1926","AT5G06090"
"1927","AT5G06155"
"1928","AT5G06205"
"1929","AT5G06245"
"1930","AT5G06295"
"1931","AT5G06385"
"1932","AT5G06465"
"1933","AT5G06615"
"1934","AT5G06755"
"1935","AT5G06790"
"1936","AT5G06820"
"1937","AT5G06845"
"1938","AT5G06870"
"1939","AT5G06885"
"1940","AT5G07050"
"1941","AT5G07055"
"1942","AT5G07095"
"1943","AT5G07115"
"1944","AT5G07165"
"1945","AT5G07265"
"1946","AT5G07280"
"1947","AT5G07445"
"1948","AT5G07550"
"1949","AT5G07735"
"1950","AT5G07745"
"1951","AT5G07875"
"1952","AT5G07885"
"1953","AT5G07905"
"1954","AT5G07985"
"1955","AT5G07990"
"1956","AT5G07995"
"1957","AT5G08141"
"1958","AT5G08185"
"1959","AT5G08210"
"1960","AT5G08235"
"1961","AT5G08275"
"1962","AT5G08445"
"1963","AT5G08615"
"1964","AT5G08760"
"1965","AT5G08865"
"1966","AT5G08870"
"1967","AT5G08885"
"1968","AT5G08930"
"1969","AT5G08955"
"1970","AT5G08975"
"1971","AT5G08990"
"1972","AT5G09065"
"1973","AT5G09090"
"1974","AT5G09125"
"1975","AT5G09150"
"1976","AT5G09185"
"1977","AT5G09190"
"1978","AT5G09295"
"1979","AT5G09305"
"1980","AT5G09320"
"1981","AT5G09360"
"1982","AT5G09385"
"1983","AT5G09395"
"1984","AT5G09415"
"1985","AT5G09610"
"1986","AT5G09635"
"1987","AT5G09640"
"1988","AT5G09700"
"1989","AT5G09711"
"1990","AT5G09765"
"1991","AT5G09785"
"1992","AT5G09845"
"1993","AT5G09930"
"1994","AT5G09976"
"1995","AT5G10040"
"1996","AT5G10150"
"1997","AT5G10220"
"1998","AT5G10336"
"1999","AT5G10570"
"2000","AT5G10572"
"2001","AT5G10590"
"2002","AT5G10660"
"2003","AT5G11060"
"2004","AT5G11360"
"2005","AT5G11400"
"2006","AT5G11570"
"2007","AT5G11820"
"2008","AT5G11930"
"2009","AT5G12043"
"2010","AT5G12180"
"2011","AT5G12380"
"2012","AT5G12450"
"2013","AT5G13130"
"2014","AT5G13225"
"2015","AT5G13730"
"2016","AT5G13940"
"2017","AT5G14160"
"2018","AT5G14275"
"2019","AT5G14290"
"2020","AT5G14345"
"2021","AT5G14370"
"2022","AT5G14650"
"2023","AT5G15140"
"2024","AT5G15250"
"2025","AT5G15430"
"2026","AT5G15533"
"2027","AT5G15537"
"2028","AT5G15581"
"2029","AT5G15720"
"2030","AT5G15725"
"2031","AT5G15800"
"2032","AT5G15843"
"2033","AT5G15845"
"2034","AT5G15850"
"2035","AT5G15970"
"2036","AT5G16030"
"2037","AT5G16080"
"2038","AT5G16330"
"2039","AT5G16350"
"2040","AT5G16410"
"2041","AT5G16453"
"2042","AT5G16740"
"2043","AT5G17150"
"2044","AT5G17165"
"2045","AT5G17200"
"2046","AT5G17500"
"2047","AT5G17523"
"2048","AT5G17780"
"2049","AT5G18090"
"2050","AT5G18180"
"2051","AT5G18300"
"2052","AT5G18340"
"2053","AT5G18730"
"2054","AT5G18735"
"2055","AT5G18840"
"2056","AT5G18890"
"2057","AT5G18910"
"2058","AT5G19170"
"2059","AT5G19360"
"2060","AT5G19410"
"2061","AT5G19473"
"2062","AT5G19580"
"2063","AT5G19595"
"2064","AT5G19650"
"2065","AT5G20220"
"2066","AT5G20225"
"2067","AT5G20310"
"2068","AT5G20430"
"2069","AT5G20470"
"2070","AT5G20690"
"2071","AT5G20860"
"2072","AT5G20935"
"2073","AT5G21100"
"2074","AT5G21130"
"2075","AT5G22430"
"2076","AT5G22540"
"2077","AT5G22545"
"2078","AT5G22794"
"2079","AT5G22796"
"2080","AT5G22799"
"2081","AT5G22810"
"2082","AT5G22860"
"2083","AT5G23160"
"2084","AT5G23240"
"2085","AT5G23480"
"2086","AT5G24080"
"2087","AT5G24140"
"2088","AT5G24280"
"2089","AT5G24355"
"2090","AT5G24510"
"2091","AT5G24550"
"2092","AT5G24780"
"2093","AT5G24920"
"2094","AT5G25470"
"2095","AT5G25750"
"2096","AT5G25755"
"2097","AT5G26190"
"2098","AT5G26620"
"2099","AT5G26950"
"2100","AT5G27020"
"2101","AT5G27060"
"2102","AT5G27093"
"2103","AT5G27220"
"2104","AT5G27300"
"2105","AT5G27765"
"2106","AT5G27910"
"2107","AT5G27980"
"2108","AT5G28030"
"2109","AT5G28340"
"2110","AT5G28370"
"2111","AT5G28510"
"2112","AT5G28520"
"2113","AT5G32460"
"2114","AT5G33330"
"2115","AT5G33399"
"2116","AT5G34871"
"2117","AT5G35380"
"2118","AT5G36000"
"2119","AT5G36110"
"2120","AT5G36670"
"2121","AT5G36907"
"2122","AT5G36960"
"2123","AT5G36970"
"2124","AT5G37247"
"2125","AT5G37250"
"2126","AT5G37410"
"2127","AT5G37490"
"2128","AT5G37550"
"2129","AT5G37620"
"2130","AT5G37760"
"2131","AT5G37980"
"2132","AT5G38386"
"2133","AT5G38565"
"2134","AT5G38747"
"2135","AT5G38820"
"2136","AT5G38865"
"2137","AT5G39090"
"2138","AT5G39220"
"2139","AT5G39260"
"2140","AT5G39330"
"2141","AT5G39400"
"2142","AT5G39420"
"2143","AT5G39493"
"2144","AT5G39635"
"2145","AT5G39720"
"2146","AT5G39760"
"2147","AT5G40040"
"2148","AT5G40060"
"2149","AT5G40316"
"2150","AT5G40800"
"2151","AT5G41460"
"2152","AT5G41540"
"2153","AT5G41663"
"2154","AT5G41730"
"2155","AT5G41740"
"2156","AT5G41765"
"2157","AT5G41908"
"2158","AT5G42120"
"2159","AT5G42680"
"2160","AT5G42840"
"2161","AT5G43068"
"2162","AT5G43155"
"2163","AT5G43470"
"2164","AT5G43590"
"2165","AT5G43640"
"2166","AT5G43650"
"2167","AT5G43740"
"2168","AT5G43770"
"2169","AT5G43840"
"2170","AT5G43980"
"2171","AT5G44065"
"2172","AT5G44316"
"2173","AT5G44390"
"2174","AT5G44495"
"2175","AT5G44570"
"2176","AT5G44590"
"2177","AT5G44700"
"2178","AT5G44850"
"2179","AT5G45090"
"2180","AT5G45120"
"2181","AT5G45150"
"2182","AT5G45240"
"2183","AT5G45450"
"2184","AT5G45680"
"2185","AT5G45770"
"2186","AT5G46130"
"2187","AT5G46140"
"2188","AT5G46270"
"2189","AT5G46370"
"2190","AT5G46380"
"2191","AT5G46440"
"2192","AT5G46490"
"2193","AT5G46660"
"2194","AT5G46670"
"2195","AT5G46770"
"2196","AT5G46880"
"2197","AT5G47350"
"2198","AT5G47670"
"2199","AT5G47800"
"2200","AT5G48000"
"2201","AT5G48010"
"2202","AT5G48390"
"2203","AT5G48400"
"2204","AT5G48410"
"2205","AT5G48550"
"2206","AT5G48850"
"2207","AT5G48890"
"2208","AT5G49070"
"2209","AT5G49305"
"2210","AT5G49630"
"2211","AT5G49780"
"2212","AT5G49860"
"2213","AT5G49920"
"2214","AT5G50335"
"2215","AT5G50640"
"2216","AT5G50700"
"2217","AT5G50940"
"2218","AT5G51174"
"2219","AT5G51530"
"2220","AT5G51870"
"2221","AT5G51915"
"2222","AT5G51920"
"2223","AT5G51950"
"2224","AT5G52100"
"2225","AT5G52190"
"2226","AT5G52290"
"2227","AT5G52300"
"2228","AT5G52350"
"2229","AT5G52480"
"2230","AT5G52600"
"2231","AT5G52780"
"2232","AT5G52940"
"2233","AT5G53048"
"2234","AT5G53700"
"2235","AT5G53895"
"2236","AT5G53950"
"2237","AT5G54035"
"2238","AT5G54070"
"2239","AT5G54095"
"2240","AT5G54550"
"2241","AT5G54610"
"2242","AT5G54710"
"2243","AT5G54990"
"2244","AT5G55150"
"2245","AT5G55270"
"2246","AT5G55370"
"2247","AT5G55450"
"2248","AT5G55460"
"2249","AT5G55507"
"2250","AT5G55590"
"2251","AT5G55740"
"2252","AT5G56510"
"2253","AT5G56700"
"2254","AT5G56810"
"2255","AT5G56840"
"2256","AT5G56880"
"2257","AT5G56960"
"2258","AT5G57260"
"2259","AT5G57567"
"2260","AT5G58260"
"2261","AT5G58310"
"2262","AT5G58630"
"2263","AT5G58770"
"2264","AT5G59190"
"2265","AT5G59340"
"2266","AT5G59660"
"2267","AT5G59670"
"2268","AT5G59720"
"2269","AT5G59860"
"2270","AT5G60142"
"2271","AT5G60180"
"2272","AT5G60215"
"2273","AT5G60260"
"2274","AT5G60780"
"2275","AT5G60830"
"2276","AT5G61290"
"2277","AT5G61412"
"2278","AT5G61430"
"2279","AT5G62110"
"2280","AT5G62140"
"2281","AT5G62210"
"2282","AT5G62250"
"2283","AT5G62320"
"2284","AT5G62420"
"2285","AT5G63070"
"2286","AT5G63340"
"2287","AT5G63580"
"2288","AT5G63625"
"2289","AT5G63750"
"2290","AT5G63820"
"2291","AT5G64110"
"2292","AT5G64190"
"2293","AT5G64210"
"2294","AT5G64450"
"2295","AT5G64490"
"2296","AT5G64540"
"2297","AT5G64687"
"2298","AT5G64700"
"2299","AT5G64870"
"2300","AT5G64990"
"2301","AT5G65130"
"2302","AT5G65140"
"2303","AT5G65158"
"2304","AT5G65225"
"2305","AT5G65320"
"2306","AT5G65550"
"2307","AT5G65800"
"2308","AT5G65890"
"2309","AT5G66520"
"2310","AT5G66595"
"2311","AT5G66620"
"2312","AT5G66660"
"2313","AT5G66740"
"2314","AT5G66890"
"2315","AT5G67020"
"2316","AT5G67180"
"2317","ATCG00050"
"2318","ATCG00065"
"2319","ATCG00080"
"2320","ATCG00090"
"2321","ATCG00110"
"2322","ATCG00320"
"2323","ATCG00570"
"2324","ATCG00590"
"2325","ATCG00630"
"2326","ATCG00710"
"2327","ATCG00760"
"2328","ATCG00870"
"2329","ATCG00960"
"2330","ATCG00970"
"2331","ATCG01060"
"2332","ATCG01160"
"2333","ATCG01170"
"2334","ATCG01270"
"2335","ATMG00040"
"2336","ATMG00050"
"2337","ATMG00120"
"2338","ATMG00130"
"2339","ATMG00140"
"2340","ATMG00150"
"2341","ATMG00170"
"2342","ATMG00200"
"2343","ATMG00260"
"2344","ATMG00280"
"2345","ATMG00300"
"2346","ATMG00310"
"2347","ATMG00320"
"2348","ATMG00370"
"2349","ATMG00400"
"2350","ATMG00470"
"2351","ATMG00530"
"2352","ATMG00610"
"2353","ATMG00620"
"2354","ATMG00630"
"2355","ATMG00770"
"2356","ATMG00820"
"2357","ATMG00840"
"2358","ATMG00860"
"2359","ATMG00870"
"2360","ATMG00880"
"2361","ATMG00890"
"2362","ATMG00940"
"2363","ATMG00970"
"2364","ATMG01020"
"2365","ATMG01040"
"2366","ATMG01110"
"2367","ATMG01230"
"2368","ATMG01240"
"2369","ATMG01250"
"2370","ATMG01260"
"2371","ATMG01350"
"2372","ATMG01400"
"2373","ATMG01410"
