"","X","col_GC_c1.which.mclass....1...1."
"3529",3529,"AT5G51710"
"648",648,"AT1G55475"
"2769",2769,"AT4G30090"
"537",537,"AT1G48040"
"2385",2385,"AT4G02260"
"1948",1948,"AT3G24090"
"1032",1032,"AT1G80640"
"2144",2144,"AT3G50220"
"248",248,"AT1G13970"
"170",170,"AT1G09320"
"313",313,"AT1G18300"
"270",270,"AT1G15820"
"3458",3458,"AT5G47530"
"2225",2225,"AT3G55550"
"3694",3694,"AT5G61810"
"2178",2178,"AT3G52115"
"708",708,"AT1G61430"
"1250",1250,"AT2G24592"
"664",664,"AT1G57790"
"746",746,"AT1G63520"
"840",840,"AT1G69200"
"1773",1773,"AT3G10440"
"3145",3145,"AT5G17050"
"71",71,"AT1G04773"
"94",94,"AT1G05770"
"2567",2567,"AT4G16980"
"2861",2861,"AT4G36840"
"14",14,"AT1G01790"
"1786",1786,"AT3G11580"
"2805",2805,"AT4G32450"
"3258",3258,"AT5G25110"
"849",849,"AT1G69800"
"79",79,"AT1G05280"
"114",114,"AT1G06787"
"1229",1229,"AT2G23290"
"1650",1650,"AT3G02535"
"3218",3218,"AT5G22690"
"488",488,"AT1G33280"
"972",972,"AT1G76580"
"1496",1496,"AT2G40810"
"2195",2195,"AT3G53510"
"569",569,"AT1G49910"
"3652",3652,"AT5G59250"
"3139",3139,"AT5G16320"
"503",503,"AT1G35560"
"2340",2340,"AT3G63510"
"1547",1547,"AT2G43560"
"335",335,"AT1G19700"
"3507",3507,"AT5G50780"
"2445",2445,"AT4G09060"
"2693",2693,"AT4G25090"
"2780",2780,"AT4G30700"
"2524",2524,"AT4G14490"
"3120",3120,"AT5G15025"
"3330",3330,"AT5G38550"
"3565",3565,"AT5G54030"
"526",526,"AT1G45163"
"133",133,"AT1G07730"
"1601",1601,"AT2G46915"
"2074",2074,"AT3G46950"
"2786",2786,"AT4G31050"
"2024",2024,"AT3G32030"
"2791",2791,"AT4G31270"
"2595",2595,"AT4G18820"
"1003",1003,"AT1G78540"
"1664",1664,"AT3G03535"
"723",723,"AT1G62200"
"2989",2989,"AT5G05130"
"3030",3030,"AT5G07580"
"1708",1708,"AT3G06290"
"2596",2596,"AT4G18910"
"2853",2853,"AT4G36160"
"1893",1893,"AT3G18880"
"3295",3295,"AT5G35170"
"2946",2946,"AT5G02360"
"1002",1002,"AT1G78510"
"1663",1663,"AT3G03505"
"2442",2442,"AT4G08815"
"2378",2378,"AT4G01920"
"171",171,"AT1G09390"
"408",408,"AT1G27070"
"3216",3216,"AT5G22608"
"2756",2756,"AT4G29190"
"2624",2624,"AT4G20840"
"2090",2090,"AT3G47700"
"1504",1504,"AT2G41330"
"1770",1770,"AT3G10300"
"3078",3078,"AT5G10605"
"3679",3679,"AT5G61040"
"983",983,"AT1G77400"
"718",718,"AT1G62010"
"3595",3595,"AT5G55680"
"272",272,"AT1G15885"
"141",141,"AT1G07910"
"3484",3484,"AT5G48790"
"2151",2151,"AT3G50460"
"1514",1514,"AT2G42130"
"2833",2833,"AT4G34480"
"1483",1483,"AT2G39730"
"2692",2692,"AT4G25070"
"2237",2237,"AT3G56320"
"845",845,"AT1G69550"
"2182",2182,"AT3G52450"
"269",269,"AT1G15730"
"3180",3180,"AT5G19160"
"3013",3013,"AT5G06740"
"29",29,"AT1G02910"
"3677",3677,"AT5G60870"
"2856",2856,"AT4G36550"
"102",102,"AT1G06287"
"2189",2189,"AT3G52840"
"3794",3794,"ATMG00070"
"296",296,"AT1G17590"
"3406",3406,"AT5G43730"
"3478",3478,"AT5G48570"
"1462",1462,"AT2G38110"
"1300",1300,"AT2G28830"
"1295",1295,"AT2G28400"
"42",42,"AT1G03660"
"3598",3598,"AT5G55830"
"935",935,"AT1G73860"
"3492",3492,"AT5G49410"
"2099",2099,"AT3G48110"
"2677",2677,"AT4G24020"
"2664",2664,"AT4G23190"
"1810",1810,"AT3G13980"
"3275",3275,"AT5G26770"
"2935",2935,"AT5G02000"
"1154",1154,"AT2G17880"
"2324",2324,"AT3G62080"
"17",17,"AT1G01970"
"2640",2640,"AT4G21534"
"211",211,"AT1G11710"
"1612",1612,"AT2G47530"
"2712",2712,"AT4G26070"
"823",823,"AT1G68330"
"3684",3684,"AT5G61360"
"2252",2252,"AT3G57750"
"2628",2628,"AT4G21065"
"3548",3548,"AT5G53010"
"1454",1454,"AT2G37890"
"3479",3479,"AT5G48620"
"2810",2810,"AT4G32790"
"1905",1905,"AT3G19615"
"1332",1332,"AT2G30945"
"3483",3483,"AT5G48775"
"3270",3270,"AT5G26160"
"3154",3154,"AT5G17670"
"490",490,"AT1G33390"
"74",74,"AT1G05060"
"1722",1722,"AT3G07060"
"3319",3319,"AT5G38040"
"863",863,"AT1G70470"
"1280",1280,"AT2G27060"
"2870",2870,"AT4G37580"
"3793",3793,"ATCG01230"
"560",560,"AT1G49205"
"2852",2852,"AT4G36150"
"2487",2487,"AT4G12240"
"3203",3203,"AT5G20970"
"66",66,"AT1G04647"
"1004",1004,"AT1G78550"
"491",491,"AT1G33475"
"806",806,"AT1G67510"
"2229",2229,"AT3G55820"
"3023",3023,"AT5G07130"
"2283",2283,"AT3G59700"
"2193",2193,"AT3G53390"
"3503",3503,"AT5G50340"
"447",447,"AT1G29800"
"151",151,"AT1G08400"
"1563",1563,"AT2G44760"
"2868",2868,"AT4G37445"
"2263",2263,"AT3G58690"
"2319",2319,"AT3G61830"
"2458",2458,"AT4G10500"
"407",407,"AT1G27060"
"847",847,"AT1G69670"
"1932",1932,"AT3G22450"
"540",540,"AT1G48280"
"1344",1344,"AT2G31600"
"3240",3240,"AT5G24230"
"3475",3475,"AT5G48370"
"1541",1541,"AT2G43200"
"1021",1021,"AT1G79600"
"1190",1190,"AT2G20560"
"3273",3273,"AT5G26720"
"2545",2545,"AT4G15430"
"3129",3129,"AT5G15870"
"2614",2614,"AT4G19985"
"3689",3689,"AT5G61460"
"3789",3789,"ATCG00905"
"1352",1352,"AT2G32010"
"1993",1993,"AT3G27480"
"3456",3456,"AT5G47440"
"1061",1061,"AT2G03060"
"1391",1391,"AT2G34380"
"1500",1500,"AT2G41040"
"1998",1998,"AT3G27880"
"1150",1150,"AT2G17695"
"1954",1954,"AT3G24460"
"3634",3634,"AT5G57980"
"842",842,"AT1G69310"
"498",498,"AT1G34340"
"1836",1836,"AT3G15510"
"2971",2971,"AT5G03780"
"1381",1381,"AT2G33680"
"1110",1110,"AT2G08435"
"3619",3619,"AT5G57190"
"2544",2544,"AT4G15417"
"3511",3511,"AT5G50930"
"1777",1777,"AT3G10660"
"400",400,"AT1G26530"
"583",583,"AT1G51220"
"658",658,"AT1G56310"
"3158",3158,"AT5G17850"
"527",527,"AT1G45165"
"2679",2679,"AT4G24040"
"383",383,"AT1G24300"
"1665",1665,"AT3G03630"
"1379",1379,"AT2G33580"
"275",275,"AT1G16150"
"1490",1490,"AT2G40230"
"2399",2399,"AT4G03230"
"330",330,"AT1G19290"
"1241",1241,"AT2G24120"
"683",683,"AT1G60505"
"3663",3663,"AT5G60022"
"358",358,"AT1G21890"
"1669",1669,"AT3G03702"
"2762",2762,"AT4G29590"
"2504",2504,"AT4G12980"
"3554",3554,"AT5G53220"
"2725",2725,"AT4G27240"
"2525",2525,"AT4G14548"
"2602",2602,"AT4G19420"
"2270",2270,"AT3G58940"
"2258",2258,"AT3G58270"
"2247",2247,"AT3G57160"
"3742",3742,"AT5G65170"
"1689",1689,"AT3G04860"
"963",963,"AT1G75590"
"416",416,"AT1G27420"
"1192",1192,"AT2G20710"
"2890",2890,"AT4G39190"
"1502",1502,"AT2G41290"
"427",427,"AT1G28380"
"2700",2700,"AT4G25440"
"3021",3021,"AT5G07070"
"1441",1441,"AT2G37430"
"820",820,"AT1G68080"
"2647",2647,"AT4G21910"
"1953",1953,"AT3G24430"
"1867",1867,"AT3G17710"
"1975",1975,"AT3G26070"
"1182",1182,"AT2G20210"
"252",252,"AT1G14280"
"202",202,"AT1G10960"
"1131",1131,"AT2G14660"
"2881",2881,"AT4G38330"
"811",811,"AT1G67710"
"452",452,"AT1G30280"
"1316",1316,"AT2G30010"
"2232",2232,"AT3G56000"
"1309",1309,"AT2G29525"
"305",305,"AT1G18030"
"531",531,"AT1G47056"
"1927",1927,"AT3G21580"
"2026",2026,"AT3G33528"
"3705",3705,"AT5G62380"
"3745",3745,"AT5G65400"
"1744",1744,"AT3G08505"
"1734",1734,"AT3G07700"
"2153",2153,"AT3G50700"
"3324",3324,"AT5G38150"
"1313",1313,"AT2G29680"
"1209",1209,"AT2G21840"
"918",918,"AT1G73300"
"1151",1151,"AT2G17730"
"3309",3309,"AT5G36870"
"1372",1372,"AT2G33290"
"2787",2787,"AT4G31210"
"2246",2246,"AT3G57157"
"2289",2289,"AT3G60070"
"1505",1505,"AT2G41380"
"1532",1532,"AT2G42950"
"1782",1782,"AT3G11430"
"3193",3193,"AT5G20030"
"3111",3111,"AT5G14480"
"1374",1374,"AT2G33385"
"3419",3419,"AT5G44574"
"187",187,"AT1G10050"
"3403",3403,"AT5G43403"
"1414",1414,"AT2G35710"
"1492",1492,"AT2G40370"
"1260",1260,"AT2G25220"
"894",894,"AT1G72190"
"1508",1508,"AT2G41670"
"1535",1535,"AT2G43050"
"3682",3682,"AT5G61280"
"197",197,"AT1G10520"
"26",26,"AT1G02400"
"871",871,"AT1G70700"
"2489",2489,"AT4G12270"
"520",520,"AT1G44160"
"116",116,"AT1G06910"
"2354",2354,"AT4G00690"
"891",891,"AT1G71930"
"1159",1159,"AT2G18465"
"3533",3533,"AT5G51920"
"3513",3513,"AT5G51050"
"1885",1885,"AT3G18670"
"2874",2874,"AT4G37850"
"1439",1439,"AT2G37360"
"3002",3002,"AT5G05940"
"3075",3075,"AT5G10440"
"3612",3612,"AT5G56780"
"836",836,"AT1G68862"
"3526",3526,"AT5G51540"
"1135",1135,"AT2G15400"
"1469",1469,"AT2G38530"
"984",984,"AT1G77460"
"1207",1207,"AT2G21800"
"533",533,"AT1G47340"
"1256",1256,"AT2G24960"
"1627",1627,"AT3G01475"
"2109",2109,"AT3G48470"
"2655",2655,"AT4G22758"
"2961",2961,"AT5G03110"
"2004",2004,"AT3G28100"
"1855",1855,"AT3G16410"
"1306",1306,"AT2G29065"
"542",542,"AT1G48370"
"1946",1946,"AT3G23700"
"2721",2721,"AT4G26795"
"1888",1888,"AT3G18730"
"3802",3802,"ATMG00730"
"1244",1244,"AT2G24250"
"3591",3591,"AT5G55490"
"1345",1345,"AT2G31650"
"1394",1394,"AT2G34650"
"1646",1646,"AT3G02410"
"1517",1517,"AT2G42260"
"300",300,"AT1G17744"
"2532",2532,"AT4G14940"
"10",10,"AT1G01500"
"2804",2804,"AT4G32430"
"3616",3616,"AT5G57050"
"3332",3332,"AT5G39050"
"2170",2170,"AT3G51600"
"989",989,"AT1G77600"
"183",183,"AT1G09900"
"1666",1666,"AT3G03640"
"1200",1200,"AT2G21350"
"1915",1915,"AT3G20720"
"1243",1243,"AT2G24190"
"1118",1118,"AT2G11225"
"1873",1873,"AT3G18090"
"2362",2362,"AT4G00955"
"3739",3739,"AT5G64950"
"1109",1109,"AT2G08000"
"1589",1589,"AT2G46310"
"2710",2710,"AT4G25910"
"422",422,"AT1G27880"
"2888",2888,"AT4G38910"
"1578",1578,"AT2G45740"
"643",643,"AT1G55365"
"2562",2562,"AT4G16620"
"3072",3072,"AT5G10320"
"261",261,"AT1G15010"
"713",713,"AT1G61667"
"1834",1834,"AT3G15356"
"2823",2823,"AT4G33980"
"1079",1079,"AT2G04620"
"3373",3373,"AT5G41360"
"64",64,"AT1G04425"
"1218",1218,"AT2G22730"
"3229",3229,"AT5G23570"
"1632",1632,"AT3G01680"
"1712",1712,"AT3G06480"
"3572",3572,"AT5G54260"
"2547",2547,"AT4G15510"
"1835",1835,"AT3G15390"
"2428",2428,"AT4G05815"
"1333",1333,"AT2G30960"
"1489",1489,"AT2G40150"
"2938",2938,"AT5G02070"
"1925",1925,"AT3G21351"
"1052",1052,"AT2G02150"
"1334",1334,"AT2G31010"
"973",973,"AT1G76740"
"2654",2654,"AT4G22710"
"1837",1837,"AT3G15518"
"1870",1870,"AT3G17920"
"2734",2734,"AT4G27630"
"2484",2484,"AT4G12020"
"3446",3446,"AT5G46390"
"588",588,"AT1G51402"
"3112",3112,"AT5G14510"
"2018",2018,"AT3G29300"
"507",507,"AT1G36940"
"2539",2539,"AT4G15310"
"574",574,"AT1G50360"
"1784",1784,"AT3G11470"
"1436",1436,"AT2G37260"
"2116",2116,"AT3G48800"
"2980",2980,"AT5G04460"
"1570",1570,"AT2G45100"
"193",193,"AT1G10320"
"1346",1346,"AT2G31730"
"1772",1772,"AT3G10320"
"3729",3729,"AT5G64530"
"1254",1254,"AT2G24700"
"3060",3060,"AT5G09420"
"2173",2173,"AT3G51860"
"3500",3500,"AT5G50280"
"1965",1965,"AT3G25480"
"3191",3191,"AT5G19840"
"3541",3541,"AT5G52545"
"711",711,"AT1G61560"
"3037",3037,"AT5G07820"
"2014",2014,"AT3G28850"
"3472",3472,"AT5G48220"
"1278",1278,"AT2G26870"
"3756",3756,"AT5G66450"
"2699",2699,"AT4G25410"
"1995",1995,"AT3G27630"
"3004",3004,"AT5G06220"
"3628",3628,"AT5G57760"
"666",666,"AT1G58160"
"3719",3719,"AT5G63590"
"3680",3680,"AT5G61190"
"2503",2503,"AT4G12910"
"2575",2575,"AT4G17740"
"1128",1128,"AT2G14050"
"1257",1257,"AT2G25000"
"2772",2772,"AT4G30270"
"3734",3734,"AT5G64780"
"3208",3208,"AT5G21910"
"2523",2523,"AT4G14390"
"1546",1546,"AT2G43500"
"1973",1973,"AT3G25970"
"1573",1573,"AT2G45360"
"3096",3096,"AT5G11650"
"3653",3653,"AT5G59400"
"948",948,"AT1G74470"
"2298",2298,"AT3G60510"
"896",896,"AT1G72240"
"299",299,"AT1G17665"
"221",221,"AT1G12380"
"2658",2658,"AT4G22900"
"545",545,"AT1G48540"
"1419",1419,"AT2G36000"
"2933",2933,"AT5G01900"
"150",150,"AT1G08387"
"2900",2900,"AT4G39790"
"3736",3736,"AT5G64890"
"2716",2716,"AT4G26288"
"1903",1903,"AT3G19553"
"1014",1014,"AT1G79220"
"2878",2878,"AT4G38050"
"2103",2103,"AT3G48250"
"1000",1000,"AT1G78140"
"1733",1733,"AT3G07670"
"1224",1224,"AT2G22920"
"3596",3596,"AT5G55760"
"3340",3340,"AT5G39790"
"762",762,"AT1G64810"
"1340",1340,"AT2G31260"
"1213",1213,"AT2G22260"
"253",253,"AT1G14370"
"214",214,"AT1G11915"
"402",402,"AT1G26700"
"2672",2672,"AT4G23670"
"3088",3088,"AT5G11300"
"3001",3001,"AT5G05870"
"8",8,"AT1G01220"
"3333",3333,"AT5G39350"
"220",220,"AT1G12370"
"342",342,"AT1G20470"
"2454",2454,"AT4G10350"
"1959",1959,"AT3G24575"
"3144",3144,"AT5G16990"
"2828",2828,"AT4G34220"
"598",598,"AT1G52080"
"2822",2822,"AT4G33950"
"1843",1843,"AT3G15780"
"623",623,"AT1G53950"
"940",940,"AT1G74120"
"1138",1138,"AT2G15730"
"866",866,"AT1G70518"
"3470",3470,"AT5G48170"
"464",464,"AT1G30810"
"257",257,"AT1G14590"
"147",147,"AT1G08280"
"2",2,"AT1G01040"
"3435",3435,"AT5G45380"
"3700",3700,"AT5G62020"
"12",12,"AT1G01610"
"3568",3568,"AT5G54130"
"960",960,"AT1G75060"
"1812",1812,"AT3G14070"
"1317",1317,"AT2G30040"
"2100",2100,"AT3G48120"
"2312",2312,"AT3G61400"
"3374",3374,"AT5G41380"
"2303",2303,"AT3G60720"
"2722",2722,"AT4G26965"
"3434",3434,"AT5G45340"
"3061",3061,"AT5G09535"
"2326",2326,"AT3G62100"
"2107",2107,"AT3G48440"
"3065",3065,"AT5G09670"
"3489",3489,"AT5G49000"
"1978",1978,"AT3G26120"
"1475",1475,"AT2G39040"
"3396",3396,"AT5G43030"
"685",685,"AT1G60545"
"1757",1757,"AT3G09330"
"1981",1981,"AT3G26300"
"2749",2749,"AT4G28590"
"3726",3726,"AT5G64320"
"760",760,"AT1G64583"
"1375",1375,"AT2G33480"
"2491",2491,"AT4G12300"
"1246",1246,"AT2G24390"
"3635",3635,"AT5G58150"
"1030",1030,"AT1G80570"
"2965",2965,"AT5G03406"
"1174",1174,"AT2G19690"
"783",783,"AT1G66173"
"242",242,"AT1G13800"
"2469",2469,"AT4G11320"
"1326",1326,"AT2G30550"
"191",191,"AT1G10240"
"629",629,"AT1G54400"
"196",196,"AT1G10510"
"774",774,"AT1G65620"
"3424",3424,"AT5G45050"
"1794",1794,"AT3G12230"
"3067",3067,"AT5G09800"
"2241",2241,"AT3G56470"
"1007",1007,"AT1G78865"
"3480",3480,"AT5G48650"
"788",788,"AT1G66520"
"860",860,"AT1G70260"
"3760",3760,"AT5G67140"
"1558",1558,"AT2G44280"
"988",988,"AT1G77570"
"2345",2345,"AT4G00220"
"1008",1008,"AT1G78915"
"3711",3711,"AT5G63130"
"3696",3696,"AT5G61920"
"3148",3148,"AT5G17260"
"2223",2223,"AT3G55390"
"3552",3552,"AT5G53130"
"3762",3762,"AT5G67160"
"2423",2423,"AT4G04740"
"2365",2365,"AT4G01030"
"162",162,"AT1G08990"
"1140",1140,"AT2G15980"
"915",915,"AT1G73210"
"504",504,"AT1G35660"
"2761",2761,"AT4G29560"
"669",669,"AT1G58520"
"2271",2271,"AT3G58990"
"1701",1701,"AT3G05850"
"3740",3740,"AT5G65030"
"887",887,"AT1G71530"
"2137",2137,"AT3G49840"
"926",926,"AT1G73480"
"721",721,"AT1G62150"
"2820",2820,"AT4G33620"
"262",262,"AT1G15175"
"2860",2860,"AT4G36830"
"3016",3016,"AT5G06811"
"1484",1484,"AT2G39880"
"2292",2292,"AT3G60160"
"401",401,"AT1G26620"
"2414",2414,"AT4G04180"
"3473",3473,"AT5G48250"
"360",360,"AT1G22220"
"3617",3617,"AT5G57080"
"3724",3724,"AT5G63770"
"900",900,"AT1G72500"
"492",492,"AT1G33610"
"2233",2233,"AT3G56030"
"3441",3441,"AT5G45700"
"2985",2985,"AT5G04900"
"991",991,"AT1G77640"
"3449",3449,"AT5G46590"
"1791",1791,"AT3G11950"
"3161",3161,"AT5G17980"
"2041",2041,"AT3G44510"
"2964",2964,"AT5G03355"
"3787",3787,"ATCG00770"
"2386",2386,"AT4G02280"
"3185",3185,"AT5G19490"
"3774",3774,"ATCG00020"
"905",905,"AT1G72870"
"357",357,"AT1G21790"
"359",359,"AT1G22030"
"2801",2801,"AT4G32300"
"3221",3221,"AT5G22820"
"1446",1446,"AT2G37560"
"3493",3493,"AT5G49500"
"1363",1363,"AT2G32500"
"613",613,"AT1G53345"
"857",857,"AT1G70100"
"1136",1136,"AT2G15440"
"231",231,"AT1G12790"
"2065",2065,"AT3G46650"
"2728",2728,"AT4G27370"
"2390",2390,"AT4G02485"
"2582",2582,"AT4G18205"
"32",32,"AT1G03100"
"72",72,"AT1G04833"
"2231",2231,"AT3G55980"
"3024",3024,"AT5G07150"
"742",742,"AT1G63245"
"1740",1740,"AT3G08010"
"2253",2253,"AT3G57830"
"1001",1001,"AT1G78430"
"1811",1811,"AT3G14020"
"1605",1605,"AT2G46990"
"1506",1506,"AT2G41550"
"2035",2035,"AT3G43790"
"2928",2928,"AT5G01775"
"93",93,"AT1G05753"
"3477",3477,"AT5G48530"
"2424",2424,"AT4G04960"
"2016",2016,"AT3G29010"
"505",505,"AT1G35710"
"1088",1088,"AT2G05215"
"2272",2272,"AT3G59000"
"3564",3564,"AT5G54020"
"3499",3499,"AT5G50170"
"2661",2661,"AT4G22970"
"3304",3304,"AT5G35926"
"1919",1919,"AT3G20910"
"996",996,"AT1G77890"
"2049",2049,"AT3G44820"
"779",779,"AT1G65910"
"791",791,"AT1G66730"
"323",323,"AT1G18670"
"2463",2463,"AT4G10960"
"1716",1716,"AT3G06830"
"3238",3238,"AT5G24000"
"1389",1389,"AT2G34317"
"2572",2572,"AT4G17540"
"1060",1060,"AT2G03050"
"801",801,"AT1G67210"
"732",732,"AT1G62680"
"1880",1880,"AT3G18390"
"49",49,"AT1G04010"
"2219",2219,"AT3G55250"
"184",184,"AT1G09940"
"3164",3164,"AT5G18240"
"1527",1527,"AT2G42640"
"1631",1631,"AT3G01670"
"2089",2089,"AT3G47675"
"3212",3212,"AT5G22310"
"2494",2494,"AT4G12480"
"3236",3236,"AT5G23930"
"2565",2565,"AT4G16920"
"3714",3714,"AT5G63300"
"118",118,"AT1G06980"
"3020",3020,"AT5G07020"
"1568",1568,"AT2G44980"
"463",463,"AT1G30757"
"1365",1365,"AT2G32930"
"2077",2077,"AT3G47060"
"701",701,"AT1G61280"
"2006",2006,"AT3G28210"
"2585",2585,"AT4G18300"
"22",22,"AT1G02180"
"2341",2341,"AT3G66652"
"2336",2336,"AT3G63440"
"3375",3375,"AT5G41410"
"3527",3527,"AT5G51545"
"418",418,"AT1G27500"
"2015",2015,"AT3G28930"
"1737",1737,"AT3G07960"
"939",939,"AT1G74088"
"493",493,"AT1G33612"
"2383",2383,"AT4G01995"
"646",646,"AT1G55430"
"724",724,"AT1G62250"
"1778",1778,"AT3G10820"
"795",795,"AT1G67035"
"832",832,"AT1G68740"
"1881",1881,"AT3G18400"
"681",681,"AT1G60130"
"459",459,"AT1G30545"
"1467",1467,"AT2G38430"
"3476",3476,"AT5G48470"
"949",949,"AT1G74550"
"2000",2000,"AT3G27940"
"3311",3311,"AT5G37000"
"3245",3245,"AT5G24340"
"1175",1175,"AT2G19710"
"3626",3626,"AT5G57670"
"3539",3539,"AT5G52270"
"3695",3695,"AT5G61865"
"1493",1493,"AT2G40610"
"2568",2568,"AT4G16983"
"245",245,"AT1G13910"
"1066",1066,"AT2G03450"
"363",363,"AT1G22550"
"3803",3803,"ATMG00810"
"2240",2240,"AT3G56450"
"2495",2495,"AT4G12540"
"3109",3109,"AT5G13900"
"177",177,"AT1G09750"
"2384",2384,"AT4G02110"
"2632",2632,"AT4G21190"
"1647",1647,"AT3G02493"
"442",442,"AT1G29700"
"1938",1938,"AT3G22961"
"2774",2774,"AT4G30370"
"186",186,"AT1G10040"
"254",254,"AT1G14480"
"1788",1788,"AT3G11640"
"3397",3397,"AT5G43040"
"1847",1847,"AT3G16010"
"1753",1753,"AT3G09150"
"1682",1682,"AT3G04443"
"2357",2357,"AT4G00760"
"3277",3277,"AT5G26960"
"56",56,"AT1G04180"
"3306",3306,"AT5G35970"
"1567",1567,"AT2G44940"
"3749",3749,"AT5G65690"
"2902",2902,"AT4G39830"
"2945",2945,"AT5G02320"
"3343",3343,"AT5G39840"
"2752",2752,"AT4G28950"
"3276",3276,"AT5G26790"
"1474",1474,"AT2G38780"
"3103",3103,"AT5G13660"
"928",928,"AT1G73630"
"1830",1830,"AT3G15030"
"1743",1743,"AT3G08490"
"2510",2510,"AT4G13400"
"1491",1491,"AT2G40240"
"2461",2461,"AT4G10630"
"1188",1188,"AT2G20495"
"1370",1370,"AT2G33180"
"377",377,"AT1G23880"
"1852",1852,"AT3G16300"
"175",175,"AT1G09610"
"2680",2680,"AT4G24080"
"2649",2649,"AT4G22110"
"3387",3387,"AT5G42270"
"2238",2238,"AT3G56330"
"149",149,"AT1G08380"
"3195",3195,"AT5G20240"
"2643",2643,"AT4G21705"
"747",747,"AT1G63650"
"2800",2800,"AT4G32295"
"394",394,"AT1G25450"
"2330",2330,"AT3G62470"
"1698",1698,"AT3G05740"
"2398",2398,"AT4G03150"
"3301",3301,"AT5G35580"
"2528",2528,"AT4G14640"
"2843",2843,"AT4G35840"
"2136",2136,"AT3G49760"
"143",143,"AT1G07937"
"424",424,"AT1G27960"
"1473",1473,"AT2G38760"
"3605",3605,"AT5G56420"
"2701",2701,"AT4G25515"
"2812",2812,"AT4G32920"
"3331",3331,"AT5G38790"
"3627",3627,"AT5G57710"
"3796",3796,"ATMG00270"
"1659",1659,"AT3G03360"
"992",992,"AT1G77700"
"1861",1861,"AT3G17030"
"1168",1168,"AT2G19120"
"2657",2657,"AT4G22770"
"634",634,"AT1G54790"
"2327",2327,"AT3G62150"
"1592",1592,"AT2G46495"
"976",976,"AT1G77122"
"1921",1921,"AT3G20935"
"2869",2869,"AT4G37480"
"3044",3044,"AT5G08270"
"561",561,"AT1G49230"
"451",451,"AT1G30240"
"161",161,"AT1G08960"
"87",87,"AT1G05557"
"339",339,"AT1G20060"
"2924",2924,"AT5G01645"
"2102",2102,"AT3G48190"
"3284",3284,"AT5G27560"
"2139",2139,"AT3G49930"
"1456",1456,"AT2G37925"
"1556",1556,"AT2G44190"
"1817",1817,"AT3G14185"
"3249",3249,"AT5G24740"
"1878",1878,"AT3G18320"
"3609",3609,"AT5G56620"
"1117",1117,"AT2G09945"
"2571",2571,"AT4G17483"
"216",216,"AT1G11950"
"2358",2358,"AT4G00770"
"1883",1883,"AT3G18450"
"633",633,"AT1G54575"
"1507",1507,"AT2G41640"
"3433",3433,"AT5G45320"
"3454",3454,"AT5G47250"
"978",978,"AT1G77240"
"2903",2903,"AT4G39890"
"1020",1020,"AT1G79570"
"2570",2570,"AT4G17360"
"616",616,"AT1G53440"
"1450",1450,"AT2G37660"
"2689",2689,"AT4G24670"
"3026",3026,"AT5G07200"
"2581",2581,"AT4G18130"
"135",135,"AT1G07740"
"3123",3123,"AT5G15210"
"1038",1038,"AT2G01200"
"3675",3675,"AT5G60810"
"1328",1328,"AT2G30720"
"1442",1442,"AT2G37440"
"3199",3199,"AT5G20510"
"3668",3668,"AT5G60280"
"438",438,"AT1G29195"
"3510",3510,"AT5G50890"
"580",580,"AT1G50970"
"1268",1268,"AT2G26000"
"1233",1233,"AT2G23470"
"923",923,"AT1G73410"
"3567",3567,"AT5G54090"
"1282",1282,"AT2G27430"
"1585",1585,"AT2G46160"
"1152",1152,"AT2G17787"
"1574",1574,"AT2G45480"
"2584",2584,"AT4G18280"
"2296",2296,"AT3G60400"
"3620",3620,"AT5G57210"
"736",736,"AT1G62950"
"1521",1521,"AT2G42330"
"1988",1988,"AT3G27070"
"1536",1536,"AT2G43060"
"1918",1918,"AT3G20890"
"454",454,"AT1G30410"
"152",152,"AT1G08470"
"2002",2002,"AT3G28030"
"1171",1171,"AT2G19440"
"1183",1183,"AT2G20240"
"433",433,"AT1G28670"
"2976",2976,"AT5G04310"
"2588",2588,"AT4G18470"
"2513",2513,"AT4G13870"
"982",982,"AT1G77360"
"332",332,"AT1G19397"
"2522",2522,"AT4G14380"
"1747",1747,"AT3G08785"
"288",288,"AT1G16830"
"859",859,"AT1G70200"
"1223",1223,"AT2G22910"
"273",273,"AT1G15900"
"2282",2282,"AT3G59570"
"638",638,"AT1G55120"
"1137",1137,"AT2G15680"
"3792",3792,"ATCG01100"
"2940",2940,"AT5G02095"
"3544",3544,"AT5G52670"
"785",785,"AT1G66230"
"3614",3614,"AT5G56970"
"3234",3234,"AT5G23800"
"1025",1025,"AT1G80060"
"1162",1162,"AT2G18760"
"140",140,"AT1G07870"
"265",265,"AT1G15490"
"2634",2634,"AT4G21310"
"237",237,"AT1G13448"
"3523",3523,"AT5G51470"
"1393",1393,"AT2G34530"
"3641",3641,"AT5G58580"
"1219",1219,"AT2G22740"
"3571",3571,"AT5G54240"
"1170",1170,"AT2G19380"
"1304",1304,"AT2G28970"
"819",819,"AT1G67970"
"1034",1034,"AT1G80840"
"1455",1455,"AT2G37920"
"2773",2773,"AT4G30320"
"3743",3743,"AT5G65205"
"3576",3576,"AT5G54520"
"41",41,"AT1G03650"
"1082",1082,"AT2G04805"
"2114",2114,"AT3G48610"
"3566",3566,"AT5G54040"
"1364",1364,"AT2G32840"
"1530",1530,"AT2G42760"
"913",913,"AT1G73130"
"941",941,"AT1G74150"
"914",914,"AT1G73160"
"1173",1173,"AT2G19660"
"2919",2919,"AT5G01490"
"1308",1308,"AT2G29260"
"1029",1029,"AT1G80450"
"3779",3779,"ATCG00280"
"1077",1077,"AT2G04530"
"1564",1564,"AT2G44798"
"1549",1549,"AT2G43800"
"1141",1141,"AT2G16050"
"1756",1756,"AT3G09275"
"2630",2630,"AT4G21170"
"1100",1100,"AT2G07675"
"361",361,"AT1G22403"
"1084",1084,"AT2G05120"
"2180",2180,"AT3G52340"
"812",812,"AT1G67780"
"2685",2685,"AT4G24320"
"2794",2794,"AT4G31800"
"3753",3753,"AT5G66130"
"3100",3100,"AT5G12360"
"3393",3393,"AT5G42655"
"2364",2364,"AT4G01026"
"1236",1236,"AT2G23620"
"2885",2885,"AT4G38650"
"1274",1274,"AT2G26520"
"2460",2460,"AT4G10560"
"729",729,"AT1G62510"
"635",635,"AT1G54840"
"3447",3447,"AT5G46510"
"1661",1661,"AT3G03460"
"1970",1970,"AT3G25740"
"854",854,"AT1G69935"
"1999",1999,"AT3G27884"
"120",120,"AT1G07119"
"932",932,"AT1G73750"
"2135",2135,"AT3G49730"
"3445",3445,"AT5G46115"
"1235",1235,"AT2G23530"
"1590",1590,"AT2G46320"
"3176",3176,"AT5G18950"
"209",209,"AT1G11540"
"3349",3349,"AT5G40100"
"3268",3268,"AT5G26040"
"1399",1399,"AT2G34980"
"3469",3469,"AT5G48130"
"60",60,"AT1G04310"
"47",47,"AT1G03950"
"2638",2638,"AT4G21430"
"3344",3344,"AT5G39900"
"365",365,"AT1G22980"
"371",371,"AT1G23160"
"660",660,"AT1G56345"
"979",979,"AT1G77280"
"2551",2551,"AT4G15890"
"756",756,"AT1G64455"
"2064",2064,"AT3G46540"
"2158",2158,"AT3G50850"
"3352",3352,"AT5G40320"
"2473",2473,"AT4G11530"
"1401",1401,"AT2G35035"
"1409",1409,"AT2G35430"
"1667",1667,"AT3G03680"
"3168",3168,"AT5G18590"
"1349",1349,"AT2G31870"
"1985",1985,"AT3G26612"
"577",577,"AT1G50745"
"1997",1997,"AT3G27670"
"3797",3797,"ATMG00285"
"2702",2702,"AT4G25610"
"3491",3491,"AT5G49320"
"1865",1865,"AT3G17470"
"1405",1405,"AT2G35210"
"89",89,"AT1G05630"
"127",127,"AT1G07485"
"3746",3746,"AT5G65450"
"11",11,"AT1G01580"
"631",631,"AT1G54530"
"543",543,"AT1G48390"
"694",694,"AT1G60990"
"346",346,"AT1G20690"
"1230",1230,"AT2G23348"
"1206",1206,"AT2G21640"
"3708",3708,"AT5G62940"
"1267",1267,"AT2G25737"
"920",920,"AT1G73320"
"2332",2332,"AT3G62760"
"3253",3253,"AT5G24900"
"3347",3347,"AT5G39980"
"2150",2150,"AT3G50430"
"2143",2143,"AT3G50200"
"1368",1368,"AT2G33051"
"1366",1366,"AT2G32990"
"2096",2096,"AT3G47960"
"3077",3077,"AT5G10600"
"3550",3550,"AT5G53060"
"91",91,"AT1G05687"
"632",632,"AT1G54570"
"403",403,"AT1G26730"
"3031",3031,"AT5G07710"
"1247",1247,"AT2G24395"
"3290",3290,"AT5G28646"
"1725",1725,"AT3G07425"
"2926",2926,"AT5G01700"
"3439",3439,"AT5G45610"
"2767",2767,"AT4G29920"
"2901",2901,"AT4G39810"
"970",970,"AT1G76390"
"164",164,"AT1G09023"
"3156",3156,"AT5G17800"
"946",946,"AT1G74390"
"3578",3578,"AT5G54569"
"1930",1930,"AT3G21810"
"3225",3225,"AT5G23120"
"2031",2031,"AT3G42860"
"1827",1827,"AT3G14770"
"1606",1606,"AT2G47260"
"1955",1955,"AT3G24463"
"168",168,"AT1G09195"
"1122",1122,"AT2G13600"
"2832",2832,"AT4G34420"
"2267",2267,"AT3G58850"
"2309",2309,"AT3G61320"
"678",678,"AT1G59840"
"884",884,"AT1G71460"
"3559",3559,"AT5G53730"
"218",218,"AT1G12244"
"241",241,"AT1G13780"
"1329",1329,"AT2G30890"
"3315",3315,"AT5G37340"
"3752",3752,"AT5G65990"
"3535",3535,"AT5G52030"
"2034",2034,"AT3G43580"
"2932",2932,"AT5G01895"
"699",699,"AT1G61215"
"883",883,"AT1G71380"
"743",743,"AT1G63250"
"1487",1487,"AT2G40008"
"2067",2067,"AT3G46668"
"621",621,"AT1G53887"
"2530",2530,"AT4G14840"
"1838",1838,"AT3G15540"
"833",833,"AT1G68795"
"3006",3006,"AT5G06390"
"1974",1974,"AT3G26050"
"2549",2549,"AT4G15820"
"444",444,"AT1G29730"
"2070",2070,"AT3G46790"
"1199",1199,"AT2G21130"
"1298",1298,"AT2G28470"
"1779",1779,"AT3G10960"
"1338",1338,"AT2G31170"
"3549",3549,"AT5G53050"
"1848",1848,"AT3G16150"
"3670",3670,"AT5G60430"
"1090",1090,"AT2G05910"
"1871",1871,"AT3G18050"
"1093",1093,"AT2G07325"
"3036",3036,"AT5G07810"
"1427",1427,"AT2G36650"
"2836",2836,"AT4G34950"
"2118",2118,"AT3G48900"
"3186",3186,"AT5G19660"
"2738",2738,"AT4G27910"
"889",889,"AT1G71720"
"287",287,"AT1G16820"
"2420",2420,"AT4G04670"
"585",585,"AT1G51350"
"181",181,"AT1G09863"
"1426",1426,"AT2G36570"
"521",521,"AT1G44350"
"2129",2129,"AT3G49510"
"428",428,"AT1G28390"
"1844",1844,"AT3G15890"
"327",327,"AT1G19020"
"374",374,"AT1G23560"
"19",19,"AT1G02020"
"2970",2970,"AT5G03690"
"601",601,"AT1G52240"
"2718",2718,"AT4G26555"
"119",119,"AT1G07000"
"2795",2795,"AT4G31980"
"1499",1499,"AT2G40960"
"647",647,"AT1G55450"
"2447",2447,"AT4G09560"
"568",568,"AT1G49832"
"1194",1194,"AT2G20815"
"1565",1565,"AT2G44850"
"3555",3555,"AT5G53320"
"2583",2583,"AT4G18270"
"1591",1591,"AT2G46430"
"268",268,"AT1G15700"
"3702",3702,"AT5G62280"
"2827",2827,"AT4G34090"
"2149",2149,"AT3G50380"
"1425",1425,"AT2G36470"
"671",671,"AT1G59359"
"1713",1713,"AT3G06600"
"2909",2909,"AT5G01030"
"3542",3542,"AT5G52570"
"2887",2887,"AT4G38730"
"2389",2389,"AT4G02425"
"2456",2456,"AT4G10400"
"2947",2947,"AT5G02400"
"1801",1801,"AT3G13061"
"957",957,"AT1G74930"
"591",591,"AT1G51640"
"1544",1544,"AT2G43375"
"2555",2555,"AT4G16162"
"1583",1583,"AT2G46060"
"2156",2156,"AT3G50770"
"1820",1820,"AT3G14360"
"2321",2321,"AT3G62000"
"1212",1212,"AT2G22240"
"1783",1783,"AT3G11440"
"1709",1709,"AT3G06360"
"1400",1400,"AT2G35030"
"199",199,"AT1G10610"
"1407",1407,"AT2G35360"
"2674",2674,"AT4G23920"
"1107",1107,"AT2G07787"
"2429",2429,"AT4G06135"
"3211",3211,"AT5G22110"
"3409",3409,"AT5G43890"
"2275",2275,"AT3G59120"
"1083",1083,"AT2G04842"
"80",80,"AT1G05310"
"1022",1022,"AT1G79640"
"523",523,"AT1G44970"
"2723",2723,"AT4G26980"
"2589",2589,"AT4G18490"
"3430",3430,"AT5G45250"
"1982",1982,"AT3G26400"
"2101",2101,"AT3G48187"
"1824",1824,"AT3G14570"
"2400",2400,"AT4G03250"
"62",62,"AT1G04360"
"3248",3248,"AT5G24470"
"3263",3263,"AT5G25450"
"590",590,"AT1G51520"
"250",250,"AT1G14190"
"65",65,"AT1G04540"
"1063",1063,"AT2G03270"
"1216",1216,"AT2G22620"
"869",869,"AT1G70630"
"1730",1730,"AT3G07550"
"2055",2055,"AT3G45260"
"804",804,"AT1G67420"
"2106",2106,"AT3G48425"
"628",628,"AT1G54350"
"3697",3697,"AT5G61930"
"3747",3747,"AT5G65560"
"2337",2337,"AT3G63445"
"34",34,"AT1G03190"
"1944",1944,"AT3G23610"
"2117",2117,"AT3G48830"
"2998",2998,"AT5G05580"
"2249",2249,"AT3G57580"
"223",223,"AT1G12430"
"2380",2380,"AT4G01930"
"3401",3401,"AT5G43330"
"2009",2009,"AT3G28580"
"3300",3300,"AT5G35450"
"912",912,"AT1G73090"
"3371",3371,"AT5G41320"
"1305",1305,"AT2G28990"
"455",455,"AT1G30420"
"1465",1465,"AT2G38300"
"2668",2668,"AT4G23500"
"439",439,"AT1G29200"
"3201",3201,"AT5G20820"
"3359",3359,"AT5G40645"
"1560",1560,"AT2G44600"
"3389",3389,"AT5G42370"
"3159",3159,"AT5G17880"
"1581",1581,"AT2G45870"
"1339",1339,"AT2G31230"
"9",9,"AT1G01450"
"1410",1410,"AT2G35500"
"2560",2560,"AT4G16570"
"1967",1967,"AT3G25597"
"3692",3692,"AT5G61560"
"934",934,"AT1G73780"
"325",325,"AT1G18940"
"176",176,"AT1G09710"
"3097",3097,"AT5G11780"
"2094",2094,"AT3G47830"
"668",668,"AT1G58223"
"1040",1040,"AT2G01290"
"750",750,"AT1G63740"
"3444",3444,"AT5G46090"
"1443",1443,"AT2G37460"
"106",106,"AT1G06460"
"778",778,"AT1G65900"
"2204",2204,"AT3G53920"
"734",734,"AT1G62840"
"644",644,"AT1G55370"
"1252",1252,"AT2G24630"
"517",517,"AT1G43980"
"372",372,"AT1G23180"
"3579",3579,"AT5G54585"
"741",741,"AT1G63230"
"458",458,"AT1G30520"
"489",489,"AT1G33340"
"1677",1677,"AT3G04260"
"1258",1258,"AT2G25050"
"1331",1331,"AT2G30942"
"1418",1418,"AT2G35800"
"2492",2492,"AT4G12330"
"417",417,"AT1G27430"
"843",843,"AT1G69400"
"2966",2966,"AT5G03420"
"3197",3197,"AT5G20380"
"848",848,"AT1G69690"
"1860",1860,"AT3G16890"
"92",92,"AT1G05700"
"3676",3676,"AT5G60860"
"3791",3791,"ATCG01090"
"2214",2214,"AT3G54820"
"895",895,"AT1G72220"
"2155",2155,"AT3G50760"
"1390",1390,"AT2G34355"
"2126",2126,"AT3G49380"
"878",878,"AT1G71015"
"1123",1123,"AT2G13660"
"1111",1111,"AT2G08685"
"3723",3723,"AT5G63710"
"3261",3261,"AT5G25340"
"1388",1388,"AT2G34200"
"2986",2986,"AT5G04960"
"2141",2141,"AT3G50100"
"512",512,"AT1G43160"
"1353",1353,"AT2G32020"
"2859",2859,"AT4G36710"
"2898",2898,"AT4G39740"
"530",530,"AT1G45248"
"3643",3643,"AT5G58690"
"3650",3650,"AT5G59220"
"571",571,"AT1G49980"
"1805",1805,"AT3G13420"
"3421",3421,"AT5G44900"
"3155",3155,"AT5G17790"
"873",873,"AT1G70750"
"2226",2226,"AT3G55720"
"319",319,"AT1G18560"
"3733",3733,"AT5G64690"
"1920",1920,"AT3G20930"
"1049",1049,"AT2G02020"
"909",909,"AT1G72940"
"3256",3256,"AT5G24990"
"3415",3415,"AT5G44260"
"343",343,"AT1G20480"
"2797",2797,"AT4G32190"
"3265",3265,"AT5G25580"
"2907",2907,"AT4G40070"
"2814",2814,"AT4G33040"
"3360",3360,"AT5G40820"
"3427",3427,"AT5G45115"
"853",853,"AT1G69930"
"426",426,"AT1G28080"
"312",312,"AT1G18290"
"2776",2776,"AT4G30470"
"2644",2644,"AT4G21820"
"6",6,"AT1G01180"
"2485",2485,"AT4G12030"
"3106",3106,"AT5G13770"
"2615",2615,"AT4G20000"
"2329",2329,"AT3G62260"
"1312",1312,"AT2G29670"
"1635",1635,"AT3G01830"
"2053",2053,"AT3G45050"
"3042",3042,"AT5G08110"
"1706",1706,"AT3G06150"
"2084",2084,"AT3G47480"
"3426",3426,"AT5G45080"
"525",525,"AT1G45150"
"30",30,"AT1G02970"
"1702",1702,"AT3G05932"
"864",864,"AT1G70500"
"1662",1662,"AT3G03495"
"1143",1143,"AT2G16385"
"3189",3189,"AT5G19790"
"715",715,"AT1G61760"
"384",384,"AT1G24320"
"2372",2372,"AT4G01533"
"955",955,"AT1G74860"
"2875",2875,"AT4G37890"
"861",861,"AT1G70360"
"3495",3495,"AT5G49700"
"1179",1179,"AT2G20100"
"97",97,"AT1G05900"
"3474",3474,"AT5G48330"
"1625",1625,"AT3G01295"
"308",308,"AT1G18140"
"1524",1524,"AT2G42395"
"2045",2045,"AT3G44610"
"3685",3685,"AT5G61370"
"5",5,"AT1G01140"
"1205",1205,"AT2G21630"
"3035",3035,"AT5G07790"
"1914",1914,"AT3G20600"
"108",108,"AT1G06490"
"3348",3348,"AT5G40000"
"904",904,"AT1G72860"
"3220",3220,"AT5G22788"
"410",410,"AT1G27170"
"2835",2835,"AT4G34880"
"3790",3790,"ATCG01040"
"3422",3422,"AT5G44910"
"2470",2470,"AT4G11330"
"3795",3795,"ATMG00210"
"2028",2028,"AT3G42630"
"637",637,"AT1G55110"
"501",501,"AT1G34760"
"2897",2897,"AT4G39700"
"188",188,"AT1G10070"
"63",63,"AT1G04420"
"2911",2911,"AT5G01170"
"3488",3488,"AT5G48960"
"1161",1161,"AT2G18690"
"682",682,"AT1G60360"
"3",3,"AT1G01080"
"2521",2521,"AT4G14210"
"284",284,"AT1G16590"
"2286",2286,"AT3G59870"
"673",673,"AT1G59560"
"351",351,"AT1G21150"
"793",793,"AT1G66810"
"2766",2766,"AT4G29890"
"3556",3556,"AT5G53370"
"1438",1438,"AT2G37310"
"1416",1416,"AT2G35750"
"1440",1440,"AT2G37362"
"235",235,"AT1G13330"
"3570",3570,"AT5G54180"
"950",950,"AT1G74590"
"3667",3667,"AT5G60250"
"1819",1819,"AT3G14340"
"2351",2351,"AT4G00590"
"1739",1739,"AT3G08000"
"1067",1067,"AT2G03530"
"110",110,"AT1G06660"
"2317",2317,"AT3G61780"
"2599",2599,"AT4G19060"
"2894",2894,"AT4G39470"
"98",98,"AT1G05950"
"2851",2851,"AT4G36120"
"529",529,"AT1G45231"
"1619",1619,"AT2G48075"
"2262",2262,"AT3G58650"
"3152",3152,"AT5G17570"
"1807",1807,"AT3G13590"
"1264",1264,"AT2G25680"
"3642",3642,"AT5G58660"
"406",406,"AT1G26970"
"2905",2905,"AT4G40000"
"1976",1976,"AT3G26085"
"2733",2733,"AT4G27590"
"1281",1281,"AT2G27150"
"1086",1086,"AT2G05180"
"1031",1031,"AT1G80630"
"1196",1196,"AT2G20950"
"771",771,"AT1G65420"
"3361",3361,"AT5G40840"
"3508",3508,"AT5G50820"
"2459",2459,"AT4G10550"
"2323",2323,"AT3G62070"
"901",901,"AT1G72530"
"2436",2436,"AT4G07455"
"3798",3798,"ATMG00480"
"3592",3592,"AT5G55540"
"2038",2038,"AT3G44120"
"2724",2724,"AT4G27100"
"2597",2597,"AT4G18940"
"570",570,"AT1G49960"
"872",872,"AT1G70740"
"2285",2285,"AT3G59850"
"2036",2036,"AT3G43920"
"3534",3534,"AT5G52010"
"2618",2618,"AT4G20140"
"500",500,"AT1G34570"
"421",421,"AT1G27740"
"385",385,"AT1G24330"
"2871",2871,"AT4G37608"
"1024",1024,"AT1G80030"
"1371",1371,"AT2G33250"
"3732",3732,"AT5G64630"
"456",456,"AT1G30473"
"1710",1710,"AT3G06370"
"1580",1580,"AT2G45770"
"1276",1276,"AT2G26540"
"3671",3671,"AT5G60610"
"704",704,"AT1G61360"
"2235",2235,"AT3G56060"
"1074",1074,"AT2G04270"
"1745",1745,"AT3G08570"
"2790",2790,"AT4G31250"
"775",775,"AT1G65710"
"3293",3293,"AT5G33280"
"731",731,"AT1G62590"
"1453",1453,"AT2G37820"
"3706",3706,"AT5G62760"
"3531",3531,"AT5G51795"
"2889",2889,"AT4G39030"
"227",227,"AT1G12710"
"3057",3057,"AT5G09285"
"2760",2760,"AT4G29540"
"3339",3339,"AT5G39785"
"1177",1177,"AT2G19930"
"3771",3771,"AT5G67570"
"649",649,"AT1G55610"
"2468",2468,"AT4G11280"
"1386",1386,"AT2G34060"
"2920",2920,"AT5G01510"
"1055",1055,"AT2G02590"
"2765",2765,"AT4G29780"
"1879",1879,"AT3G18350"
"611",611,"AT1G53110"
"1361",1361,"AT2G32450"
"2675",2675,"AT4G23940"
"3786",3786,"ATCG00680"
"1877",1877,"AT3G18295"
"1681",1681,"AT3G04440"
"927",927,"AT1G73580"
"3299",3299,"AT5G35410"
"195",195,"AT1G10480"
"2656",2656,"AT4G22760"
"2360",2360,"AT4G00900"
"405",405,"AT1G26900"
"1089",1089,"AT2G05760"
"3126",3126,"AT5G15710"
"1144",1144,"AT2G16390"
"1579",1579,"AT2G45750"
"1806",1806,"AT3G13480"
"1992",1992,"AT3G27475"
"1887",1887,"AT3G18710"
"719",719,"AT1G62050"
"3131",3131,"AT5G15950"
"2621",2621,"AT4G20740"
"1197",1197,"AT2G20960"
"2687",2687,"AT4G24460"
"834",834,"AT1G68830"
"443",443,"AT1G29710"
"240",240,"AT1G13700"
"1155",1155,"AT2G17970"
"307",307,"AT1G18090"
"2146",2146,"AT3G50280"
"3504",3504,"AT5G50440"
"234",234,"AT1G13270"
"2952",2952,"AT5G02620"
"3608",3608,"AT5G56600"
"2631",2631,"AT4G21180"
"82",82,"AT1G05385"
"3428",3428,"AT5G45160"
"1629",1629,"AT3G01515"
"1575",1575,"AT2G45500"
"2841",2841,"AT4G35540"
"2120",2120,"AT3G49000"
"3150",3150,"AT5G17370"
"662",662,"AT1G56630"
"1768",1768,"AT3G10070"
"2299",2299,"AT3G60520"
"700",700,"AT1G61260"
"101",101,"AT1G06270"
"1047",1047,"AT2G01905"
"148",148,"AT1G08315"
"3362",3362,"AT5G40880"
"2750",2750,"AT4G28790"
"3494",3494,"AT5G49610"
"2641",2641,"AT4G21585"
"266",266,"AT1G15610"
"279",279,"AT1G16330"
"146",146,"AT1G08180"
"380",380,"AT1G24095"
"2348",2348,"AT4G00380"
"3325",3325,"AT5G38210"
"3118",3118,"AT5G15010"
"3395",3395,"AT5G42900"
"169",169,"AT1G09247"
"194",194,"AT1G10460"
"1960",1960,"AT3G24760"
"2617",2617,"AT4G20130"
"1208",1208,"AT2G21830"
"2844",2844,"AT4G35870"
"1157",1157,"AT2G18245"
"2179",2179,"AT3G52180"
"2993",2993,"AT5G05365"
"3350",3350,"AT5G40160"
"2899",2899,"AT4G39770"
"3418",3418,"AT5G44520"
"800",800,"AT1G67190"
"3337",3337,"AT5G39670"
"2982",2982,"AT5G04820"
"2083",2083,"AT3G47450"
"2396",2396,"AT4G03090"
"2579",2579,"AT4G18010"
"3655",3655,"AT5G59680"
"297",297,"AT1G17640"
"1576",1576,"AT2G45680"
"393",393,"AT1G25390"
"3368",3368,"AT5G41130"
"1127",1127,"AT2G13960"
"3451",3451,"AT5G46720"
"1874",1874,"AT3G18100"
"930",930,"AT1G73710"
"1594",1594,"AT2G46570"
"600",600,"AT1G52190"
"1249",1249,"AT2G24530"
"2131",2131,"AT3G49650"
"3411",3411,"AT5G44000"
"2440",2440,"AT4G08470"
"341",341,"AT1G20340"
"1548",1548,"AT2G43570"
"1765",1765,"AT3G09830"
"3471",3471,"AT5G48175"
"1587",1587,"AT2G46210"
"423",423,"AT1G27910"
"2020",2020,"AT3G29400"
"2842",2842,"AT4G35740"
"1039",1039,"AT2G01275"
"999",999,"AT1G78130"
"3062",3062,"AT5G09540"
"2867",2867,"AT4G37400"
"3580",3580,"AT5G54730"
"565",565,"AT1G49630"
"1466",1466,"AT2G38420"
"2763",2763,"AT4G29730"
"1296",1296,"AT2G28440"
"1271",1271,"AT2G26370"
"2325",2325,"AT3G62090"
"441",441,"AT1G29290"
"1176",1176,"AT2G19860"
"2264",2264,"AT3G58720"
"518",518,"AT1G44120"
"803",803,"AT1G67410"
"1045",1045,"AT2G01880"
"907",907,"AT1G72920"
"2213",2213,"AT3G54720"
"1369",1369,"AT2G33110"
"2167",2167,"AT3G51450"
"75",75,"AT1G05140"
"1065",1065,"AT2G03330"
"2168",2168,"AT3G51470"
"2768",2768,"AT4G30000"
"2537",2537,"AT4G15270"
"2808",2808,"AT4G32710"
"2453",2453,"AT4G10340"
"1651",1651,"AT3G02610"
"2877",2877,"AT4G38020"
"1220",1220,"AT2G22830"
"3501",3501,"AT5G50290"
"3281",3281,"AT5G27270"
"2855",2855,"AT4G36515"
"879",879,"AT1G71030"
"2606",2606,"AT4G19510"
"1142",1142,"AT2G16270"
"739",739,"AT1G62981"
"2625",2625,"AT4G20880"
"3811",3811,"ATMG01320"
"2972",2972,"AT5G03885"
"3730",3730,"AT5G64560"
"2111",2111,"AT3G48520"
"3593",3593,"AT5G55580"
"2511",2511,"AT4G13750"
"735",735,"AT1G62914"
"3175",3175,"AT5G18930"
"1604",1604,"AT2G46970"
"1501",1501,"AT2G41080"
"1064",1064,"AT2G03280"
"2335",2335,"AT3G63350"
"3659",3659,"AT5G59900"
"538",538,"AT1G48070"
"717",717,"AT1G61970"
"3056",3056,"AT5G09230"
"309",309,"AT1G18170"
"2471",2471,"AT4G11350"
"784",784,"AT1G66190"
"3587",3587,"AT5G55220"
"1189",1189,"AT2G20550"
"1971",1971,"AT3G25805"
"3034",3034,"AT5G07770"
"3384",3384,"AT5G42140"
"1485",1485,"AT2G39910"
"1728",1728,"AT3G07530"
"450",450,"AT1G30040"
"844",844,"AT1G69490"
"1006",1006,"AT1G78810"
"2770",2770,"AT4G30140"
"807",807,"AT1G67530"
"1688",1688,"AT3G04850"
"1164",1164,"AT2G18915"
"2613",2613,"AT4G19980"
"2032",2032,"AT3G43190"
"2663",2663,"AT4G23040"
"1641",1641,"AT3G02050"
"2017",2017,"AT3G29290"
"2122",2122,"AT3G49070"
"2542",2542,"AT4G15393"
"1403",1403,"AT2G35170"
"1624",1624,"AT3G01210"
"2295",2295,"AT3G60330"
"2157",2157,"AT3G50800"
"2443",2443,"AT4G08940"
"3547",3547,"AT5G52970"
"1890",1890,"AT3G18770"
"3772",3772,"AT5G67620"
"559",559,"AT1G49180"
"3799",3799,"ATMG00510"
"880",880,"AT1G71060"
"893",893,"AT1G72180"
"2671",2671,"AT4G23550"
"1124",1124,"AT2G13800"
"3115",3115,"AT5G14660"
"572",572,"AT1G50000"
"902",902,"AT1G72600"
"1101",1101,"AT2G07687"
"31",31,"AT1G03010"
"311",311,"AT1G18265"
"2361",2361,"AT4G00940"
"3783",3783,"ATCG00640"
"142",142,"AT1G07933"
"3356",3356,"AT5G40470"
"2688",2688,"AT4G24480"
"2417",2417,"AT4G04350"
"113",113,"AT1G06740"
"2807",2807,"AT4G32700"
"2147",2147,"AT3G50290"
"1552",1552,"AT2G43920"
"1892",1892,"AT3G18850"
"1293",1293,"AT2G28120"
"3237",3237,"AT5G23940"
"3438",3438,"AT5G45580"
"204",204,"AT1G11125"
"1803",1803,"AT3G13277"
"2188",2188,"AT3G52770"
"1303",1303,"AT2G28960"
"1237",1237,"AT2G23672"
"2984",2984,"AT5G04895"
"122",122,"AT1G07135"
"2620",2620,"AT4G20240"
"2943",2943,"AT5G02190"
"1468",1468,"AT2G38480"
"3512",3512,"AT5G50990"
"3094",3094,"AT5G11460"
"3518",3518,"AT5G51350"
"968",968,"AT1G76110"
"1630",1630,"AT3G01545"
"602",602,"AT1G52315"
"2895",2895,"AT4G39600"
"1114",1114,"AT2G09465"
"703",703,"AT1G61340"
"2462",2462,"AT4G10720"
"1984",1984,"AT3G26580"
"532",532,"AT1G47271"
"625",625,"AT1G54050"
"3297",3297,"AT5G35220"
"1056",1056,"AT2G02620"
"3160",3160,"AT5G17960"
"1494",1494,"AT2G40690"
"865",865,"AT1G70505"
"2171",2171,"AT3G51642"
"2451",2451,"AT4G09815"
"3329",3329,"AT5G38410"
"3455",3455,"AT5G47400"
"2608",2608,"AT4G19720"
"96",96,"AT1G05837"
"2412",2412,"AT4G03965"
"48",48,"AT1G03960"
"903",903,"AT1G72855"
"654",654,"AT1G55930"
"2037",2037,"AT3G44006"
"1762",1762,"AT3G09660"
"130",130,"AT1G07603"
"998",998,"AT1G78090"
"124",124,"AT1G07280"
"1986",1986,"AT3G26630"
"2236",2236,"AT3G56250"
"3054",3054,"AT5G09155"
"1720",1720,"AT3G06980"
"53",53,"AT1G04100"
"157",157,"AT1G08643"
"2439",2439,"AT4G08450"
"1941",1941,"AT3G23370"
"1023",1023,"AT1G79700"
"3737",3737,"AT5G64900"
"608",608,"AT1G52618"
"3607",3607,"AT5G56520"
"364",364,"AT1G22660"
"1673",1673,"AT3G04040"
"3163",3163,"AT5G18065"
"2934",2934,"AT5G01920"
"1645",1645,"AT3G02215"
"677",677,"AT1G59730"
"1724",1724,"AT3G07290"
"1785",1785,"AT3G11570"
"2904",2904,"AT4G39940"
"2834",2834,"AT4G34740"
"2977",2977,"AT5G04330"
"13",13,"AT1G01670"
"2516",2516,"AT4G14050"
"975",975,"AT1G77000"
"3674",3674,"AT5G60720"
"1553",1553,"AT2G43990"
"2593",2593,"AT4G18596"
"802",802,"AT1G67310"
"465",465,"AT1G31040"
"2509",2509,"AT4G13390"
"1595",1595,"AT2G46572"
"347",347,"AT1G20720"
"3170",3170,"AT5G18750"
"2746",2746,"AT4G28390"
"212",212,"AT1G11800"
"132",132,"AT1G07710"
"748",748,"AT1G63670"
"899",899,"AT1G72330"
"1842",1842,"AT3G15720"
"238",238,"AT1G13540"
"1413",1413,"AT2G35690"
"2293",2293,"AT3G60220"
"2297",2297,"AT3G60470"
"1279",1279,"AT2G27035"
"3262",3262,"AT5G25380"
"2819",2819,"AT4G33500"
"3027",3027,"AT5G07240"
"2840",2840,"AT4G35480"
"1428",1428,"AT2G36690"
"1217",1217,"AT2G22650"
"2371",2371,"AT4G01270"
"496",496,"AT1G34160"
"1655",1655,"AT3G02930"
"1902",1902,"AT3G19500"
"1678",1678,"AT3G04310"
"579",579,"AT1G50890"
"2696",2696,"AT4G25150"
"2726",2726,"AT4G27250"
"3751",3751,"AT5G65790"
"1707",1707,"AT3G06210"
"1311",1311,"AT2G29650"
"1633",1633,"AT3G01710"
"3204",3204,"AT5G20980"
"58",58,"AT1G04233"
"925",925,"AT1G73470"
"1696",1696,"AT3G05685"
"828",828,"AT1G68640"
"2040",2040,"AT3G44400"
"1392",1392,"AT2G34450"
"3303",3303,"AT5G35840"
"553",553,"AT1G48880"
"1054",1054,"AT2G02410"
"2376",2376,"AT4G01840"
"2175",2175,"AT3G51940"
"3781",3781,"ATCG00440"
"1103",1103,"AT2G07719"
"3560",3560,"AT5G53750"
"55",55,"AT1G04160"
"1115",1115,"AT2G09640"
"3079",3079,"AT5G10620"
"3713",3713,"AT5G63290"
"328",328,"AT1G19100"
"2497",2497,"AT4G12580"
"3025",3025,"AT5G07152"
"2133",2133,"AT3G49710"
"1172",1172,"AT2G19582"
"3213",3213,"AT5G22355"
"1422",1422,"AT2G36220"
"564",564,"AT1G49620"
"1640",1640,"AT3G02020"
"1513",1513,"AT2G42010"
"3369",3369,"AT5G41240"
"919",919,"AT1G73310"
"3038",3038,"AT5G07900"
"2737",2737,"AT4G27852"
"3259",3259,"AT5G25220"
"1503",1503,"AT2G41300"
"687",687,"AT1G60560"
"2527",2527,"AT4G14605"
"557",557,"AT1G49110"
"1551",1551,"AT2G43880"
"3425",3425,"AT5G45060"
"388",388,"AT1G24735"
"1099",1099,"AT2G07674"
"2148",2148,"AT3G50350"
"1232",1232,"AT2G23390"
"1129",1129,"AT2G14520"
"3136",3136,"AT5G16170"
"575",575,"AT1G50659"
"333",333,"AT1G19490"
"3651",3651,"AT5G59240"
"3228",3228,"AT5G23490"
"180",180,"AT1G09820"
"2942",2942,"AT5G02140"
"3808",3808,"ATMG01120"
"2269",2269,"AT3G58900"
"619",619,"AT1G53700"
"2936",2936,"AT5G02060"
"2815",2815,"AT4G33070"
"2669",2669,"AT4G23510"
"3380",3380,"AT5G41800"
"3292",3292,"AT5G28960"
"1277",1277,"AT2G26820"
"99",99,"AT1G06050"
"2183",2183,"AT3G52460"
"1764",1764,"AT3G09745"
"2259",2259,"AT3G58380"
"1037",1037,"AT1G80970"
"2816",2816,"AT4G33180"
"2450",2450,"AT4G09770"
"2448",2448,"AT4G09680"
"497",497,"AT1G34260"
"3496",3496,"AT5G49840"
"770",770,"AT1G65380"
"1497",1497,"AT2G40860"
"1723",1723,"AT3G07080"
"1019",1019,"AT1G79540"
"2591",2591,"AT4G18520"
"3174",3174,"AT5G18840"
"3707",3707,"AT5G62820"
"2626",2626,"AT4G20930"
"3294",3294,"AT5G34930"
"1294",1294,"AT2G28320"
"876",876,"AT1G70890"
"2366",2366,"AT4G01037"
"2483",2483,"AT4G12010"
"3785",3785,"ATCG00660"
"2078",2078,"AT3G47070"
"3326",3326,"AT5G38290"
"2342",2342,"AT4G00030"
"1850",1850,"AT3G16220"
"2476",2476,"AT4G11660"
"247",247,"AT1G13940"
"2419",2419,"AT4G04460"
"425",425,"AT1G28050"
"304",304,"AT1G18010"
"2098",2098,"AT3G48080"
"691",691,"AT1G60790"
"1771",1771,"AT3G10310"
"3410",3410,"AT5G43950"
"758",758,"AT1G64572"
"3116",3116,"AT5G14770"
"921",921,"AT1G73340"
"1608",1608,"AT2G47310"
"1498",1498,"AT2G40880"
"399",399,"AT1G26330"
"3226",3226,"AT5G23170"
"255",255,"AT1G14530"
"1457",1457,"AT2G37930"
"2013",2013,"AT3G28770"
"1342",1342,"AT2G31340"
"3015",3015,"AT5G06810"
"2670",2670,"AT4G23515"
"3649",3649,"AT5G59070"
"57",57,"AT1G04220"
"2923",2923,"AT5G01640"
"2517",2517,"AT4G14070"
"1133",1133,"AT2G15310"
"457",457,"AT1G30475"
"2744",2744,"AT4G28280"
"1947",1947,"AT3G23930"
"3104",3104,"AT5G13690"
"797",797,"AT1G67110"
"2958",2958,"AT5G02860"
"3720",3720,"AT5G63630"
"2314",2314,"AT3G61470"
"1430",1430,"AT2G36810"
"1922",1922,"AT3G20960"
"160",160,"AT1G08910"
"125",125,"AT1G07290"
"2552",2552,"AT4G16008"
"710",710,"AT1G61520"
"2891",2891,"AT4G39210"
"942",942,"AT1G74170"
"3398",3398,"AT5G43170"
"3251",3251,"AT5G24870"
"2557",2557,"AT4G16350"
"2273",2273,"AT3G59040"
"206",206,"AT1G11180"
"1010",1010,"AT1G78930"
"3321",3321,"AT5G38070"
"2879",2879,"AT4G38170"
"139",139,"AT1G07847"
"3629",3629,"AT5G57780"
"3257",3257,"AT5G25010"
"1899",1899,"AT3G19280"
"1289",1289,"AT2G27920"
"1593",1593,"AT2G46535"
"3490",3490,"AT5G49215"
"3282",3282,"AT5G27390"
"3613",3613,"AT5G56930"
"2854",2854,"AT4G36240"
"306",306,"AT1G18060"
"461",461,"AT1G30640"
"460",460,"AT1G30610"
"1354",1354,"AT2G32030"
"974",974,"AT1G76780"
"827",827,"AT1G68620"
"310",310,"AT1G18200"
"2704",2704,"AT4G25650"
"435",435,"AT1G28715"
"2736",2736,"AT4G27710"
"2514",2514,"AT4G13990"
"3012",3012,"AT5G06730"
"382",382,"AT1G24290"
"340",340,"AT1G20065"
"1840",1840,"AT3G15620"
"1924",1924,"AT3G21295"
"2950",2950,"AT5G02520"
"2715",2715,"AT4G26270"
"2421",2421,"AT4G04695"
"3082",3082,"AT5G10900"
"3260",3260,"AT5G25240"
"109",109,"AT1G06580"
"3662",3662,"AT5G59980"
"1449",1449,"AT2G37650"
"3367",3367,"AT5G41120"
"630",630,"AT1G54450"
"1543",1543,"AT2G43310"
"2925",2925,"AT5G01670"
"1408",1408,"AT2G35382"
"670",670,"AT1G58684"
"1510",1510,"AT2G41870"
"3776",3776,"ATCG00150"
"1307",1307,"AT2G29180"
"2274",2274,"AT3G59068"
"2081",2081,"AT3G47380"
"1119",1119,"AT2G12462"
"376",376,"AT1G23830"
"2255",2255,"AT3G57965"
"1787",1787,"AT3G11591"
"2792",2792,"AT4G31390"
"2138",2138,"AT3G49920"
"3298",3298,"AT5G35370"
"2809",2809,"AT4G32780"
"1050",1050,"AT2G02080"
"1429",1429,"AT2G36730"
"1894",1894,"AT3G18900"
"2046",2046,"AT3G44670"
"2434",2434,"AT4G06746"
"1266",1266,"AT2G25735"
"2757",2757,"AT4G29340"
"2405",2405,"AT4G03440"
"1166",1166,"AT2G18950"
"2254",2254,"AT3G57920"
"1515",1515,"AT2G42247"
"641",641,"AT1G55280"
"3335",3335,"AT5G39450"
"1719",1719,"AT3G06950"
"326",326,"AT1G19010"
"1957",1957,"AT3G24495"
"1566",1566,"AT2G44900"
"1586",1586,"AT2G46192"
"1884",1884,"AT3G18660"
"665",665,"AT1G58007"
"18",18,"AT1G02010"
"2681",2681,"AT4G24110"
"1721",1721,"AT3G06990"
"2979",2979,"AT5G04375"
"3147",3147,"AT5G17250"
"773",773,"AT1G65570"
"2817",2817,"AT4G33330"
"1181",1181,"AT2G20180"
"2230",2230,"AT3G55890"
"757",757,"AT1G64570"
"3149",3149,"AT5G17360"
"1098",1098,"AT2G07665"
"3376",3376,"AT5G41590"
"1211",1211,"AT2G22100"
"1962",1962,"AT3G25030"
"680",680,"AT1G60000"
"2085",2085,"AT3G47530"
"2368",2368,"AT4G01110"
"264",264,"AT1G15385"
"929",929,"AT1G73690"
"2642",2642,"AT4G21700"
"515",515,"AT1G43765"
"2206",2206,"AT3G54090"
"2623",2623,"AT4G20820"
"709",709,"AT1G61500"
"67",67,"AT1G04707"
"3537",3537,"AT5G52230"
"2609",2609,"AT4G19830"
"2392",2392,"AT4G02710"
"1940",1940,"AT3G23210"
"1228",1228,"AT2G23140"
"2176",2176,"AT3G51970"
"877",877,"AT1G70895"
"528",528,"AT1G45180"
"2457",2457,"AT4G10420"
"2093",2093,"AT3G47820"
"2003",2003,"AT3G28040"
"981",981,"AT1G77320"
"1356",1356,"AT2G32180"
"2788",2788,"AT4G31240"
"2913",2913,"AT5G01200"
"2199",2199,"AT3G53760"
"1692",1692,"AT3G05190"
"3520",3520,"AT5G51380"
"2154",2154,"AT3G50750"
"2104",2104,"AT3G48260"
"2202",2202,"AT3G53840"
"502",502,"AT1G35460"
"271",271,"AT1G15870"
"1116",1116,"AT2G09660"
"2205",2205,"AT3G53930"
"2128",2128,"AT3G49410"
"3052",3052,"AT5G08835"
"1610",1610,"AT2G47410"
"2159",2159,"AT3G50930"
"3307",3307,"AT5G36180"
"3521",3521,"AT5G51390"
"3727",3727,"AT5G64480"
"2914",2914,"AT5G01255"
"367",367,"AT1G22990"
"2311",2311,"AT3G61380"
"3553",3553,"AT5G53150"
"1269",1269,"AT2G26030"
"2218",2218,"AT3G55180"
"3288",3288,"AT5G28442"
"3233",3233,"AT5G23770"
"3217",3217,"AT5G22660"
"2401",2401,"AT4G03330"
"3084",3084,"AT5G10990"
"2300",2300,"AT3G60550"
"2048",2048,"AT3G44730"
"2538",2538,"AT4G15290"
"2713",2713,"AT4G26095"
"3577",3577,"AT5G54530"
"1876",1876,"AT3G18200"
"1680",1680,"AT3G04380"
"552",552,"AT1G48840"
"953",953,"AT1G74750"
"3804",3804,"ATMG00960"
"1033",1033,"AT1G80820"
"3545",3545,"AT5G52810"
"1239",1239,"AT2G23755"
"2806",2806,"AT4G32670"
"1105",1105,"AT2G07773"
"3278",3278,"AT5G27030"
"2991",2991,"AT5G05320"
"2121",2121,"AT3G49060"
"2181",2181,"AT3G52440"
"2796",2796,"AT4G32050"
"2431",2431,"AT4G06534"
"615",615,"AT1G53430"
"2520",2520,"AT4G14190"
"3266",3266,"AT5G25620"
"2076",2076,"AT3G47010"
"1531",1531,"AT2G42920"
"3018",3018,"AT5G06940"
"3688",3688,"AT5G61420"
"1818",1818,"AT3G14330"
"541",541,"AT1G48355"
"3405",3405,"AT5G43500"
"1679",1679,"AT3G04360"
"2706",2706,"AT4G25760"
"838",838,"AT1G69020"
"397",397,"AT1G26190"
"1106",1106,"AT2G07777"
"2174",2174,"AT3G51930"
"3681",3681,"AT5G61200"
"659",659,"AT1G56320"
"3357",3357,"AT5G40520"
"576",576,"AT1G50700"
"3703",3703,"AT5G62360"
"3183",3183,"AT5G19310"
"535",535,"AT1G47580"
"1882",1882,"AT3G18440"
"1853",1853,"AT3G16320"
"1528",1528,"AT2G42720"
"3114",3114,"AT5G14580"
"740",740,"AT1G63130"
"3806",3806,"ATMG00990"
"1512",1512,"AT2G41990"
"2124",2124,"AT3G49210"
"2611",2611,"AT4G19870"
"2751",2751,"AT4G28890"
"228",228,"AT1G12730"
"3420",3420,"AT5G44740"
"3657",3657,"AT5G59800"
"3810",3810,"ATMG01200"
"1857",1857,"AT3G16720"
"3735",3735,"AT5G64860"
"303",303,"AT1G17940"
"3003",3003,"AT5G05965"
"2416",2416,"AT4G04221"
"1488",1488,"AT2G40120"
"1987",1987,"AT3G26782"
"837",837,"AT1G68980"
"294",294,"AT1G17450"
"2339",2339,"AT3G63480"
"1242",1242,"AT2G24140"
"1699",1699,"AT3G05750"
"2604",2604,"AT4G19460"
"263",263,"AT1G15290"
"852",852,"AT1G69890"
"2880",2880,"AT4G38180"
"1463",1463,"AT2G38185"
"3313",3313,"AT5G37190"
"563",563,"AT1G49560"
"3140",3140,"AT5G16520"
"448",448,"AT1G29910"
"173",173,"AT1G09530"
"373",373,"AT1G23360"
"117",117,"AT1G06923"
"1916",1916,"AT3G20860"
"289",289,"AT1G17040"
"1809",1809,"AT3G13782"
"200",200,"AT1G10810"
"1351",1351,"AT2G32000"
"1071",1071,"AT2G03925"
"483",483,"AT1G32740"
"1767",1767,"AT3G09920"
"2251",2251,"AT3G57720"
"134",134,"AT1G07733"
"1603",1603,"AT2G46950"
"578",578,"AT1G50840"
"906",906,"AT1G72890"
"2759",2759,"AT4G29440"
"2605",2605,"AT4G19500"
"938",938,"AT1G74055"
"1215",1215,"AT2G22410"
"159",159,"AT1G08840"
"251",251,"AT1G14260"
"2789",2789,"AT4G31248"
"1823",1823,"AT3G14550"
"818",818,"AT1G67900"
"1191",1191,"AT2G20680"
"3019",3019,"AT5G07000"
"2477",2477,"AT4G11670"
"908",908,"AT1G72930"
"3068",3068,"AT5G09820"
"3205",3205,"AT5G21140"
"2322",2322,"AT3G62050"
"249",249,"AT1G14040"
"3632",3632,"AT5G57920"
"3323",3323,"AT5G38140"
"534",534,"AT1G47510"
"1726",1726,"AT3G07500"
"2216",2216,"AT3G54980"
"1134",1134,"AT2G15370"
"933",933,"AT1G73770"
"473",473,"AT1G31650"
"1046",1046,"AT2G01900"
"1846",1846,"AT3G16000"
"3267",3267,"AT5G25930"
"225",225,"AT1G12600"
"1221",1221,"AT2G22850"
"987",987,"AT1G77530"
"3143",3143,"AT5G16970"
"3113",3113,"AT5G14570"
"484",484,"AT1G32870"
"931",931,"AT1G73740"
"3083",3083,"AT5G10946"
"2956",2956,"AT5G02780"
"86",86,"AT1G05553"
"1963",1963,"AT3G25410"
"2987",2987,"AT5G04980"
"83",83,"AT1G05440"
"1638",1638,"AT3G01920"
"3604",3604,"AT5G56370"
"759",759,"AT1G64580"
"994",994,"AT1G77850"
"2210",2210,"AT3G54390"
"3142",3142,"AT5G16715"
"1795",1795,"AT3G12510"
"3540",3540,"AT5G52450"
"1951",1951,"AT3G24255"
"2415",2415,"AT4G04220"
"2847",2847,"AT4G36010"
"44",44,"AT1G03830"
"2409",2409,"AT4G03895"
"409",409,"AT1G27120"
"589",589,"AT1G51470"
"2708",2708,"AT4G25800"
"612",612,"AT1G53130"
"1793",1793,"AT3G12145"
"2221",2221,"AT3G55320"
"1917",1917,"AT3G20880"
"1519",1519,"AT2G42290"
"1234",1234,"AT2G23520"
"3250",3250,"AT5G24750"
"3538",3538,"AT5G52260"
"2162",2162,"AT3G51150"
"107",107,"AT1G06473"
"3110",3110,"AT5G14100"
"1703",1703,"AT3G05936"
"622",622,"AT1G53940"
"3502",3502,"AT5G50330"
"2682",2682,"AT4G24140"
"302",302,"AT1G17840"
"419",419,"AT1G27620"
"751",751,"AT1G63855"
"1420",1420,"AT2G36010"
"1611",1611,"AT2G47460"
"3594",3594,"AT5G55650"
"2452",2452,"AT4G10000"
"2051",2051,"AT3G44880"
"3219",3219,"AT5G22750"
"2717",2717,"AT4G26370"
"3055",3055,"AT5G09175"
"229",229,"AT1G12770"
"3040",3040,"AT5G07995"
"586",586,"AT1G51355"
"3462",3462,"AT5G47910"
"2279",2279,"AT3G59410"
"3101",3101,"AT5G12920"
"3165",3165,"AT5G18270"
"3536",3536,"AT5G52220"
"230",230,"AT1G12775"
"43",43,"AT1G03750"
"1875",1875,"AT3G18110"
"320",320,"AT1G18570"
"985",985,"AT1G77490"
"3712",3712,"AT5G63270"
"835",835,"AT1G68850"
"3028",3028,"AT5G07400"
"145",145,"AT1G08087"
"1406",1406,"AT2G35350"
"2186",2186,"AT3G52680"
"2541",2541,"AT4G15370"
"2601",2601,"AT4G19370"
"224",224,"AT1G12460"
"851",851,"AT1G69880"
"453",453,"AT1G30290"
"2346",2346,"AT4G00330"
"3194",3194,"AT5G20150"
"2695",2695,"AT4G25120"
"1942",1942,"AT3G23400"
"1447",1447,"AT2G37590"
"3108",3108,"AT5G13830"
"436",436,"AT1G28760"
"3600",3600,"AT5G55950"
"707",707,"AT1G61420"
"830",830,"AT1G68725"
"389",389,"AT1G24800"
"3179",3179,"AT5G19040"
"1866",1866,"AT3G17640"
"3354",3354,"AT5G40400"
"3017",3017,"AT5G06930"
"2248",2248,"AT3G57540"
"558",558,"AT1G49160"
"1132",1132,"AT2G15300"
"2071",2071,"AT3G46810"
"3087",3087,"AT5G11100"
"3683",3683,"AT5G61300"
"3383",3383,"AT5G42030"
"3660",3660,"AT5G59930"
"189",189,"AT1G10090"
"2507",2507,"AT4G13300"
"3461",3461,"AT5G47635"
"2873",2873,"AT4G37700"
"1648",1648,"AT3G02505"
"1775",1775,"AT3G10525"
"3230",3230,"AT5G23580"
"3008",3008,"AT5G06580"
"2645",2645,"AT4G21880"
"2896",2896,"AT4G39620"
"24",24,"AT1G02340"
"890",890,"AT1G71810"
"2883",2883,"AT4G38410"
"2771",2771,"AT4G30180"
"2850",2850,"AT4G36052"
"761",761,"AT1G64690"
"1016",1016,"AT1G79420"
"2779",2779,"AT4G30680"
"3312",3312,"AT5G37180"
"1146",1146,"AT2G16970"
"285",285,"AT1G16635"
"1934",1934,"AT3G22550"
"1522",1522,"AT2G42365"
"3522",3522,"AT5G51450"
"1715",1715,"AT3G06690"
"657",657,"AT1G56170"
"467",467,"AT1G31190"
"1616",1616,"AT2G47820"
"2622",2622,"AT4G20760"
"165",165,"AT1G09027"
"3775",3775,"ATCG00120"
"614",614,"AT1G53350"
"2838",2838,"AT4G35110"
"679",679,"AT1G59910"
"84",84,"AT1G05460"
"3222",3222,"AT5G22870"
"2500",2500,"AT4G12740"
"3423",3423,"AT5G44930"
"627",627,"AT1G54330"
"2963",2963,"AT5G03310"
"2239",2239,"AT3G56440"
"1718",1718,"AT3G06920"
"2603",2603,"AT4G19440"
"2592",2592,"AT4G18550"
"3167",3167,"AT5G18460"
"2160",2160,"AT3G50950"
"128",128,"AT1G07490"
"2075",2075,"AT3G46990"
"3171",3171,"AT5G18760"
"25",25,"AT1G02370"
"549",549,"AT1G48690"
"2667",2667,"AT4G23493"
"3618",3618,"AT5G57160"
"3687",3687,"AT5G61400"
"1210",1210,"AT2G21940"
"2161",2161,"AT3G51060"
"1554",1554,"AT2G44110"
"1434",1434,"AT2G37150"
"105",105,"AT1G06430"
"2616",2616,"AT4G20040"
"1832",1832,"AT3G15140"
"2403",2403,"AT4G03400"
"2849",2849,"AT4G36032"
"1658",1658,"AT3G03300"
"1668",1668,"AT3G03700"
"2072",2072,"AT3G46920"
"2108",2108,"AT3G48450"
"3289",3289,"AT5G28530"
"3190",3190,"AT5G19830"
"1943",1943,"AT3G23530"
"3487",3487,"AT5G48950"
"3071",3071,"AT5G10180"
"1421",1421,"AT2G36050"
"1808",1808,"AT3G13600"
"2080",2080,"AT3G47180"
"2529",2529,"AT4G14830"
"706",706,"AT1G61380"
"2930",2930,"AT5G01880"
"716",716,"AT1G61960"
"1731",1731,"AT3G07600"
"219",219,"AT1G12250"
"2315",2315,"AT3G61520"
"2566",2566,"AT4G16957"
"486",486,"AT1G33102"
"2388",2388,"AT4G02390"
"3133",3133,"AT5G16023"
"1113",1113,"AT2G09250"
"3188",3188,"AT5G19730"
"3224",3224,"AT5G23070"
"2302",2302,"AT3G60680"
"3069",3069,"AT5G09840"
"3517",3517,"AT5G51310"
"3039",3039,"AT5G07980"
"1613",1613,"AT2G47550"
"3081",3081,"AT5G10770"
"789",789,"AT1G66660"
"68",68,"AT1G04710"
"1148",1148,"AT2G17442"
"1994",1994,"AT3G27500"
"3043",3043,"AT5G08139"
"2359",2359,"AT4G00850"
"1966",1966,"AT3G25560"
"1841",1841,"AT3G15650"
"1790",1790,"AT3G11850"
"1275",1275,"AT2G26530"
"1104",1104,"AT2G07739"
"2375",2375,"AT4G01800"
"1700",1700,"AT3G05800"
"3166",3166,"AT5G18390"
"2974",2974,"AT5G03985"
"1869",1869,"AT3G17790"
"1288",1288,"AT2G27800"
"494",494,"AT1G34040"
"2353",2353,"AT4G00670"
"430",430,"AT1G28530"
"301",301,"AT1G17750"
"799",799,"AT1G67180"
"2284",2284,"AT3G59780"
"508",508,"AT1G37150"
"3615",3615,"AT5G56985"
"3622",3622,"AT5G57450"
"573",573,"AT1G50260"
"2921",2921,"AT5G01560"
"3710",3710,"AT5G63060"
"1092",1092,"AT2G06465"
"596",596,"AT1G51860"
"2627",2627,"AT4G21060"
"2742",2742,"AT4G28150"
"2745",2745,"AT4G28320"
"2130",2130,"AT3G49600"
"282",282,"AT1G16510"
"1623",1623,"AT3G01202"
"283",283,"AT1G16540"
"2132",2132,"AT3G49690"
"3192",3192,"AT5G19940"
"2432",2432,"AT4G06598"
"2546",2546,"AT4G15450"
"3169",3169,"AT5G18610"
"2211",2211,"AT3G54460"
"3187",3187,"AT5G19670"
"990",990,"AT1G77620"
"3358",3358,"AT5G40570"
"813",813,"AT1G67792"
"977",977,"AT1G77170"
"2508",2508,"AT4G13370"
"2308",2308,"AT3G61210"
"277",277,"AT1G16250"
"1325",1325,"AT2G30505"
"3119",3119,"AT5G15022"
"3247",3247,"AT5G24390"
"753",753,"AT1G64110"
"1582",1582,"AT2G45970"
"2837",2837,"AT4G34990"
"2607",2607,"AT4G19650"
"76",76,"AT1G05163"
"959",959,"AT1G75030"
"1324",1324,"AT2G30480"
"2754",2754,"AT4G29060"
"256",256,"AT1G14580"
"1780",1780,"AT3G11240"
"846",846,"AT1G69588"
"3672",3672,"AT5G60630"
"1480",1480,"AT2G39290"
"3638",3638,"AT5G58280"
"3601",3601,"AT5G56230"
"798",798,"AT1G67150"
"2257",2257,"AT3G58090"
"3758",3758,"AT5G66470"
"2478",2478,"AT4G11840"
"386",386,"AT1G24530"
"1727",1727,"AT3G07525"
"2413",2413,"AT4G03985"
"1752",1752,"AT3G09032"
"2493",2493,"AT4G12470"
"1615",1615,"AT2G47800"
"3363",3363,"AT5G41000"
"2347",2347,"AT4G00360"
"1464",1464,"AT2G38210"
"2694",2694,"AT4G25110"
"2639",2639,"AT4G21500"
"1897",1897,"AT3G19210"
"2402",2402,"AT4G03340"
"1572",1572,"AT2G45270"
"993",993,"AT1G77765"
"85",85,"AT1G05467"
"345",345,"AT1G20550"
"1315",1315,"AT2G29970"
"2222",2222,"AT3G55330"
"1319",1319,"AT2G30140"
"810",810,"AT1G67690"
"3757",3757,"AT5G66460"
"1989",1989,"AT3G27110"
"1059",1059,"AT2G02955"
"2054",2054,"AT3G45160"
"767",767,"AT1G65070"
"3602",3602,"AT5G56250"
"3394",3394,"AT5G42710"
"1617",1617,"AT2G47910"
"3625",3625,"AT5G57610"
"38",38,"AT1G03470"
"1397",1397,"AT2G34910"
"2594",2594,"AT4G18770"
"1120",1120,"AT2G12550"
"1314",1314,"AT2G29760"
"3232",3232,"AT5G23730"
"1437",1437,"AT2G37300"
"1656",1656,"AT3G03020"
"2261",2261,"AT3G58540"
"594",594,"AT1G51790"
"3244",3244,"AT5G24320"
"1969",1969,"AT3G25700"
"2957",2957,"AT5G02830"
"3059",3059,"AT5G09350"
"123",123,"AT1G07270"
"1459",1459,"AT2G37960"
"2169",2169,"AT3G51480"
"897",897,"AT1G72250"
"3506",3506,"AT5G50580"
"2192",2192,"AT3G53230"
"23",23,"AT1G02290"
"3051",3051,"AT5G08720"
"868",868,"AT1G70610"
"3279",3279,"AT5G27100"
"3091",3091,"AT5G11380"
"2044",2044,"AT3G44550"
"1829",1829,"AT3G14900"
"1622",1622,"AT3G01142"
"2481",2481,"AT4G11990"
"2019",2019,"AT3G29330"
"2029",2029,"AT3G42640"
"2244",2244,"AT3G57020"
"967",967,"AT1G75820"
"620",620,"AT1G53800"
"2427",2427,"AT4G05525"
"1359",1359,"AT2G32400"
"3274",3274,"AT5G26730"
"1609",1609,"AT2G47350"
"129",129,"AT1G07560"
"971",971,"AT1G76450"
"3196",3196,"AT5G20300"
"875",875,"AT1G70880"
"2953",2953,"AT5G02630"
"2825",2825,"AT4G33990"
"2666",2666,"AT4G23450"
"1411",1411,"AT2G35540"
"656",656,"AT1G56130"
"3699",3699,"AT5G61990"
"3413",3413,"AT5G44210"
"3316",3316,"AT5G37360"
"1936",1936,"AT3G22760"
"1913",1913,"AT3G20480"
"2686",2686,"AT4G24380"
"792",792,"AT1G66800"
"3543",3543,"AT5G52640"
"547",547,"AT1G48580"
"2531",2531,"AT4G14870"
"314",314,"AT1G18320"
"1653",1653,"AT3G02680"
"3585",3585,"AT5G55050"
"1749",1749,"AT3G08840"
"471",471,"AT1G31480"
"2967",2967,"AT5G03552"
"3665",3665,"AT5G60050"
"3669",3669,"AT5G60335"
"3076",3076,"AT5G10470"
"3678",3678,"AT5G61010"
"674",674,"AT1G59590"
"1761",1761,"AT3G09650"
"2215",2215,"AT3G54930"
"693",693,"AT1G60890"
"3464",3464,"AT5G47960"
"821",821,"AT1G68120"
"609",609,"AT1G52700"
"3264",3264,"AT5G25500"
"1660",1660,"AT3G03440"
"3551",3551,"AT5G53080"
"524",524,"AT1G45110"
"3207",3207,"AT5G21900"
"516",516,"AT1G43770"
"642",642,"AT1G55320"
"1012",1012,"AT1G79110"
"1935",1935,"AT3G22670"
"3271",3271,"AT5G26200"
"3716",3716,"AT5G63520"
"2068",2068,"AT3G46700"
"3322",3322,"AT5G38100"
"232",232,"AT1G12800"
"2320",2320,"AT3G61898"
"1284",1284,"AT2G27490"
"3408",3408,"AT5G43870"
"727",727,"AT1G62440"
"826",826,"AT1G68540"
"2394",2394,"AT4G02900"
"3782",3782,"ATCG00520"
"1584",1584,"AT2G46110"
"3318",3318,"AT5G37590"
"2600",2600,"AT4G19100"
"3390",3390,"AT5G42440"
"3589",3589,"AT5G55380"
"3631",3631,"AT5G57800"
"3317",3317,"AT5G37530"
"1863",1863,"AT3G17380"
"781",781,"AT1G66050"
"1382",1382,"AT2G33735"
"3639",3639,"AT5G58550"
"3800",3800,"ATMG00516"
"1153",1153,"AT2G17830"
"3558",3558,"AT5G53500"
"595",595,"AT1G51840"
"3654",3654,"AT5G59540"
"1478",1478,"AT2G39190"
"3725",3725,"AT5G64050"
"606",606,"AT1G52565"
"2073",2073,"AT3G46930"
"3206",3206,"AT5G21482"
"1292",1292,"AT2G28105"
"3459",3459,"AT5G47550"
"2356",2356,"AT4G00750"
"349",349,"AT1G20810"
"2208",2208,"AT3G54120"
"2224",2224,"AT3G55515"
"1797",1797,"AT3G12580"
"2022",2022,"AT3G29810"
"1945",1945,"AT3G23630"
"766",766,"AT1G64960"
"207",207,"AT1G11320"
"2294",2294,"AT3G60310"
"661",661,"AT1G56350"
"2929",2929,"AT5G01780"
"2802",2802,"AT4G32320"
"2369",2369,"AT4G01220"
"2711",2711,"AT4G26055"
"33",33,"AT1G03160"
"2488",2488,"AT4G12250"
"1540",1540,"AT2G43180"
"874",874,"AT1G70860"
"2707",2707,"AT4G25790"
"1849",1849,"AT3G16170"
"2343",2343,"AT4G00040"
"653",653,"AT1G55915"
"1214",1214,"AT2G22360"
"1433",1433,"AT2G37035"
"1906",1906,"AT3G19830"
"329",329,"AT1G19115"
"414",414,"AT1G27370"
"3450",3450,"AT5G46650"
"446",446,"AT1G29750"
"3528",3528,"AT5G51585"
"3621",3621,"AT5G57250"
"2962",2962,"AT5G03180"
"1694",1694,"AT3G05410"
"986",986,"AT1G77500"
"3137",3137,"AT5G16200"
"2113",2113,"AT3G48550"
"2328",2328,"AT3G62200"
"1299",1299,"AT2G28590"
"391",391,"AT1G25250"
"1357",1357,"AT2G32210"
"2918",2918,"AT5G01445"
"2393",2393,"AT4G02810"
"2884",2884,"AT4G38620"
"2501",2501,"AT4G12750"
"2482",2482,"AT4G12000"
"702",702,"AT1G61310"
"1310",1310,"AT2G29640"
"1387",1387,"AT2G34090"
"3412",3412,"AT5G44190"
"511",511,"AT1G43020"
"3125",3125,"AT5G15700"
"2228",2228,"AT3G55760"
"1130",1130,"AT2G14620"
"917",917,"AT1G73280"
"3272",3272,"AT5G26690"
"1286",1286,"AT2G27760"
"2653",2653,"AT4G22640"
"3633",3633,"AT5G57960"
"3121",3121,"AT5G15070"
"1691",1691,"AT3G05140"
"3448",3448,"AT5G46580"
"1185",1185,"AT2G20290"
"2690",2690,"AT4G24810"
"1529",1529,"AT2G42730"
"1355",1355,"AT2G32179"
"1452",1452,"AT2G37770"
"2612",2612,"AT4G19960"
"1078",1078,"AT2G04560"
"2127",2127,"AT3G49400"
"1167",1167,"AT2G19060"
"892",892,"AT1G72125"
"2586",2586,"AT4G18335"
"375",375,"AT1G23790"
"3182",3182,"AT5G19260"
"3583",3583,"AT5G54880"
"1758",1758,"AT3G09370"
"1900",1900,"AT3G19300"
"2526",2526,"AT4G14590"
"2407",2407,"AT4G03635"
"1482",1482,"AT2G39650"
"1404",1404,"AT2G35200"
"3453",3453,"AT5G47070"
"1628",1628,"AT3G01480"
"3637",3637,"AT5G58190"
"2125",2125,"AT3G49370"
"551",551,"AT1G48770"
"1087",1087,"AT2G05185"
"81",81,"AT1G05370"
"1009",1009,"AT1G78922"
"2023",2023,"AT3G30841"
"1245",1245,"AT2G24350"
"858",858,"AT1G70140"
"1261",1261,"AT2G25350"
"3524",3524,"AT5G51500"
"1193",1193,"AT2G20770"
"2105",2105,"AT3G48420"
"2377",2377,"AT4G01883"
"705",705,"AT1G61370"
"1043",1043,"AT2G01620"
"2426",2426,"AT4G05210"
"754",754,"AT1G64160"
"3124",3124,"AT5G15280"
"2165",2165,"AT3G51340"
"1711",1711,"AT3G06455"
"2540",2540,"AT4G15350"
"886",886,"AT1G71520"
"1956",1956,"AT3G24480"
"1684",1684,"AT3G04620"
"2910",2910,"AT5G01095"
"2203",2203,"AT3G53860"
"318",318,"AT1G18550"
"725",725,"AT1G62310"
"78",78,"AT1G05230"
"1822",1822,"AT3G14470"
"676",676,"AT1G59700"
"1537",1537,"AT2G43100"
"3086",3086,"AT5G11070"
"3063",3063,"AT5G09580"
"2818",2818,"AT4G33490"
"3610",3610,"AT5G56720"
"1412",1412,"AT2G35658"
"3351",3351,"AT5G40270"
"368",368,"AT1G23010"
"1028",1028,"AT1G80200"
"2543",2543,"AT4G15400"
"2857",2857,"AT4G36580"
"3623",3623,"AT5G57500"
"3089",3089,"AT5G11310"
"59",59,"AT1G04295"
"3698",3698,"AT5G61980"
"1287",1287,"AT2G27790"
"1432",1432,"AT2G36990"
"2646",2646,"AT4G21890"
"1479",1479,"AT2G39220"
"966",966,"AT1G75720"
"352",352,"AT1G21350"
"45",45,"AT1G03920"
"2995",2995,"AT5G05410"
"1186",1186,"AT2G20362"
"584",584,"AT1G51310"
"7",7,"AT1G01200"
"1523",1523,"AT2G42380"
"1856",1856,"AT3G16560"
"663",663,"AT1G57700"
"3741",3741,"AT5G65140"
"46",46,"AT1G03930"
"1027",1027,"AT1G80120"
"1070",1070,"AT2G03720"
"1977",1977,"AT3G26115"
"652",652,"AT1G55910"
"2908",2908,"AT5G00990"
"2250",2250,"AT3G57670"
"2927",2927,"AT5G01770"
"539",539,"AT1G48120"
"260",260,"AT1G14970"
"2882",2882,"AT4G38380"
"1072",1072,"AT2G04040"
"2058",2058,"AT3G45610"
"3584",3584,"AT5G54890"
"514",514,"AT1G43620"
"2498",2498,"AT4G12620"
"3090",3090,"AT5G11350"
"3146",3146,"AT5G17240"
"1125",1125,"AT2G13840"
"829",829,"AT1G68690"
"1637",1637,"AT3G01890"
"396",396,"AT1G26150"
"765",765,"AT1G64910"
"3242",3242,"AT5G24300"
"432",432,"AT1G28560"
"3768",3768,"AT5G67430"
"1360",1360,"AT2G32410"
"1907",1907,"AT3G19970"
"2580",2580,"AT4G18020"
"2698",2698,"AT4G25390"
"3372",3372,"AT5G41330"
"624",624,"AT1G54010"
"2739",2739,"AT4G27990"
"1396",1396,"AT2G34860"
"2437",2437,"AT4G08225"
"1076",1076,"AT2G04500"
"1598",1598,"AT2G46760"
"2220",2220,"AT3G55310"
"2190",2190,"AT3G53090"
"3769",3769,"AT5G67450"
"2705",2705,"AT4G25707"
"1321",1321,"AT2G30320"
"1068",1068,"AT2G03590"
"2062",2062,"AT3G46330"
"3452",3452,"AT5G46870"
"733",733,"AT1G62700"
"1139",1139,"AT2G15820"
"1470",1470,"AT2G38570"
"1704",1704,"AT3G05945"
"2316",2316,"AT3G61750"
"259",259,"AT1G14840"
"1415",1415,"AT2G35740"
"3127",3127,"AT5G15770"
"2959",2959,"AT5G02890"
"3701",3701,"AT5G62220"
"3058",3058,"AT5G09315"
"2243",2243,"AT3G56830"
"1461",1461,"AT2G38070"
"3562",3562,"AT5G53920"
"1620",1620,"AT2G48080"
"2564",2564,"AT4G16807"
"239",239,"AT1G13609"
"1559",1559,"AT2G44440"
"411",411,"AT1G27180"
"2748",2748,"AT4G28550"
"2732",2732,"AT4G27520"
"2659",2659,"AT4G22910"
"1618",1618,"AT2G47920"
"2301",2301,"AT3G60650"
"95",95,"AT1G05790"
"2166",2166,"AT3G51400"
"2191",2191,"AT3G53220"
"688",688,"AT1G60690"
"3385",3385,"AT5G42200"
"2554",2554,"AT4G16130"
"1367",1367,"AT2G33050"
"3379",3379,"AT5G41620"
"1751",1751,"AT3G08990"
"2333",2333,"AT3G62780"
"2714",2714,"AT4G26140"
"100",100,"AT1G06120"
"258",258,"AT1G14790"
"805",805,"AT1G67500"
"1272",1272,"AT2G26390"
"3173",3173,"AT5G18820"
"2954",2954,"AT5G02680"
"27",27,"AT1G02440"
"639",639,"AT1G55180"
"2012",2012,"AT3G28760"
"1642",1642,"AT3G02060"
"366",366,"AT1G22985"
"3516",3516,"AT5G51260"
"1080",1080,"AT2G04660"
"910",910,"AT1G72970"
"3128",3128,"AT5G15820"
"322",322,"AT1G18610"
"2444",2444,"AT4G09012"
"103",103,"AT1G06310"
"1675",1675,"AT3G04130"
"321",321,"AT1G18590"
"1607",1607,"AT2G47300"
"2730",2730,"AT4G27460"
"233",233,"AT1G12860"
"2619",2619,"AT4G20230"
"468",468,"AT1G31280"
"3029",3029,"AT5G07475"
"2951",2951,"AT5G02565"
"445",445,"AT1G29740"
"3780",3780,"ATCG00360"
"210",210,"AT1G11700"
"2876",2876,"AT4G37895"
"2973",2973,"AT5G03890"
"1693",1693,"AT3G05390"
"111",111,"AT1G06680"
"1011",1011,"AT1G78960"
"1121",1121,"AT2G13440"
"1156",1156,"AT2G18150"
"2636",2636,"AT4G21350"
"3200",3200,"AT5G20810"
"281",281,"AT1G16489"
"738",738,"AT1G62975"
"3365",3365,"AT5G41070"
"1516",1516,"AT2G42250"
"2598",2598,"AT4G19010"
"2140",2140,"AT3G50040"
"1939",1939,"AT3G23150"
"1958",1958,"AT3G24560"
"1477",1477,"AT2G39120"
"519",519,"AT1G44125"
"2374",2374,"AT4G01740"
"3223",3223,"AT5G22930"
"2123",2123,"AT3G49170"
"1015",1015,"AT1G79310"
"2134",2134,"AT3G49725"
"1358",1358,"AT2G32390"
"1859",1859,"AT3G16750"
"1085",1085,"AT2G05160"
"1854",1854,"AT3G16390"
"1330",1330,"AT2G30933"
"695",695,"AT1G61000"
"126",126,"AT1G07373"
"244",244,"AT1G13870"
"786",786,"AT1G66330"
"1539",1539,"AT2G43140"
"3436",3436,"AT5G45460"
"1165",1165,"AT2G18940"
"1562",1562,"AT2G44690"
"3666",3666,"AT5G60150"
"182",182,"AT1G09890"
"2467",2467,"AT4G11211"
"1026",1026,"AT1G80110"
"3773",3773,"AT5G67640"
"3246",3246,"AT5G24380"
"112",112,"AT1G06710"
"1041",1041,"AT2G01330"
"3582",3582,"AT5G54790"
"566",566,"AT1G49710"
"898",898,"AT1G72275"
"555",555,"AT1G48960"
"712",712,"AT1G61640"
"780",780,"AT1G65950"
"3296",3296,"AT5G35190"
"1746",1746,"AT3G08665"
"3107",3107,"AT5G13800"
"2534",2534,"AT4G15110"
"1766",1766,"AT3G09910"
"839",839,"AT1G69060"
"54",54,"AT1G04117"
"776",776,"AT1G65730"
"474",474,"AT1G31720"
"2430",2430,"AT4G06395"
"1826",1826,"AT3G14650"
"2387",2387,"AT4G02330"
"1910",1910,"AT3G20350"
"1203",1203,"AT2G21550"
"3235",3235,"AT5G23870"
"3750",3750,"AT5G65710"
"1273",1273,"AT2G26440"
"764",764,"AT1G64890"
"3032",3032,"AT5G07720"
"1069",1069,"AT2G03670"
"1634",1634,"AT3G01750"
"607",607,"AT1G52590"
"3382",3382,"AT5G41980"
"2831",2831,"AT4G34390"
"2839",2839,"AT4G35380"
"1184",1184,"AT2G20260"
"121",121,"AT1G07130"
"581",581,"AT1G51035"
"3141",3141,"AT5G16540"
"548",548,"AT1G48640"
"1097",1097,"AT2G07655"
"1149",1149,"AT2G17650"
"885",885,"AT1G71500"
"2755",2755,"AT4G29170"
"1577",1577,"AT2G45685"
"1018",1018,"AT1G79490"
"2201",2201,"AT3G53810"
"2983",2983,"AT5G04840"
"1889",1889,"AT3G18750"
"2001",2001,"AT3G27950"
"487",487,"AT1G33260"
"1472",1472,"AT2G38750"
"1053",1053,"AT2G02400"
"2082",2082,"AT3G47400"
"3519",3519,"AT5G51370"
"2559",2559,"AT4G16470"
"15",15,"AT1G01840"
"2306",2306,"AT3G60870"
"2382",2382,"AT4G01990"
"815",815,"AT1G67820"
"2438",2438,"AT4G08425"
"3661",3661,"AT5G59940"
"1813",1813,"AT3G14075"
"831",831,"AT1G68730"
"916",916,"AT1G73270"
"2691",2691,"AT4G24910"
"3122",3122,"AT5G15170"
"3009",3009,"AT5G06595"
"1672",1672,"AT3G04010"
"3045",3045,"AT5G08360"
"52",52,"AT1G04053"
"3561",3561,"AT5G53890"
"3399",3399,"AT5G43210"
"295",295,"AT1G17460"
"362",362,"AT1G22460"
"3280",3280,"AT5G27240"
"2821",2821,"AT4G33730"
"201",201,"AT1G10930"
"2813",2813,"AT4G33000"
"1160",1160,"AT2G18620"
"1044",1044,"AT2G01860"
"3285",3285,"AT5G27610"
"3007",3007,"AT5G06420"
"2633",2633,"AT4G21220"
"1202",1202,"AT2G21540"
"3767",3767,"AT5G67410"
"1831",1831,"AT3G15110"
"1950",1950,"AT3G24190"
"2472",2472,"AT4G11440"
"2561",2561,"AT4G16610"
"156",156,"AT1G08610"
"2480",2480,"AT4G11960"
"2435",2435,"AT4G07260"
"3178",3178,"AT5G19020"
"958",958,"AT1G75010"
"2007",2007,"AT3G28370"
"3210",3210,"AT5G21970"
"1058",1058,"AT2G02880"
"951",951,"AT1G74640"
"1495",1495,"AT2G40770"
"3640",3640,"AT5G58570"
"3227",3227,"AT5G23320"
"597",597,"AT1G51965"
"3314",3314,"AT5G37290"
"280",280,"AT1G16480"
"61",61,"AT1G04353"
"2373",2373,"AT4G01575"
"888",888,"AT1G71710"
"3432",3432,"AT5G45300"
"1626",1626,"AT3G01430"
"36",36,"AT1G03310"
"3064",3064,"AT5G09630"
"855",855,"AT1G69970"
"1337",1337,"AT2G31150"
"1814",1814,"AT3G14090"
"1904",1904,"AT3G19580"
"3442",3442,"AT5G45790"
"1178",1178,"AT2G20020"
"3048",3048,"AT5G08640"
"794",794,"AT1G66880"
"1402",1402,"AT2G35160"
"3241",3241,"AT5G24290"
"3231",3231,"AT5G23680"
"2097",2097,"AT3G48020"
"2318",2318,"AT3G61800"
"3457",3457,"AT5G47510"
"772",772,"AT1G65560"
"2307",2307,"AT3G61198"
"3647",3647,"AT5G59020"
"752",752,"AT1G64105"
"2234",2234,"AT3G56040"
"787",787,"AT1G66345"
"2969",2969,"AT5G03670"
"481",481,"AT1G32583"
"1858",1858,"AT3G16730"
"882",882,"AT1G71360"
"3407",3407,"AT5G43790"
"2662",2662,"AT4G23015"
