TAIR,SYMBOL,Log2fc_.Col.0.PhyD_FLT_Alight.v.Col.0.PhyD_FLT_dark.,Log2fc_.Col.0.PhyD_FLT_Alight.v.Col.0.PhyD_GC_Alight.,Log2fc_.Col.0.PhyD_FLT_Alight.v.Col.0.PhyD_GC_dark.,Log2fc_.Col.0.PhyD_FLT_Alight.v.Ws_FLT_Alight.,Log2fc_.Col.0.PhyD_FLT_Alight.v.Ws_FLT_dark.,Log2fc_.Col.0.PhyD_FLT_Alight.v.Ws_GC_Alight.,Log2fc_.Col.0.PhyD_FLT_Alight.v.Ws_GC_dark.,Log2fc_.Col.0.PhyD_FLT_dark.v.Col.0.PhyD_GC_Alight.,Log2fc_.Col.0.PhyD_FLT_dark.v.Col.0.PhyD_GC_dark.,Log2fc_.Col.0.PhyD_FLT_dark.v.Ws_FLT_Alight.,Log2fc_.Col.0.PhyD_FLT_dark.v.Ws_FLT_dark.,Log2fc_.Col.0.PhyD_FLT_dark.v.Ws_GC_Alight.,Log2fc_.Col.0.PhyD_FLT_dark.v.Ws_GC_dark.,Log2fc_.Col.0.PhyD_FLT_Alight.v.Col.0_FLT_Alight.,Log2fc_.Col.0.PhyD_FLT_dark.v.Col.0_FLT_Alight.,Log2fc_.Col.0.PhyD_FLT_Alight.v.Col.0_FLT_dark.,Log2fc_.Col.0.PhyD_FLT_dark.v.Col.0_FLT_dark.,Log2fc_.Col.0.PhyD_FLT_Alight.v.Col.0_GC_Alight.,Log2fc_.Col.0.PhyD_FLT_dark.v.Col.0_GC_Alight.,Log2fc_.Col.0.PhyD_FLT_Alight.v.Col.0_GC_dark.,Log2fc_.Col.0.PhyD_FLT_dark.v.Col.0_GC_dark.
AT1G01820,PEX11C,0.404332154,0.144908508,0.997674449,0.260508847,0.859482105,0.660777367,1.192265842,-0.259423645,0.593342296,-0.143823307,0.455149951,0.256445214,0.787933688,0.255333451,-0.148998703,0.461266763,0.056934609,0.435713165,0.031381011,0.88202751,0.477695356
AT1G02900,ATRALF1,0.936827947,-0.122855139,-0.132717101,-0.346564713,-0.245467096,0.352304907,2.515915733,-1.059683086,-1.069545049,-1.283392661,-1.182295044,-0.58452304,1.579087786,0.970974979,0.034147031,0.472598293,-0.464229655,0.049291509,-0.887536438,1.796342601,0.859514653
AT1G03410,2A6,-0.539267356,-0.434912177,-0.456476076,1.068515653,1.552771606,0.493200624,1.173178377,0.104355178,0.08279128,1.607783009,2.092038961,1.032467979,1.712445733,-0.310477904,0.228789452,-0.228685752,0.310581604,-0.474042061,0.065225295,-0.718709299,-0.179441944
AT1G04250,AXR3,-0.392494433,-0.354101955,-0.554467998,-0.43024945,-0.538569192,-0.930741019,0.215254205,0.038392478,-0.161973565,-0.037755017,-0.146074759,-0.538246585,0.607748638,-0.288880649,0.103613784,-0.195719551,0.196774882,-0.758372844,-0.36587841,0.266863961,0.659358394
AT1G05570,ATGSL06,0.914119938,-0.101746018,0.713010213,0.660913309,0.792740554,1.086893144,1.615685205,-1.015865956,-0.201109725,-0.253206629,-0.121379384,0.172773206,0.701565267,0.856589352,-0.057530586,1.255749689,0.341629752,1.359699245,0.445579307,0.847274301,-0.066845637
AT1G06110,SKIP16,0.0684622,-0.059225873,0.292210964,0.136269785,0.372277399,-0.0018673,0.423260062,-0.127688074,0.223748764,0.067807585,0.303815198,-0.0703295,0.354797862,0.201761828,0.133299628,0.32466637,0.25620417,0.019724753,-0.048737447,0.064233546,-0.004228655
AT1G06570,HPD,1.821339243,0.91574069,2.878204737,1.60746697,2.675741119,1.538087045,3.293466619,-0.905598553,1.056865494,-0.213872273,0.854401876,-0.283252197,1.472127376,0.923422502,-0.897916741,1.78374877,-0.037590473,1.510800265,-0.310538978,2.792141715,0.970802472
AT1G08930,ERD6,0.81580062,0.552720198,0.614771888,0.922068459,0.93809668,0.781490066,1.492301062,-0.263080421,-0.201028732,0.106267839,0.12229606,-0.034310554,0.676500443,0.426324414,-0.389476205,0.370875668,-0.444924952,1.208092202,0.392291582,1.329509948,0.513709329
AT1G09430,ACLA-3,0.390382121,0.199569523,0.518997003,0.506933567,1.266107539,0.606916075,1.249135002,-0.190812598,0.128614882,0.116551446,0.875725418,0.216533953,0.858752881,0.298758995,-0.091623126,0.370481889,-0.019900232,0.416720019,0.026337898,0.916211999,0.525829877
AT1G09970,LRR,0.791397584,0.236504054,0.36167044,1.041441869,0.785322449,0.889646183,1.072390587,-0.55489353,-0.429727144,0.250044285,-0.006075135,0.098248599,0.280993003,0.2099649,-0.581432684,0.528666259,-0.262731325,1.108389357,0.316991773,0.693070511,-0.098327073
AT1G10200,AtWLIM1,0.373391111,0.15057337,0.346583658,-0.682061981,0.016210218,-0.061977902,0.534265625,-0.222817741,-0.026807453,-1.055453092,-0.357180893,-0.435369014,0.160874514,0.001800899,-0.371590212,-0.037834834,-0.411225945,0.128873479,-0.244517632,0.546701131,0.173310019
AT1G10470,ARR4,-1.844363049,-0.301447074,-0.411848892,0.076422701,0.047152065,0.27874059,-0.03652856,1.542915975,1.432514157,1.92078575,1.891515114,2.123103639,1.807834489,-0.040335711,1.804027338,-0.318461165,1.525901884,-0.996750944,0.847612105,-0.344465578,1.499897471
AT1G11545,XTH8,-0.186356244,-0.123019651,-0.86130025,-0.640216145,-0.387063112,-0.557465999,-0.368394496,0.063336593,-0.674944006,-0.453859901,-0.200706869,-0.371109755,-0.182038252,-0.54680889,-0.360452646,-0.611582943,-0.425226699,-0.463302074,-0.27694583,-0.262258436,-0.075902192
AT1G13260,EDF4,1.716861597,0.019474583,2.33600777,1.009648928,2.002135273,1.212925824,2.580655882,-1.697387015,0.619146172,-0.707212669,0.285273675,-0.503935773,0.863794284,0.222567354,-1.494294244,0.709515401,-1.007346197,1.339243378,-0.377618219,1.870322905,0.153461307
AT1G13280,AOC4,0.446543324,0.224660836,0.153957693,-0.593889436,-0.099932987,-0.231153316,0.142983964,-0.221882489,-0.292585631,-1.040432761,-0.546476312,-0.677696641,-0.30355936,-0.149794938,-0.596338263,-0.061167096,-0.50771042,-0.068538775,-0.515082099,0.383504694,-0.06303863
AT1G14620,DECOY,-0.261038935,0.035714366,-0.21720903,-0.392759915,-0.289218202,-0.257942823,-0.751939142,0.296753301,0.043829905,-0.13172098,-0.028179268,0.003096111,-0.490900207,0.185061892,0.446100827,-0.251849765,0.00918917,-0.323217493,-0.062178558,-0.175969537,0.085069397
AT1G14900,HMGA,-0.509337436,-0.467349497,0.012785076,0.109750209,0.124031165,0.398080336,0.182385536,0.041987939,0.522122512,0.619087646,0.633368601,0.907417773,0.691722972,-0.034623335,0.474714101,-0.360673473,0.148663964,-0.406066425,0.103271011,-0.491127742,0.018209695
AT1G15340,MBD10,-0.070791987,0.102377148,0.542748723,-0.052476066,0.088283802,-0.050157485,-0.071965314,0.173169134,0.61354071,0.01831592,0.159075789,0.020634502,-0.001173327,-0.092360309,-0.021568323,0.089514089,0.160306075,-0.107183612,-0.036391625,0.051385275,0.122177261
AT1G15670,KFB01,0.750841819,-0.162707919,0.798071095,0.874960067,1.380599307,0.63877391,1.637293399,-0.913549738,0.047229276,0.124118248,0.629757488,-0.112067908,0.88645158,-0.006989268,-0.757831087,0.148447321,-0.602394498,0.64691306,-0.103928759,0.676690392,-0.074151427
AT1G15750,TPL,-0.781483337,-0.387956622,-0.196002368,0.142891186,-0.2834599,-0.196209189,-0.358985471,0.393526715,0.585480969,0.924374523,0.498023437,0.585274148,0.422497866,-0.232055906,0.549427431,-0.071726143,0.709757193,0.227422761,1.008906097,-0.641672855,0.139810481
AT1G16470,PAB1,-0.016722529,0.077909064,-0.356472551,-0.333564593,-0.261585523,-0.112150179,-0.475398129,0.094631592,-0.339750022,-0.316842064,-0.244862994,-0.09542765,-0.4586756,0.136950901,0.15367343,-0.203360967,-0.186638438,-0.451549135,-0.434826606,0.016046711,0.03276924
AT1G16880,ACR11,0.32211973,-0.064774013,0.031641989,0.064799771,-0.163044327,0.276595016,0.163838271,-0.386893743,-0.290477741,-0.257319959,-0.485164057,-0.045524714,-0.158281459,0.533720947,0.211601217,0.321938587,-0.000181143,0.064126508,-0.257993222,0.325823779,0.003704049
AT1G17180,ATGSTU25,0.273829186,-0.316463391,-1.713102508,1.126041133,1.552395151,1.011928249,0.242402287,-0.590292578,-1.986931695,0.852211946,1.278565965,0.738099063,-0.031426899,-0.487123862,-0.760953048,-0.45492622,-0.728755406,-0.31540985,-0.589239036,-0.010158936,-0.283988123
AT1G17290,AlaAT1,0.341752758,0.579700924,-0.100494515,-0.122860963,0.067027997,0.100290888,-0.171796901,0.237948166,-0.442247273,-0.464613721,-0.27472476,-0.24146187,-0.513549659,0.003771876,-0.337980882,-0.065991133,-0.407743891,0.336272544,-0.005480214,0.410487189,0.068734431
AT1G17890,GER2,0.341904189,0.297401045,-0.366146092,-0.028458795,0.560822542,0.54181695,-0.002177807,-0.044503144,-0.708050281,-0.370362984,0.218918353,0.199912761,-0.344081996,-0.504063815,-0.845968004,-0.380825895,-0.722730084,-0.139581363,-0.481485552,0.227703827,-0.114200362
AT1G19350,BES1,-0.103078555,-0.014630049,-0.034000216,-0.006592314,0.009707619,-0.086329017,0.09784892,0.088448506,0.069078339,0.09648624,0.112786174,0.016749538,0.200927475,-0.249799359,-0.146720804,-0.117576838,-0.014498284,-0.14184357,-0.038765015,-0.166165566,-0.063087012
AT1G19360,RRA3,0.217129412,0.03674224,-0.153684396,-0.106839559,0.197456479,-0.081712551,0.113675597,-0.180387173,-0.370813808,-0.323968971,-0.019672933,-0.298841963,-0.103453815,-0.357618197,-0.574747609,-0.229616927,-0.446746339,-0.120036195,-0.337165607,0.44537488,0.228245468
AT1G19850,ARF5,-1.450108572,-0.382163746,-0.069783974,0.027519531,-0.029960971,-0.373886081,-0.001070841,1.067944826,1.380324597,1.477628102,1.420147601,1.07622249,1.449037731,-0.612244626,0.837863946,-0.452606751,0.997501821,-0.288562792,1.16154578,-0.870620744,0.579487828
AT1G20200,EMB2719,0.213389872,0.245255294,-0.148539559,-0.267853334,-0.249255526,-0.154252292,-0.425466581,0.031865422,-0.361929431,-0.481243206,-0.462645398,-0.367642164,-0.638856452,-0.135084209,-0.348474081,-0.130723532,-0.344113404,-0.275653013,-0.489042885,0.084348206,-0.129041666
AT1G20840,AtTMT1,0.871427091,0.295038243,0.234505441,-0.217912156,0.268693542,-0.084958407,0.061897888,-0.576388847,-0.63692165,-1.089339247,-0.602733549,-0.956385498,-0.809529203,0.214278552,-0.657148539,0.240870782,-0.630556308,0.425075992,-0.446351098,0.68862894,-0.182798151
AT1G20850,XCP2,0.647437429,-0.237208732,-0.154519985,-0.21745877,0.762635386,-0.220782931,-0.059116381,-0.884646161,-0.801957413,-0.864896198,0.115197957,-0.86822036,-0.70655381,-0.338264107,-0.985701536,0.779014483,0.131577054,0.114397725,-0.533039704,-0.763404497,-1.410841926
AT1G20960,emb1507,-0.405210253,-0.2620379,-0.203816536,-0.063669922,-0.635176257,-0.426668404,-0.929824359,0.143172353,0.201393718,0.341540332,-0.229966003,-0.02145815,-0.524614106,0.071158438,0.476368691,0.003125783,0.408336036,-0.087343361,0.317866892,-0.400933027,0.004277227
AT1G21190,LSM3A,-0.230122414,-0.062326446,-0.155891036,-0.413159765,-0.163617733,-0.069629027,-0.496180319,0.167795968,0.074231378,-0.183037351,0.066504681,0.160493387,-0.266057905,0.295395213,0.525517627,0.035982366,0.26610478,-0.277446418,-0.047324004,0.038813302,0.268935716
AT1G22360,AtUGT85A2,-0.636617476,0.173910558,0.468969463,0.551421554,0.744503961,0.448111755,0.215085849,0.810528034,1.105586939,1.18803903,1.381121437,1.084729231,0.851703325,-0.618190994,0.018426482,-0.465303618,0.171313859,0.299332495,0.935949972,0.351584324,0.988201801
AT1G23080,ATPIN7,-1.32677176,-0.623936026,-0.335185593,0.034314371,-0.351669789,-0.38949469,-0.229222007,0.702835734,0.991586167,1.361086131,0.97510197,0.93727707,1.097549752,-0.41379706,0.912974699,0.053822115,1.380593875,-0.794181848,0.532589912,-0.758523632,0.568248127
AT1G23860,At-RSZ21,-0.366116819,-0.258175931,0.341498882,-0.06333042,0.098809021,0.227832504,0.255498965,0.107940889,0.707615701,0.302786399,0.46492584,0.593949323,0.621615785,0.269908027,0.636024846,0.221308108,0.587424927,0.235322607,0.601439427,-0.066174951,0.299941868
AT1G27130,ATGSTU13,0.017559953,-0.003174206,-0.395323608,1.077470445,0.849379355,1.23813753,1.18694438,-0.02073416,-0.412883562,1.059910491,0.831819402,1.220577576,1.169384426,-0.197536382,-0.215096335,-0.216012583,-0.233572537,-0.185769464,-0.203329418,-0.106839501,-0.124399454
AT1G29900,CARB,-0.3920713,0.189822914,-0.177366537,0.277314864,-0.453580109,-0.206080313,-0.722655932,0.581894213,0.214704763,0.669386164,-0.061508809,0.185990987,-0.330584633,-0.27198615,0.12008515,-0.372021536,0.020049764,0.102744933,0.494816233,-0.613932809,-0.221861509
AT1G29990,PFD6,0.076887623,0.068266042,-0.262767641,-0.353577321,-0.169767328,-0.079946056,-0.475410516,-0.008621581,-0.339655264,-0.430464944,-0.246654951,-0.156833679,-0.552298139,0.338987932,0.262100309,0.011684044,-0.065203579,-0.310366846,-0.387254469,0.085765545,0.008877922
AT1G30120,PDH-E1,-0.13903834,-0.101796002,-0.476500155,-0.414949326,-0.524438269,-0.363069,-0.739315701,0.037242338,-0.337461815,-0.275910986,-0.385399929,-0.22403066,-0.600277361,-0.0682225,0.07081584,-0.20824459,-0.06920625,-0.464316623,-0.325278283,-0.26467271,-0.12563437
AT1G30360,ERD4,-0.378601568,-0.47941291,0.045398263,0.439444899,1.244179659,0.14540246,1.329121399,-0.100811342,0.42399983,0.818046467,1.622781227,0.524004027,1.707722967,-0.52127886,-0.142677292,-0.16183131,0.216770257,-0.687448723,-0.308847155,-0.248608139,0.129993429
AT1G30510,ATRFNR2,0.5435347,0.2080584,-0.604287,-0.2278231,-0.1106164,0.1170881,-0.3969456,-0.3354763,-1.147822,-0.7713578,-0.6541511,-0.4264466,-0.9404803,-0.1816056,-0.7251404,0.0944127,-0.449122,-0.6608767,-1.204411,0.363647,-0.1798877
AT1G32170,XTH30,0.8459445,-0.4302723,0.598809,0.3248801,0.6428181,0.2313181,2.022506,-1.276217,-0.2471355,-0.5210644,-0.2031264,-0.6146264,1.176561,-0.04537722,-0.8913217,0.3684169,-0.4775276,0.2654559,-0.5804886,1.180076,0.3341313
AT1G34370,AtSTOP1,0.3026997,0.2223073,0.4701072,0.4288244,0.6514872,0.6944384,0.9071485,-0.08039242,0.1674074,0.1261247,0.3487874,0.3917386,0.6044487,0.1956661,-0.1070337,0.2395398,-0.06315997,0.753519,0.4508192,0.5370894,0.2343897
AT1G35720,ANN1,0.0585418,-0.2347255,-0.07730056,-0.2443118,1.29511,0.4858004,2.040767,-0.2932673,-0.1358424,-0.3028536,1.236568,0.4272586,1.982225,-0.9400155,-0.9985573,-0.3551647,-0.4137065,-1.409489,-1.468031,1.265525,1.206983
AT1G37130,ATNR2,1.325948,0.4184564,-0.1207196,0.6342834,0.5966849,0.8951673,1.578182,-0.9074913,-1.446667,-0.6916643,-0.7292628,-0.4307804,0.2522338,-0.3206479,-1.646596,0.2763279,-1.04962,0.3407894,-0.9851583,0.7529681,-0.5729796
AT1G43790,TED6,0.4805552,-0.5026281,-0.5170619,-0.8885587,0.3400403,0.4419396,0.07313741,-0.9831833,-0.997617,-1.369114,-0.1405149,-0.03861559,-0.4074178,0.2020227,-0.2785325,0.7240469,0.2434917,0.7665279,0.2859727,-0.394389,-0.8749442
AT1G43890,ATRAB-C1,-0.01438402,0.08582155,0.09183576,-0.194798,0.006106469,-0.02027666,0.002061624,0.1002056,0.1062198,-0.180414,0.02049049,-0.005892641,0.01644564,0.1837858,0.1981698,0.1729956,0.1873796,-0.2530325,-0.2386485,0.1960704,0.2104544
AT1G44800,SIAR1,0.9279786,-0.2724293,-0.5659685,0.2470278,-0.05353097,0.8370591,-0.3196042,-1.200408,-1.493947,-0.6809508,-0.9815095,-0.09091945,-1.247583,0.7260857,-0.2018929,1.29681,0.368831,-0.2600716,-1.18805,-0.1392595,-1.067238
AT1G47128,RD21,1.04654,-0.01353531,1.054288,0.7753383,1.253081,0.2642623,1.962476,-1.060075,0.007748383,-0.2712015,0.2065408,-0.7822775,0.9159364,0.120276,-0.9262638,0.5911911,-0.4553487,0.2686596,-0.7778802,1.445127,0.3985874
AT1G49300,ATRAB7,0.8448199,0.3571235,0.6064452,0.4130096,0.9640029,0.8478408,1.349606,-0.4876963,-0.2383747,-0.4318103,0.119183,0.003020903,0.504786,0.3914229,-0.453397,0.3861809,-0.4586389,0.1290821,-0.7157378,0.9843843,0.1395644
AT1G49860,ATGSTF14,-1.645739,0.3942538,-0.4392653,-2.157973,-1.522776,-0.7983804,1.28528,2.039993,1.206474,-0.512234,0.1229627,0.8473585,2.931019,1.403703,3.049441,0.03310934,1.678848,1.171182,2.81692,0.6435142,2.289253
AT1G51070,bHLH115,0.4436711,-0.2833956,0.4540638,0.06122223,0.6249957,0.4640987,1.503644,-0.7270668,0.01039269,-0.3824489,0.1813246,0.02042755,1.059973,0.3079243,-0.1357468,0.5574082,0.1137371,-0.3829674,-0.8266386,0.8054116,0.3617405
AT1G53210,AtNCL,0.7542867,-0.1212155,0.2123348,0.3482616,0.7093511,0.3731901,0.6306673,-0.8755022,-0.5419519,-0.4060251,-0.04493558,-0.3810966,-0.1236194,-0.001738309,-0.756025,0.3570186,-0.3972682,0.03850302,-0.7157837,0.5308873,-0.2233994
AT1G53580,ETHE1,1.005127,0.3266942,1.309789,0.3168552,1.652892,0.6670103,1.979499,-0.6784326,0.3046617,-0.6882716,0.6477651,-0.3381165,0.9743724,0.3170307,-0.6880961,0.6244947,-0.3806322,0.1601612,-0.8449656,1.747498,0.7423714
AT1G56200,EMB1303,-0.2770793,-0.1893891,0.6454008,0.03496862,0.2335628,0.1950483,0.5853309,0.08769022,0.9224801,0.3120479,0.5106422,0.4721276,0.8624102,0.6363669,0.9134462,0.2574441,0.5345234,0.2465115,0.5235908,0.1337584,0.4108377
AT1G59610,ADL3,-0.2063988,0.03404686,-0.07389946,0.3734534,-0.01922107,0.02274155,0.0144887,0.2404456,0.1324993,0.5798522,0.1871777,0.2291403,0.2208875,-0.08266287,0.1237359,0.08274019,0.2891389,0.1113544,0.3177531,-0.2838819,-0.07748318
AT1G59870,ABCG36,0.6926201,0.5484065,0.7039057,0.5340857,0.6127338,0.8038365,1.376011,-0.1442136,0.01128561,-0.1585344,-0.07988632,0.1112164,0.6833911,0.624542,-0.06807809,0.6637939,-0.02882626,1.484726,0.7921056,0.9988009,0.3061807
AT1G60710,ATB2,0.6396798,-0.2550712,-0.5109991,0.8965265,0.6746523,0.7673224,1.119793,-0.894751,-1.150679,0.2568467,0.03497251,0.1276426,0.4801132,0.2059968,-0.433683,0.294006,-0.3456739,-0.07586382,-0.7155437,0.03562266,-0.6040572
AT1G60940,SNRK2-10,0.8654079,0.2128633,1.313314,0.8280806,1.412304,0.9565889,2.495234,-0.6525446,0.4479056,-0.03732734,0.546896,0.09118097,1.629826,0.3681684,-0.4972395,0.9620861,0.09667822,0.5788433,-0.2865646,1.216892,0.3514843
AT1G62180,2-Apr,0.2525952,0.4527252,-0.1408896,1.257697,0.8350229,1.360907,1.054632,0.20013,-0.3934848,1.005102,0.5824277,1.108312,0.8020371,-0.08150972,-0.3341049,0.1224852,-0.13011,0.6318282,0.379233,0.2250359,-0.02755926
AT1G63180,UGE3,1.084411,0.01942146,2.046216,0.7777619,1.218053,0.3809477,3.18696,-1.06499,0.961805,-0.3066492,0.1336423,-0.7034634,2.102548,0.4548231,-0.6295879,1.064259,-0.02015225,0.05693832,-1.027473,0.7809176,-0.3034935
AT1G63940,MDAR6,0.2955571,0.1110623,-0.5243052,-0.08306323,-0.5240579,-0.05506996,-0.5092328,-0.1844948,-0.8198623,-0.3786203,-0.819615,-0.350627,-0.8047899,-0.1562583,-0.4518153,-0.1869167,-0.4824737,0.0518945,-0.2436626,-0.2018673,-0.4974244
AT1G64040,TOPP3,0.1187115,0.2563683,0.2747535,0.42607,0.5397371,0.171648,0.4310052,0.1376568,0.156042,0.3073585,0.4210256,0.05293656,0.3122937,0.2181482,0.09943678,0.2259479,0.1072365,0.2759644,0.1572529,0.361558,0.2428465
AT1G67730,ATKCR1,0.1231322,0.1850947,-0.3902648,-0.3420928,-0.1127677,-0.06726124,-0.1723716,0.06196243,-0.513397,-0.4652251,-0.2359,-0.1903935,-0.2955038,-0.05643397,-0.1795662,-0.248207,-0.3713392,-0.1389072,-0.2620394,0.2453568,0.1222245
AT1G68000,ATPIS,0.1130883,0.2589822,-0.01462556,-0.3159852,-0.07679538,-0.2974591,-0.131312,0.1458939,-0.1277139,-0.4290734,-0.1898837,-0.4105474,-0.2444003,0.1573445,0.0442562,0.186064,0.07297568,-0.4001327,-0.513221,0.04014577,-0.07294252
AT1G68560,ATXYL1,-0.4367321,0.1676699,0.1382541,-0.1830065,-0.506264,-0.2894728,-0.837406,0.604402,0.5749862,0.2537255,-0.06953194,0.1472592,-0.400674,-0.2069342,0.2297979,-0.3238072,0.1129248,-0.1440385,0.2926936,-0.06918751,0.3675446
AT1G68825,DVL5,-1.621792,-0.8645465,-0.7599914,-0.09425318,-0.3656368,-0.2143972,-0.1074124,0.7572456,0.8618007,1.527539,1.256155,1.407395,1.51438,-0.2074336,1.414358,-0.7937366,0.8280555,-0.8267171,0.795075,-0.9498263,0.6719658
AT1G70660,MMZ2,0.004766069,-0.409779,0.2751371,0.1744116,0.3430687,0.09609983,1.030994,-0.414545,0.270371,0.1696456,0.3383026,0.09133377,1.026228,0.588843,0.5840769,0.265209,0.2604429,0.034923,0.03015693,0.3061072,0.3013412
AT1G70710,ATGH9B1,-0.1848684,-0.3441711,0.313407,-0.09687612,0.4336841,-0.1936771,0.422359,-0.1593027,0.4982754,0.08799231,0.6185525,-0.008808675,0.6072274,-0.5310822,-0.3462138,-0.4006328,-0.2157644,-0.33642,-0.1515516,-0.5722277,-0.3873592
AT1G71010,FAB1C,-0.2828885,-0.258613,0.3313346,0.2504181,0.276698,0.5755089,0.4110131,0.02427547,0.6142231,0.5333067,0.5595865,0.8583974,0.6939016,0.3072634,0.5901519,0.3487992,0.6316877,0.1234431,0.4063316,0.365875,0.6487635
AT1G73030,CHMP1A,0.3180705,0.1215916,0.4864595,-0.4064113,0.2375272,-0.1304284,0.2982919,-0.1964789,0.1683889,-0.7244818,-0.08054333,-0.448499,-0.0197786,0.1028018,-0.2152687,0.3257545,0.00768392,-0.02144151,-0.339512,0.4333855,0.115315
AT1G74690,IQD31,-0.3475057,-0.2702173,-0.3403297,-0.2586716,-0.4993,-0.3343914,-0.618411,0.07728849,0.007176004,0.08883412,-0.1517942,0.01311435,-0.2709052,-0.4087641,-0.0612584,-0.5139879,-0.1664822,-0.5342482,-0.1867425,-0.5484801,-0.2009743
AT1G75380,ATBBD1,1.212948,0.4534936,1.449986,0.9021427,1.47401,0.7947559,2.384293,-0.7594546,0.2370378,-0.3108055,0.2610614,-0.4181923,1.171345,0.6255724,-0.5873758,1.207006,-0.005942137,0.4458425,-0.7671057,1.582858,0.3699102
AT1G76690,ATOPR2,0.6584196,0.2056918,0.1761503,0.5837414,1.121251,0.695981,1.547182,-0.4527278,-0.4822693,-0.07467812,0.4628311,0.03756143,0.8887623,0.02645962,-0.6319599,0.1510855,-0.5073341,0.3806929,-0.2777267,0.5301765,-0.1282431
AT1G76930,ATEXT1,0.1993618,0.6532194,-0.1379253,-0.1430962,-1.257136,0.2900404,1.807876,0.4538576,-0.3372872,-0.342458,-1.456497,0.09067858,1.608514,0.981337,0.7819751,-0.225915,-0.4252769,2.942027,2.742665,1.091476,0.8921142
AT1G77450,anac032,0.5099668,0.08320043,0.8561478,0.3488689,0.8049123,0.346297,1.4812,-0.4267664,0.346181,-0.1610979,0.2949455,-0.1636699,0.9712335,-0.1427163,-0.6526831,0.2350192,-0.2749476,0.4136952,-0.09627158,0.9536414,0.4436746
AT1G78290,SNRK2-8,1.895924,0.5660598,4.715113,1.19335,3.049662,1.33602,5.775066,-1.329865,2.819188,-0.7025747,1.153738,-0.5599041,3.879142,1.033044,-0.8628805,2.134852,0.238928,1.640456,-0.2554687,3.280249,1.384325
AT1G78670,ATGGH3,1.334987,-0.07502121,1.174824,0.4058052,1.177605,0.8003068,2.118873,-1.410008,-0.1601621,-0.9291814,-0.1573811,-0.5346798,0.7838862,0.5133063,-0.8216803,1.214632,-0.1203547,0.5228195,-0.812167,1.5313,0.1963138
AT1G79230,ATMST1,0.2100551,0.2183963,0.02771025,0.1068125,0.1919478,0.1861264,0.09342098,0.008341256,-0.1823448,-0.1032425,-0.01810726,-0.02392863,-0.1166341,-0.07879209,-0.2888472,0.004880785,-0.2051743,-0.005302763,-0.2153578,0.215945,0.005889913
AT1G79340,AtMC4,0.2642506,0.1278688,-0.1405721,0.09400434,0.5873317,0.3593017,0.7961245,-0.1363818,-0.4048227,-0.1702463,0.3230811,0.09505103,0.5318739,-0.4176181,-0.6818687,-0.1584677,-0.4227183,-0.1413299,-0.4055805,0.3006035,0.03635283
AT1G79930,AtHsp70-14,-0.3108431,-0.1004255,-0.4728933,-0.2931805,-0.6602587,-0.1455887,-0.9924135,0.2104176,-0.1620503,0.01766255,-0.3494157,0.1652543,-0.6815704,-0.4637552,-0.1529121,-0.4499444,-0.1391014,-0.01465468,0.2961884,-0.6566848,-0.3458417
AT1G80240,DGR1,0.5504136,1.011492,0.2592712,0.04216311,0.6474656,0.8794825,0.6535674,0.461078,-0.2911424,-0.5082505,0.09705204,0.3290689,0.1031538,-0.4379173,-0.9883309,-0.4483398,-0.9987534,1.16119,0.6107759,0.9673044,0.4168908
AT2G01420,ATPIN4,-1.118087,-0.4374288,-0.05567927,0.04224309,0.144281,-0.3347514,0.2776943,0.6806582,1.062408,1.16033,1.262368,0.7833356,1.395781,-0.8196517,0.2984353,-0.379835,0.7382519,-0.7260861,0.3920008,-0.677586,0.4405009
AT2G01470,ATSEC12,0.02071526,0.2074447,0.074257,0.1919032,0.4119375,0.3278017,0.3113757,0.1867294,0.05354174,0.1711879,0.3912223,0.3070864,0.2906604,-0.03456425,-0.05527951,0.04511802,0.02440277,0.04428315,0.02356789,0.2910962,0.2703809
AT2G04630,NRPB6B,-0.2275423,0.05760446,-0.2873011,-0.4559422,-0.2756879,-0.3618138,-0.6143344,0.2851467,-0.05975885,-0.2283999,-0.04814563,-0.1342715,-0.3867921,0.08664031,0.3141826,-0.1316327,0.09590954,-0.3626005,-0.1350583,-0.1477682,0.07977403
AT2G05440,ATGRP9,1.390792,2.369887,7.643712,3.359234,8.711608,4.611132,5.385755,0.9790942,6.25292,1.968441,7.320816,3.22034,3.994962,2.569623,1.178831,1.771258,0.3804659,1.254063,-0.1367289,5.616858,4.226065
AT2G05710,ACO3,-0.05112479,0.1330841,-0.3135468,0.8452327,1.365467,0.4147359,0.7732595,0.1842089,-0.2624221,0.8963575,1.416592,0.4658607,0.8243843,-0.4562834,-0.4051586,0.2294172,0.280542,-0.03476883,0.01635597,-0.0761889,-0.02506411
AT2G06850,EXGT-A1,-0.1577479,0.3635797,-0.2595712,-0.1964204,0.3201483,0.1211975,0.6656888,0.5213276,-0.1018233,-0.0386725,0.4778961,0.2789454,0.8234367,0.1184049,0.2761528,-0.1657431,-0.007995232,0.09469417,0.252442,0.1780335,0.3357814
AT2G07340,PFD1,-0.5381013,-0.2458959,-0.3615486,-0.6300665,-0.3740689,-0.4031758,-0.9561895,0.2922055,0.1765527,-0.09196515,0.1640324,0.1349255,-0.4180881,0.04486172,0.5829631,-0.2974671,0.2406343,-0.4745234,0.06357792,-0.4800042,0.05809714
AT2G13360,AGT,0.5488814,-0.1498072,3.20676,2.143891,3.792818,2.679258,6.417593,-0.6986886,2.657879,1.59501,3.243936,2.130377,5.868712,0.6413164,0.09243497,1.128719,0.5798375,1.443676,0.8947951,2.087568,1.538686
AT2G14170,ALDH6B2,0.7952513,0.4446378,0.7400735,1.666345,1.347011,1.34806,1.381604,-0.3506135,-0.05517778,0.8710936,0.5517596,0.5528086,0.5863527,0.3197362,-0.4755152,0.6879155,-0.1073358,0.6425483,-0.152703,0.60202,-0.1932313
AT2G16720,ATMYB7,1.708654,-0.3849953,1.088911,1.835828,2.188961,1.479008,3.474912,-2.093649,-0.6197427,0.1271739,0.4803066,-0.2296458,1.766258,0.2593757,-1.449278,0.8339755,-0.8746786,0.8469431,-0.861711,2.122705,0.414051
AT2G16850,PIP2;8,-0.6137139,-0.4849363,0.3168534,-0.4784254,-0.3740969,-0.3190751,-0.5854083,0.1287777,0.9305673,0.1352886,0.239617,0.2946389,0.02830569,-0.08460784,0.5291061,-0.3728353,0.2408786,-0.4957199,0.117994,-0.4658368,0.1478772
AT2G17380,AP19,0.07030862,-0.0990494,0.08086212,-0.7933185,-0.2442569,-0.5087402,-0.2944976,-0.169358,0.01055349,-0.8636271,-0.3145656,-0.5790488,-0.3648062,0.1649064,0.09459773,0.09680949,0.02650087,-0.2306373,-0.3009459,0.2948396,0.2245309
AT2G17720,P4H5,0.502765,0.5065646,0.05618131,0.3243127,0.8115982,0.9286591,0.9148622,0.003799685,-0.4465836,-0.1784523,0.3088332,0.4258941,0.4120972,-0.199817,-0.702582,-0.1764287,-0.6791936,0.03577431,-0.4669906,0.7359436,0.2331786
AT2G18160,ATBZIP2,-0.7989887,-0.8774616,-0.3384506,-0.3482487,-0.3878017,-0.2056156,0.03956184,-0.07847298,0.460538,0.45074,0.411187,0.5933731,0.8385505,0.2222804,1.021269,0.1135282,0.9125169,-0.8804228,-0.08143419,-0.1669314,0.6320572
AT2G19830,SNF7.2,0.4519185,0.2223358,0.2827755,0.08815463,0.2499871,0.2898944,0.3484471,-0.2295827,-0.169143,-0.3637639,-0.2019314,-0.1620241,-0.1034713,0.3213785,-0.1305399,0.1577767,-0.2941418,0.000272713,-0.4516458,0.4798584,0.02793988
AT2G20120,COV1,-0.148629,-0.1955031,0.3545271,-0.001190447,0.4213139,0.009102202,0.7071803,-0.04687411,0.5031561,0.1474386,0.569943,0.1577312,0.8558093,0.08861462,0.2372436,-0.03184358,0.1167854,-0.1158641,0.03276495,0.04703686,0.1956659
AT2G20990,ATSYTA,0.2378383,0.1350035,-0.02234041,0.09529346,0.1380901,-0.3199478,-0.1572099,-0.1028348,-0.2601787,-0.1425448,-0.09974814,-0.5577861,-0.3950482,-0.2747985,-0.5126368,-0.009511908,-0.2473502,-0.1884832,-0.4263215,-0.02018671,-0.258025
AT2G23030,SNRK2-9,1.851437,1.797557,2.666546,1.607449,3.509385,3.551545,4.83256,-0.05387992,0.8151085,-0.2439882,1.657948,1.700107,2.981123,0.9541638,-0.8972734,1.311532,-0.5399052,3.006165,1.154727,3.569827,1.71839
AT2G24150,HHP3,0.6948714,0.534985,1.035326,0.3146947,0.8938267,0.6132194,0.9030056,-0.1598864,0.3404546,-0.3801767,0.1989553,-0.08165208,0.2081342,0.3736034,-0.3212681,0.5952358,-0.09963562,0.7374274,0.04255594,0.8508556,0.1559842
AT2G25110,AtSDF2,0.1038014,0.652088,0.05776572,-0.2608549,-0.3054328,0.09362711,-0.2706733,0.5482866,-0.04603573,-0.3646563,-0.4092342,-0.01017434,-0.3744748,0.002098808,-0.1017026,-0.1580742,-0.2618756,0.09067438,-0.01312707,0.5209354,0.4171339
AT2G25810,TIP4;1,0.5657603,-0.3067854,-0.3621688,-1.944176,-0.6961936,-1.386288,1.926391,-0.8725457,-0.9279291,-2.509937,-1.261954,-1.952049,1.360631,-0.8871003,-1.452861,-0.4001124,-0.9658727,-0.6460937,-1.211854,1.454281,0.8885206
AT2G26080,AtGLDP2,-0.4115345,-0.05604689,-0.3138599,0.3100302,-0.4450125,0.02754468,-0.5179953,0.3554877,0.0976746,0.7215647,-0.03347792,0.4390792,-0.1064607,-0.1086279,0.3029067,-0.2065525,0.204982,0.10653,0.5180645,-0.4420826,-0.0305481
AT2G29390,ATSMO2,0.1526539,0.08229044,-0.1833048,-0.4714265,-0.1675116,-0.1342376,-0.2752216,-0.0703635,-0.3359587,-0.6240804,-0.3201656,-0.2868915,-0.4278755,0.02935747,-0.1232965,-0.3168575,-0.4695114,0.05489656,-0.09775738,0.03767889,-0.1149751
AT2G29540,ATRPAC14,-0.6044883,-0.500079,-0.2907318,-0.6329901,-0.8611984,-0.3887245,-1.089672,0.1044093,0.3137565,-0.02850181,-0.25671,0.2157639,-0.4851839,0.2618122,0.8663005,-0.1408274,0.4636609,-0.2490861,0.3554023,-0.7350498,-0.1305615
AT2G30440,Plsp2B,0.4135532,0.08708815,0.6356248,0.8509698,0.6698778,0.4272969,1.413019,-0.3264651,0.2220716,0.4374165,0.2563246,0.01374367,0.9994658,0.3291199,-0.08443332,0.673958,0.2604047,0.6314829,0.2179296,0.8335929,0.4200397
AT2G30500,NET4B,0.3646941,0.3183976,0.893402,0.7560676,1.103617,0.4490588,0.7314271,-0.04629649,0.528708,0.3913736,0.7389227,0.08436476,0.3667331,-0.000366502,-0.3650606,0.07653454,-0.2881595,0.6141791,0.249485,0.6925245,0.3278304
AT2G30970,ASP1,0.8302453,0.9395393,0.4682361,0.1069665,0.3875089,0.1866328,-0.002696803,0.109294,-0.3620092,-0.7232788,-0.4427364,-0.6436124,-0.8329421,0.1468601,-0.6833851,0.1031776,-0.7270677,0.1032406,-0.7270047,0.8540086,0.02376333
AT2G32300,UCC1,1.898113,0.5132954,0.05878242,-0.1853284,0.1482622,0.9924813,0.9184833,-1.384818,-1.839331,-2.083442,-1.749851,-0.9056319,-0.9796299,0.6316692,-1.266444,0.8677712,-1.030342,1.174234,-0.7238792,1.24563,-0.6524829
AT2G32720,ATCB5-B,-0.1494031,-0.2861395,-0.7472704,-0.5217623,-0.7676429,-0.2797326,-0.6776752,-0.1367364,-0.5978673,-0.3723592,-0.6182397,-0.1303295,-0.5282721,0.3818124,0.5312155,-0.0437124,0.1056907,-0.3495852,-0.2001821,-0.5938689,-0.4444657
AT2G33740,CUTA,-0.0351059,0.223352,0.8287658,0.1469953,0.8051518,0.2218461,0.8715183,0.2584579,0.8638717,0.1821012,0.8402577,0.256952,0.9066242,0.6791931,0.714299,0.3792741,0.41438,0.2179452,0.2530511,0.668121,0.7032269
AT2G33770,ATUBC24,2.349343,0.6044805,4.073637,1.775482,4.041271,1.791184,2.739762,-1.744863,1.724294,-0.573861,1.691927,-0.5581589,0.3904188,0.316334,-2.033009,1.205678,-1.143665,2.079462,-0.2698809,3.476214,1.126871
AT2G38700,ATMVD1,-0.07864231,-0.008128767,0.06699247,-0.1095177,0.0509539,-0.05861484,-0.2084751,0.07051354,0.1456348,-0.03087543,0.1295962,0.02002747,-0.1298328,-0.1482096,-0.06956724,-0.289947,-0.2113047,-0.1801102,-0.1014679,-0.2506006,-0.1719583
AT2G41900,OXS2,0.1355596,0.08223664,0.08425943,0.6429,0.4209827,0.3080875,0.5386516,-0.05332297,-0.05130018,0.5073404,0.2854231,0.1725279,0.403092,-0.155156,-0.2907156,0.06533738,-0.07022223,0.05933771,-0.0762219,0.007447565,-0.128112
AT2G43350,ATGPX3,0.3564263,0.3264134,-0.01422952,0.2177087,0.5085358,0.5068261,0.6073582,-0.03001293,-0.3706559,-0.1387176,0.1521095,0.1503998,0.2509318,0.2253322,-0.1310941,0.06682834,-0.289598,-0.02714289,-0.3835692,0.5647884,0.2083621
AT2G43750,ACS1,0.3503292,0.2568689,0.679163,-0.008899906,0.3160301,0.1360973,0.2366927,-0.09346037,0.3288338,-0.3592292,-0.03429917,-0.2142319,-0.1136366,0.07241275,-0.2779165,0.2384659,-0.1118634,0.02611308,-0.3242162,0.398481,0.04815171
AT2G43910,ATHOL1,0.7364266,-0.3011426,2.639569,0.2778728,1.942416,0.4130751,3.609087,-1.037569,1.903142,-0.4585538,1.20599,-0.3233515,2.87266,0.02374491,-0.7126817,0.8580292,0.1216027,-0.05838895,-0.7948155,1.82475,1.088323
AT2G43920,ATHOL2,3.430381,1.935305,6.148663,-0.1651914,2.556658,2.539715,5.239335,-1.495077,2.718281,-3.595573,-0.8737234,-0.8906663,1.808954,0.6619695,-2.768412,2.7548,-0.6755816,3.848098,0.4177168,6.920062,3.489681
AT2G44050,COS1,0.3250518,0.2486525,-0.1555519,-0.2759128,-0.23323,-0.02900443,-0.2920499,-0.07639922,-0.4806036,-0.6009646,-0.5582818,-0.3540562,-0.6171016,0.1501151,-0.1749366,-0.1100609,-0.4351127,-0.1889078,-0.5139595,0.05403401,-0.2710177
AT2G45980,ATI1,0.2271394,0.01397449,0.8187954,0.3358119,0.829471,0.2551168,1.167084,-0.2131649,0.5916561,0.1086726,0.6023316,0.02797743,0.939945,0.3488635,0.1217241,0.5991773,0.3720379,0.04166762,-0.1854718,0.7778932,0.5507538
AT2G47160,AtBOR1,1.306604,-0.255044,0.659734,0.6991544,1.095943,1.12869,1.30596,-1.561648,-0.6468701,-0.6074496,-0.2106607,-0.177914,-0.000644254,-0.2622096,-1.568814,1.091092,-0.215512,1.114698,-0.1919059,1.080851,-0.2257531
AT2G47400,CP12,1.604739,0.5818692,6.506525,0.992039,3.717903,1.219585,6.462799,-1.02287,4.901786,-0.6126998,2.113164,-0.385154,4.85806,1.135587,-0.4691516,1.813124,0.2083851,1.732015,0.1272761,4.296139,2.6914
AT2G47650,UXS4,-0.1957395,0.2987306,0.08174996,-0.3579155,0.2702086,0.1852349,0.2994429,0.4944701,0.2774895,-0.1621759,0.4659482,0.3809744,0.4951824,-0.3570307,-0.1612912,-0.2185923,-0.02285276,-0.03446736,0.1612722,0.4731787,0.6689183
AT3G01420,ALPHA-DOX1,-0.07909251,2.011724,1.868545,0.8972556,1.768071,2.684928,3.088391,2.090817,1.947637,0.9763481,1.847163,2.764021,3.167484,1.26844,1.347532,1.926507,2.005599,1.123543,1.202635,2.190324,2.269417
AT3G02260,ASA1,-0.2412318,-0.1104103,0.06189537,0.4436281,-0.09088388,-0.1298277,-0.1347553,0.1308215,0.3031271,0.6848599,0.1503479,0.111404,0.1064765,-0.00611496,0.2351168,0.319253,0.5604848,0.5830643,0.824296,-0.1843126,0.05691914
AT3G03250,AtUGP1,-0.1393946,0.3667941,-0.518851,-0.4552098,-0.1292082,0.09474795,-0.1712947,0.5061887,-0.3794563,-0.3158151,0.01018648,0.2341426,-0.03190005,-0.4909464,-0.3515517,-0.4381142,-0.2987196,-0.1920595,-0.05266485,0.01031319,0.1497078
AT3G06300,AT-P4H-2,0.2820974,0.4284432,0.0580219,-0.3974452,0.489477,0.3005692,0.3254079,0.1463458,-0.2240755,-0.6795426,0.2073796,0.01847178,0.04331048,-0.3925523,-0.6746497,-0.2230889,-0.5051863,-0.3788031,-0.6609005,0.5091909,0.2270935
AT3G06420,ATG8H,0.8439798,-0.02838096,0.8074366,-0.3196957,0.4147207,0.2311803,2.020067,-0.8723607,-0.03654313,-1.163675,-0.4292591,-0.6127994,1.176087,0.5732115,-0.2707683,0.5746069,-0.2693729,0.03002854,-0.8139512,1.424378,0.5803979
AT3G06850,BCE2,1.664523,0.4373362,2.546927,1.470319,1.973891,1.045126,2.117349,-1.227186,0.8824047,-0.1942037,0.3093679,-0.6193964,0.4528268,0.9434454,-0.7210773,1.636827,-0.02769614,1.447047,-0.217476,1.819501,0.154978
AT3G09300,ORP3B,0.01298236,-0.01490821,-0.5034894,-0.357068,-0.3021043,-0.3161224,-0.3090587,-0.02789057,-0.5164718,-0.3700504,-0.3150867,-0.3291047,-0.3220411,-0.4319108,-0.4448932,-0.4180268,-0.4310091,-0.3833367,-0.3963191,-0.3202734,-0.3332558
AT3G10410,CPY,0.5036379,0.6871239,0.3410388,0.3863859,0.3518346,0.4091195,0.02946858,0.1834859,-0.1625992,-0.117252,-0.1518033,-0.09451846,-0.4741693,-0.03399824,-0.5376362,0.1384894,-0.3651485,0.2864853,-0.2171526,0.4218152,-0.08182273
AT3G13300,VCS,-0.4578886,-0.3092291,-0.125567,-0.01666088,-0.511553,-0.00677285,-0.2945424,0.1486595,0.3323216,0.4412277,-0.05366437,0.4511158,0.1633462,0.1684457,0.6263343,-0.097161,0.3607276,0.1573132,0.6152018,-0.4391995,0.01868915
AT3G13570,At-SCL30A,-0.4085258,-0.08981753,-0.2795429,-0.0603314,-0.1726719,0.07591831,-0.2853693,0.3187083,0.1289829,0.3481944,0.2358539,0.4844441,0.1231565,-0.1704058,0.23812,-0.3648464,0.04367942,-0.03292146,0.3756044,-0.4066494,0.001876436
AT3G13772,AtTMN7,0.2402432,-0.04574372,-0.01327113,0.08798043,0.2978859,-0.09242464,0.3180722,-0.2859869,-0.2535143,-0.1522628,0.05764269,-0.3326678,0.07782905,-0.3590991,-0.5993423,-0.2002656,-0.4405088,-0.1108989,-0.3511421,0.1216427,-0.1186005
AT3G14310,ATPME3,-0.2694729,-0.559191,-0.7398793,-0.2881115,-0.8079046,-0.4372658,-0.8037846,-0.2897181,-0.4704064,-0.01863858,-0.5384317,-0.1677929,-0.5343117,-0.5605804,-0.2911075,-0.4721529,-0.20268,-0.2488493,0.02062358,-0.8601742,-0.5907013
AT3G15000,MORF8,-0.3278296,-0.3187034,-0.5672665,-0.5389026,-0.860188,-0.2612708,-1.143428,0.009126166,-0.2394369,-0.211073,-0.5323584,0.06655879,-0.8155988,-0.2361286,0.09170103,-0.3571682,-0.02933857,-0.2910818,0.0367478,-0.5108282,-0.1829986
AT3G15950,NAI2,-0.6325881,-0.3159351,0.1145739,1.761633,1.794426,1.229148,0.7149162,0.316653,0.747162,2.394221,2.427014,1.861736,1.347504,-0.720629,-0.08804086,-0.5305159,0.1020722,-0.2996652,0.3329229,0.1549177,0.7875059
AT3G16770,ATEBP,-3.445429,-1.365796,0.148265,-0.1096236,0.4286974,0.8957748,0.6560832,2.079633,3.593694,3.335805,3.874126,4.341203,4.101512,-1.139028,2.3064,-0.4367179,3.008711,-0.2034784,3.24195,-0.08564567,3.359783
AT3G17810,PYD1,0.5539777,0.2144775,0.2758039,0.005419967,0.6894182,0.07566822,1.504459,-0.3395002,-0.2781738,-0.5485577,0.1354405,-0.4783094,0.9504813,-0.3723678,-0.9263455,-0.08364131,-0.637619,-0.0351591,-0.5891368,0.8635084,0.3095308
AT3G18035,HON4,0.1600054,0.03865582,0.585185,0.3029391,0.4211347,0.2657666,0.4530449,-0.1213496,0.4251796,0.1429337,0.2611293,0.1057612,0.2930395,0.08411017,-0.07589524,0.2148575,0.05485204,0.212564,0.05255862,0.2242548,0.06424941
AT3G18830,ATPLT5,0.7381355,0.08866927,0.4943587,0.6397038,1.060979,0.6776748,1.01537,-0.6494662,-0.2437768,-0.09843168,0.3228435,-0.0604607,0.277234,0.005992803,-0.7321427,-0.2008921,-0.9390276,0.4666798,-0.2714557,0.6591133,-0.07902218
AT3G19930,ATSTP4,0.4628232,-0.003956154,0.5251311,-0.06988813,0.6825353,0.2760455,0.6026269,-0.4667794,0.06230791,-0.5327113,0.2197121,-0.1867777,0.1398037,-0.1415431,-0.6043663,-0.1401458,-0.602969,0.4782522,0.015429,0.3022415,-0.1605817
AT3G20060,UBC19,0.4160043,0.2386727,0.7033726,-0.1814023,0.1396646,-0.04333165,0.2368672,-0.1773316,0.2873683,-0.5974066,-0.2763397,-0.459336,-0.1791371,0.3228992,-0.09310514,0.1406556,-0.2753487,-0.2493615,-0.6653658,0.1822227,-0.2337816
AT3G22380,TIC,-0.2466087,-0.3113939,0.244305,0.2860603,-0.05295411,0.03523834,-0.2118304,-0.06478523,0.4909137,0.532669,0.1936546,0.281847,0.03477831,-0.1322986,0.1143101,0.1571943,0.403803,0.2085428,0.4551514,-0.1470604,0.09954825
AT3G23800,SBP3,1.963373,-0.1719504,-0.2313442,0.2265145,0.1020587,0.0328889,1.128623,-2.135323,-2.194717,-1.736859,-1.861314,-1.930484,-0.83475,-0.1621885,-2.125562,0.6712939,-1.292079,0.5517571,-1.411616,0.4590771,-1.504296
AT3G23990,HSP60,-0.4441086,0.3200181,-0.4054227,-0.3418402,-0.9755208,-0.2532212,-1.432091,0.7641267,0.0386859,0.1022684,-0.5314122,0.1908874,-0.9879828,-0.3736267,0.07048191,-0.6568003,-0.2126917,-0.1541805,0.2899281,-0.5273708,-0.08326224
AT3G24300,AMT1;3,-0.04586909,0.1084592,0.02521762,1.226229,1.984906,2.361453,2.925985,0.1543283,0.07108671,1.272098,2.030775,2.407323,2.971854,0.2359668,0.2818359,0.471653,0.5175221,0.2317144,0.2775835,1.410246,1.456115
AT3G24503,ALDH1A,0.6439431,0.3606057,0.9023489,0.4813708,1.489909,1.556479,2.107945,-0.2833373,0.2584058,-0.1625723,0.8459663,0.9125357,1.464002,0.3209113,-0.3230317,0.7238484,0.0799053,1.060113,0.4161704,1.435429,0.7914855
AT3G25530,ATGHBDH,0.4906746,0.4240766,0.2271078,-0.3373032,-0.1275822,0.2179687,-0.07583446,-0.06659802,-0.2635669,-0.8279778,-0.6182568,-0.2727059,-0.5665091,0.2062131,-0.2844615,-0.002007584,-0.4926822,-0.1845906,-0.6752652,0.1975866,-0.2930881
AT3G26690,ATNUDT13,0.1873598,0.2371193,0.6219418,0.6958113,0.8934194,0.8893208,1.79649,0.04975944,0.4345819,0.5084515,0.7060596,0.701961,1.609131,0.4120022,0.2246423,0.5482732,0.3609134,0.7419784,0.5546186,0.9168929,0.7295331
AT3G26780,MEF14,-0.2140295,-0.06088623,-0.7039043,0.3552955,-0.1119251,0.2252804,-0.2106639,0.1531433,-0.4898748,0.569325,0.1021044,0.4393099,0.003365633,-0.4150627,-0.2010332,-0.3066442,-0.09261469,-0.2500304,-0.0360009,-0.3186715,-0.104642
AT3G27890,NQR,0.4594261,-0.1580341,-0.1038745,-0.07781575,0.1034634,0.4693982,1.103124,-0.6174601,-0.5633006,-0.5372418,-0.3559627,0.009972095,0.6436975,0.5572161,0.09779002,0.06346159,-0.3959645,-0.04184492,-0.501271,0.45908,-0.000346065
AT3G28860,ABCB19,-0.704021,-0.0130265,-0.3801279,0.1538259,-0.86728,-0.6445818,-0.9236189,0.6909945,0.3238932,0.8578469,-0.163259,0.05943925,-0.2195979,-0.4512846,0.2527365,-0.3760398,0.3279812,-0.120501,0.58352,-0.8794454,-0.1754244
AT3G29360,UGD2,-0.05939724,0.2567063,-0.55278,-0.4848421,-0.4203621,-0.3281523,-0.5210336,0.3161036,-0.4933827,-0.4254449,-0.3609648,-0.2687551,-0.4616364,-0.4801466,-0.4207494,-0.2542113,-0.1948141,-0.003934028,0.05546321,-0.1018768,-0.04247959
AT3G43800,ATGSTU27,1.222624,0.2148295,0.3756935,-0.05760045,0.5214476,0.6124868,1.513869,-1.007795,-0.8469306,-1.280225,-0.7011765,-0.6101373,0.2912452,0.3426666,-0.8799575,0.2292528,-0.9933713,0.369782,-0.8528421,1.277486,0.05486217
AT3G45600,TET3,0.5985235,-0.1141215,0.4148793,-0.07888727,0.8803591,0.1967652,0.5843984,-0.712645,-0.1836442,-0.6774108,0.2818356,-0.4017583,-0.01412513,0.1730641,-0.4254594,0.1910752,-0.4074483,-0.2743493,-0.8728728,0.8452389,0.2467154
AT3G46640,LUX,0.3670979,0.5654265,0.5532824,0.5520387,0.4202935,1.06526,1.204438,0.1983286,0.1861845,0.1849408,0.05319559,0.6981622,0.83734,0.1260108,-0.2410871,0.2556114,-0.1114865,0.8070391,0.4399412,0.8114325,0.4443346
AT3G47520,MDH,0.1345829,0.4866366,-0.3380165,-0.3367538,-0.2172049,0.01587319,-0.6142912,0.3520537,-0.4725994,-0.4713366,-0.3517878,-0.1187097,-0.748874,-0.267683,-0.4022659,-0.3602325,-0.4948154,-0.1090365,-0.2436194,0.1508944,0.01631151
AT3G47833,SDH7,0.2589754,-0.05887263,-0.01960012,-0.6857824,-0.2273335,-0.2136875,-0.296396,-0.3178481,-0.2785756,-0.9447578,-0.4863089,-0.4726629,-0.5553715,0.4663985,0.2074231,0.1159367,-0.1430387,-0.5374306,-0.796406,0.2331168,-0.02585862
AT3G48750,CDC2,-0.1077343,-0.09568985,0.0994504,-0.3507952,0.1166185,-0.01699731,0.4129856,0.01204448,0.2071847,-0.2430608,0.2243529,0.09073703,0.5207199,-0.141829,-0.03409462,-0.2627077,-0.1549734,0.1319861,0.2397204,0.2174314,0.3251657
AT3G48890,ATMAPR3,0.5012055,0.2524754,0.2529835,-0.1549458,0.3015381,0.2854452,0.4823032,-0.24873,-0.248222,-0.6561513,-0.1996674,-0.2157602,-0.01890229,0.3046273,-0.1965782,0.1738584,-0.3273471,0.2401041,-0.2611013,0.5048477,0.003642244
AT3G48990,AAE3,1.131063,0.05193976,0.6165478,0.904392,0.9451792,1.108664,1.444675,-1.079123,-0.5145152,-0.2266711,-0.1858839,-0.0223991,0.3136115,0.195184,-0.935879,0.6900257,-0.4410374,0.627231,-0.5038321,1.086589,-0.04447378
AT3G49940,LBD38,0.388355,-0.5630463,0.3066475,-0.3308222,0.03140569,0.04761452,0.7075413,-0.9514013,-0.08170748,-0.7191772,-0.3569493,-0.3407405,0.3191863,0.1634044,-0.2249505,0.09114489,-0.2972101,-0.3402758,-0.7286308,0.7150599,0.3267049
AT3G50070,CYCD3;3,-0.4989296,-0.2827383,-0.2708135,0.09209554,-0.1189778,0.05005022,-0.2045635,0.2161913,0.228116,0.5910251,0.3799518,0.5489798,0.294366,-0.1036026,0.395327,-0.3064234,0.1925062,-0.1413335,0.357596,-0.5519302,-0.05300061
AT3G50670,U1-70K,-0.2745605,-0.02633872,-0.2327955,0.1238893,-0.4001325,-0.1423992,-0.5426742,0.2482217,0.04176492,0.3984498,-0.125572,0.1321612,-0.2681137,-0.1831469,0.09141352,-0.1463327,0.1282278,0.1111211,0.3856816,-0.3957156,-0.1211552
AT3G51160,GMD2,0.2928005,0.5068802,0.03954565,-0.5530302,0.132468,0.1525301,0.2162052,0.2140797,-0.2532548,-0.8458307,-0.1603324,-0.1402704,-0.07659522,-0.5911312,-0.8839317,-0.3228593,-0.6156598,-0.1011529,-0.3939533,0.6359251,0.3431247
AT3G51920,ATCML9,0.1652998,-0.3148159,0.5043385,-0.0867482,0.6967366,0.2498464,1.81416,-0.4801157,0.3390387,-0.252048,0.5314368,0.08454653,1.64886,0.537248,0.3719481,0.157717,-0.007582868,0.2666403,0.1013404,0.8907848,0.725485
AT3G52880,ATMDAR1,0.4505779,0.1830106,0.4544042,0.3115812,0.8120052,0.5783835,0.949088,-0.2675674,0.003826263,-0.1389967,0.3614273,0.1278056,0.49851,0.1994625,-0.2511155,0.2385521,-0.2120258,0.1822969,-0.268281,0.7119233,0.2613453
AT3G53460,CP29,0.234121,0.1166517,0.2146294,-0.1299965,0.1261123,0.3507319,0.2109372,-0.1174694,-0.01949159,-0.3641176,-0.1080088,0.1166109,-0.02318384,-0.06659051,-0.3007115,-0.07826545,-0.3123865,0.4744308,0.2403098,0.01357366,-0.2205474
AT3G54260,TBL36,-1.052865,-0.4344914,-0.171383,0.2751448,0.1337759,-0.07455509,0.1354324,0.6183732,0.8814817,1.328009,1.186641,0.9783095,1.188297,-0.2194088,0.8334558,-0.2855135,0.7673512,-0.6025191,0.4503455,-0.8894796,0.1633851
AT3G54590,ATHRGP1,0.2101567,0.2972268,1.472317,-0.4773856,-0.9130144,2.189183,2.907904,0.08707018,1.262161,-0.6875422,-1.123171,1.979026,2.697747,0.06655201,-0.1436047,0.07917414,-0.1309825,0.5229026,0.312746,2.478112,2.267955
AT3G54620,ATBZIP25,0.7416326,0.3606975,0.8093388,0.560023,0.8727011,0.62926,1.4076,-0.3809351,0.0677062,-0.1816096,0.1310685,-0.1123725,0.6659677,0.4658458,-0.2757867,0.7431557,0.001523138,0.7910272,0.04939464,1.040146,0.2985137
AT3G55830,EPC1,0.2422632,0.1533046,0.5502554,0.3912933,0.8868217,0.3437317,0.9602013,-0.08895858,0.3079922,0.1490301,0.6445585,0.1014685,0.7179381,0.2172851,-0.02497809,0.3215097,0.07924649,0.09281941,-0.1494438,0.5111356,0.2688724
AT3G56400,ATWRKY70,0.06043263,0.9224364,2.337076,1.074427,1.644072,2.402498,3.362194,0.8620038,2.276643,1.013995,1.58364,2.342066,3.301762,0.4106182,0.3501855,-0.04006046,-0.1004931,2.489633,2.4292,2.072083,2.01165
AT3G57050,CBL,-0.08279074,-0.2777013,-0.01794696,-0.2443202,-0.05776732,-0.2719404,0.03629935,-0.1949106,0.06484379,-0.1615295,0.02502342,-0.1891496,0.1190901,0.0631289,0.1459196,-0.1639195,-0.08112878,-0.1393002,-0.05650941,-0.2484704,-0.1656796
AT3G57610,ADSS,0.1606067,0.3099078,-0.4409669,-0.07418438,-0.3536543,-0.1052552,-0.7421538,0.1493011,-0.6015736,-0.234791,-0.5142609,-0.2658618,-0.9027604,0.01393556,-0.1466711,-0.200332,-0.3609386,0.01607191,-0.1445348,-0.1697594,-0.3303661
AT3G57650,LPAT2,-0.1875216,-0.06058754,-0.2382128,-0.2015874,-0.1690985,-0.0584249,-0.2320648,0.1269341,-0.0506912,-0.01406573,0.0184231,0.1290967,-0.04454315,-0.0180576,0.169464,-0.3437811,-0.1562595,0.06508416,0.2526058,-0.3413617,-0.15384
AT3G58120,ATBZIP61,-0.4351366,-0.1966977,-0.3670259,-0.6855626,-0.5867841,-0.5406217,0.01775359,0.2384389,0.06811067,-0.250426,-0.1516475,-0.1054851,0.4528902,-0.43624,-0.00110337,-0.4902973,-0.05516068,-0.3578539,0.07728267,-0.4413227,-0.006186087
AT3G59990,MAP2B,0.06178955,-0.005037623,0.009941428,0.02042045,-0.09827673,0.002806941,-0.3413908,-0.06682717,-0.05184812,-0.04136909,-0.1600663,-0.05898261,-0.4031804,0.09451369,0.03272414,0.1337395,0.07194996,-0.02201063,-0.08380018,0.0864664,0.02467685
AT3G61060,AtPP2-A13,1.924503,0.469754,3.245805,1.572741,3.578927,1.5629,3.806245,-1.454749,1.321301,-0.3517625,1.654424,-0.3616029,1.881742,1.391287,-0.5332162,2.632239,0.7077356,1.005521,-0.9189824,3.268722,1.344219
AT3G61070,PEX11E,0.4274413,0.2601735,0.503322,0.05109548,1.119592,0.3477486,1.323174,-0.1672678,0.07588064,-0.3763459,0.6921503,-0.07969275,0.8957323,0.2639433,-0.163498,0.3825431,-0.04489824,0.09827755,-0.3291638,0.8467836,0.4193422
AT3G62600,ATERDJ3B,-0.002744325,0.5707197,0.01417431,-0.07684712,-0.2714881,0.2586002,-0.4570047,0.573464,0.01691863,-0.07410279,-0.2687437,0.2613445,-0.4542604,-0.01327585,-0.01053153,-0.2387084,-0.2359641,0.1202779,0.1230222,0.3285314,0.3312757
AT3G63080,ATGPX5,0.4606046,-0.07590981,0.5138095,-0.1813621,0.556519,0.6648605,1.259785,-0.5365144,0.05320491,-0.6419667,0.09591435,0.2042559,0.7991805,0.6074403,0.1468357,0.4938493,0.03324467,0.3308426,-0.129762,1.171531,0.7109264
AT3G63250,ATHMT-2,0.1626412,-0.03475338,0.03339643,-0.1912698,-0.2799574,-0.220123,-0.3997905,-0.1973946,-0.1292448,-0.353911,-0.4425986,-0.3827642,-0.5624317,0.006369513,-0.1562717,-0.0489941,-0.2116353,-0.1759733,-0.3386145,-0.1758484,-0.3384896
AT4G00430,PIP1;4,-0.6300432,-0.8426848,-0.7645925,-1.201239,-0.6209238,-1.452714,-0.2544772,-0.2126416,-0.1345493,-0.5711955,0.009119387,-0.8226707,0.375566,-0.4991389,0.1309043,-0.455322,0.1747212,-1.039733,-0.40969,-0.834184,-0.2041408
AT4G00830,LIF2,-0.1961892,-0.1374688,0.06206337,0.04083575,-0.02187093,-0.1768542,-0.1862044,0.05872046,0.2582526,0.237025,0.1743183,0.01933505,0.009984869,-0.2753442,-0.07915495,-0.1709286,0.02526062,-0.2199697,-0.02378046,-0.17911,0.01707927
AT4G01480,AtPPa5,0.6390148,0.03092204,0.2651498,-0.5024473,0.9952545,0.5776131,2.060367,-0.6080928,-0.373865,-1.141462,0.3562397,-0.06140176,1.421353,-0.1203879,-0.7594027,0.1723912,-0.4666236,-0.3237271,-0.962742,1.561345,0.9223306
AT4G01750,RGXT2,0.4518548,-0.3650818,-0.2679729,0.1002619,1.53843,0.6073931,1.329342,-0.8169366,-0.7198276,-0.3515929,1.086575,0.1555384,0.8774877,-0.3671663,-0.8190211,-0.5578579,-1.009713,0.4152346,-0.03662011,0.3811776,-0.0706772
AT4G03210,XTH9,-1.224433,-0.2912431,-0.5811451,-0.7358963,-1.009865,0.04485196,-0.7775856,0.9331895,0.6432874,0.4885363,0.214567,1.269284,0.4468469,0.07285083,1.297283,-0.6381652,0.5862673,-0.7558181,0.4686145,-1.253974,-0.02954193
AT4G10380,AtNIP5;1,0.653725,0.1954045,0.1042293,-0.3492521,0.301096,0.7612911,1.334022,-0.4583205,-0.5494958,-1.002977,-0.352629,0.107566,0.6802969,0.478776,-0.174949,0.4497567,-0.2039684,0.2160276,-0.4376974,1.072343,0.4186178
AT4G11220,BTI2,0.05519954,0.10493,0.1531221,-0.001791694,0.2527176,0.3105108,0.2141028,0.04973045,0.09792254,-0.05699123,0.197518,0.2553113,0.1589032,-0.02839421,-0.08359375,0.2953712,0.2401716,-0.2415879,-0.2967874,0.174943,0.1197435
AT4G11240,TOPP7,-0.2546407,-0.05225722,-0.1802899,0.1841758,-0.09733288,-0.1124557,-0.3124036,0.2023834,0.07435076,0.4388165,0.1573078,0.142185,-0.057763,-0.1519546,0.1026861,-0.2934108,-0.0387701,0.05818013,0.3128208,-0.4726471,-0.2180064
AT4G11260,ATSGT1B,0.3073407,0.348408,0.2049294,0.3534254,0.3862894,0.4881675,0.1898453,0.04106732,-0.1024113,0.04608471,0.0789487,0.1808268,-0.1174954,0.1228633,-0.1844775,0.08262446,-0.2247163,0.06747112,-0.2398696,0.412386,0.1050452
AT4G11360,RHA1B,1.153148,-0.1691395,1.977831,-1.316876,0.3456933,-0.8749747,2.150989,-1.322288,0.8246824,-2.470024,-0.807455,-2.028123,0.9978407,0.9002548,-0.2528935,0.3918972,-0.7612512,0.09641175,-1.056737,2.043069,0.889921
AT4G11600,ATGPX6,0.8032531,0.5863748,0.8444707,0.2605683,1.298483,0.7732228,1.383568,-0.2168784,0.04121761,-0.5426848,0.4952295,-0.03003028,0.5803145,0.4844243,-0.3188288,0.233717,-0.5695361,0.4281231,-0.37513,1.42375,0.6204969
AT4G11650,ATOSM34,0.5775534,2.840783,4.051909,-0.6676914,3.083556,2.148024,4.587519,2.263229,3.474356,-1.245245,2.506003,1.570471,4.009966,1.318042,0.7404881,1.430707,0.8531539,2.837384,2.259831,4.450348,3.872795
AT4G12080,AHL1,-0.3353064,-0.5319493,0.1362677,0.1187625,0.4213478,0.211216,0.7414333,-0.1966429,0.4715741,0.4540689,0.7566542,0.5465223,1.07674,-0.1110387,0.2242677,0.004302777,0.3396092,-0.3128797,0.02242673,-0.2053558,0.1299506
AT4G12420,SKU5,-0.1694545,-0.1796795,-0.7673876,-0.4868455,-0.7901786,-0.5496916,-0.84933,-0.01022502,-0.597933,-0.317391,-0.620724,-0.3802371,-0.6798755,-0.707059,-0.5376045,-0.40464,-0.2351855,-0.2717003,-0.1022457,-0.7407021,-0.5712476
AT4G12720,AtNUDT7,0.7914431,0.959122,0.554553,0.5704961,0.3925734,0.8896702,0.7574436,0.1676789,-0.2368901,-0.2209469,-0.3988697,0.09822718,-0.03399947,0.7497543,-0.04168877,0.3414562,-0.4499869,1.486729,0.6952859,0.9343574,0.1429144
AT4G13660,ATPRR2,0.5660721,0.384553,0.3539826,0.3659048,0.6567345,1.193706,2.377239,-0.1815191,-0.2120895,-0.2001673,0.09066236,0.6276343,1.811167,0.301013,-0.2650591,0.5243509,-0.04172127,0.8814567,0.3153846,1.43144,0.8653675
AT4G14710,ATARD2,0.3885301,0.0643837,0.5421786,0.1942573,0.5608799,0.2338587,0.5669828,-0.3241464,0.1536485,-0.1942728,0.1723498,-0.1546714,0.1784528,0.1818905,-0.2066396,0.5676336,0.1791035,0.03081016,-0.3577199,0.8579058,0.4693757
AT4G15780,ATVAMP724,-0.7671447,-0.4109168,0.07700138,-0.5659484,-0.2732997,-0.4129787,-0.111508,0.3562279,0.844146,0.2011963,0.493845,0.3541659,0.6556367,-0.02091753,0.7462271,-0.1314792,0.6356654,-0.3035022,0.4636424,-0.4095398,0.3576048
AT4G16370,ATOPT3,0.142207,0.09573533,0.1202419,0.8940716,-0.795109,0.1312075,-0.03339452,-0.0464717,-0.02196512,0.7518646,-0.937316,-0.01099958,-0.1756016,1.236469,1.094262,-0.2747841,-0.4169911,1.181667,1.03946,-0.573098,-0.715305
AT4G16500,AtCYS4,0.520886,0.3920352,-0.01755235,-0.5253007,0.2858938,0.2830203,-0.1114045,-0.1288508,-0.5384383,-1.046187,-0.2349922,-0.2378657,-0.6322905,0.03540913,-0.4854769,-0.1453605,-0.6662465,0.07619451,-0.4446915,0.638276,0.11739
AT4G17030,AT-EXPR,2.056713,0.8007782,1.081012,0.7269487,0.7474309,2.14805,2.089281,-1.255935,-0.9757018,-1.329765,-1.309282,0.09133653,0.03256761,0.3096366,-1.747077,1.018493,-1.03822,3.804004,1.747291,1.115207,-0.9415066
AT4G17510,UCH3,0.06860039,-0.03303723,0.07705907,-0.5418193,-0.134467,-0.1901302,-0.2708939,-0.1016376,0.008458682,-0.6104197,-0.2030674,-0.2587305,-0.3394943,0.2468815,0.1782811,0.05847469,-0.0101257,-0.2869149,-0.3555153,0.117285,0.0486846
AT4G17640,CKB2,0.01126451,0.06239296,0.1119614,0.009442938,0.205136,-0.02509346,0.07571492,0.05112845,0.1006969,-0.001821575,0.1938715,-0.03635797,0.0644504,0.06306637,0.05180186,-0.01272452,-0.02398904,-0.2557127,-0.2669772,0.1423698,0.1311053
AT4G18040,AT.EIF4E1,-0.3292129,0.1779557,-0.5443463,-0.371455,-0.4719984,-0.3140584,-1.089996,0.5071686,-0.2151334,-0.04224209,-0.1427855,0.01515449,-0.7607835,0.009648444,0.3388614,-0.1435513,0.1856616,-0.2301708,0.09904214,-0.1495594,0.1796535
AT4G19690,ATIRT1,-0.4495303,-0.06080771,0.0145263,0.4301941,-0.9125685,0.3415796,-0.01765614,0.3887226,0.4640566,0.8797244,-0.4630382,0.7911099,0.4318742,3.897668,4.347198,0.2946211,0.7441514,2.284614,2.734144,0.247529,0.6970593
AT4G19840,ATPP2-A1,2.102178,-0.09916946,2.190031,0.9339495,2.211518,1.254619,1.661101,-2.201347,0.08785375,-1.168228,0.1093402,-0.8475582,-0.4410762,0.7420746,-1.360103,1.977079,-0.1250986,0.9110844,-1.191093,1.810744,-0.2914335
AT4G21600,ENDO5,0.3101734,-0.1527197,0.000740101,-0.02801334,0.1008294,-0.05441583,0.3389774,-0.4628932,-0.3094333,-0.3381868,-0.209344,-0.3645893,0.02880396,-0.05786124,-0.3680347,0.1959593,-0.1142141,0.007479737,-0.3026937,0.01469204,-0.2954814
AT4G21680,AtNPF7.2,0.9764106,0.3552239,0.2021346,2.101889,0.6039495,1.902023,1.432775,-0.6211867,-0.774276,1.125478,-0.372461,0.9256124,0.4563641,1.949409,0.972998,1.563713,0.5873022,3.626046,2.649635,0.8737668,-0.1026437
AT4G21810,DER2.1,0.545605,0.2264184,1.031582,0.1344535,0.5714742,0.2910689,1.203447,-0.3191866,0.4859772,-0.4111514,0.0258692,-0.254536,0.6578419,0.3935195,-0.1520854,0.5145797,-0.03102525,0.09517749,-0.4504275,0.6855222,0.1399172
AT4G21830,ATMSRB7,0.9046846,0.04552756,-0.8598956,-0.4577971,-0.3204823,-0.486775,-0.1892503,-0.859157,-1.76458,-1.362482,-1.225167,-1.39146,-1.093935,-0.5908311,-1.495516,-0.7018045,-1.606489,-0.460061,-1.364746,-0.1061576,-1.010842
AT4G21990,APR.3,-0.008761576,0.0339056,-0.2254014,0.2781968,0.2703462,0.3615738,0.2182317,0.04266717,-0.2166398,0.2869584,0.2791078,0.3703354,0.2269932,-0.3816673,-0.3729057,-0.156684,-0.1479224,0.4055288,0.4142903,0.02247187,0.03123345
AT4G22930,DHOASE,0.4503151,0.5452756,0.03028507,0.06730876,0.5395147,0.4328758,0.2698312,0.09496053,-0.42003,-0.3830063,0.08919964,-0.01743932,-0.1804838,-0.2802612,-0.7305763,-0.285213,-0.7355281,-0.04219266,-0.4925077,0.6375478,0.1872327
AT4G23710,VAG2,0.3057552,0.0136788,-0.168281,-0.4863971,-0.09776912,-0.03095798,0.2659559,-0.2920764,-0.4740362,-0.7921523,-0.4035243,-0.3367132,-0.0397993,0.09739823,-0.208357,0.178908,-0.1268473,-0.228761,-0.5345162,0.5843297,0.2785745
AT4G25340,ATFKBP53,-0.02515214,0.06944563,-0.5231424,-0.3377585,-0.7366343,-0.2399386,-1.203064,0.09459778,-0.4979903,-0.3126064,-0.7114822,-0.2147864,-1.177912,0.05013727,0.07528941,-0.3221371,-0.2969849,-0.06513185,-0.03997971,-0.2142445,-0.1890924
AT4G27230,HTA2,-0.3533669,-0.3343419,-0.2798293,-0.7323567,-0.8086173,-0.5468294,-0.9653253,0.01902495,0.07353759,-0.3789898,-0.4552504,-0.1934625,-0.6119584,-0.2152408,0.1381261,-0.3203252,0.03304174,-0.4677264,-0.1143595,-0.4888209,-0.135454
AT4G28040,UMAMIT33,2.666515,0.8404471,3.186034,0.9993006,3.52615,1.970108,3.827264,-1.826068,0.5195191,-1.667214,0.8596354,-0.6964065,1.160749,0.747538,-1.918977,1.695256,-0.9712593,1.433332,-1.233183,3.891529,1.225015
AT4G28910,NINJA,0.1903112,0.1751443,-0.0705634,-0.00970046,-0.07086171,0.04215566,-0.1424777,-0.01516682,-0.2608746,-0.2000116,-0.2611729,-0.1481555,-0.3327889,0.09286769,-0.09744347,-0.1070962,-0.2974074,0.1850968,-0.005214381,-0.03886679,-0.2291779
AT4G30440,GAE1,0.5467885,-0.6346693,-0.02224064,-0.4442491,-0.2312666,-0.4584337,0.2055998,-1.181458,-0.5690291,-0.9910376,-0.7780551,-1.005222,-0.3411887,-0.773551,-1.320339,-0.8023424,-1.349131,-0.1718298,-0.7186183,0.3338676,-0.2129209
AT4G30530,GGP1,0.9215277,0.04165878,0.3653352,0.1064469,0.5476347,0.08194391,0.2215267,-0.879869,-0.5561925,-0.8150808,-0.373893,-0.8395838,-0.7000011,0.2616462,-0.6598815,0.310804,-0.6107237,0.01951365,-0.9020141,0.5539379,-0.3675899
AT4G30550,GGP3,0.4093222,0.4397193,0.4726093,0.1914332,0.5498719,0.5677286,0.666806,0.03039712,0.06328706,-0.217889,0.1405497,0.1584063,0.2574838,0.3850027,-0.0243195,0.3012508,-0.1080715,0.2989828,-0.1103394,0.5767812,0.1674589
AT4G33150,LKR,1.260662,0.1108467,1.160348,1.215856,1.327221,0.9739611,2.558701,-1.149815,-0.1003133,-0.0448058,0.06655929,-0.2867006,1.298039,0.7338796,-0.5267821,1.388168,0.1275065,1.537659,0.2769973,1.469274,0.2086128
AT4G33360,FLDH,0.2931079,0.438296,-0.05019501,-0.07966816,0.3825157,0.2968231,0.4273602,0.1451881,-0.3433029,-0.372776,0.08940782,0.003715203,0.1342523,-0.2672734,-0.5603813,-0.09049042,-0.3835983,-0.08807084,-0.3811787,0.4145409,0.121433
AT4G34350,CLB6,0.3298212,0.01779531,0.7152132,0.4649267,0.8862041,0.2178379,1.107053,-0.3120259,0.385392,0.1351054,0.5563829,-0.1119833,0.7772313,0.395007,0.06518572,0.7946837,0.4648624,-0.07320532,-0.4030266,0.4888676,0.1590464
AT4G34490,ATCAP1,-0.06561932,0.2489594,-0.2813893,-0.4363597,-0.3678674,-0.3593168,-0.4719583,0.3145787,-0.2157699,-0.3707404,-0.3022481,-0.2936975,-0.406339,-0.6089635,-0.5433442,-0.2108975,-0.1452782,-0.3419918,-0.2763724,-0.2581329,-0.1925136
AT4G35310,ATCPK5,0.4068527,0.5569821,-0.07306866,0.2440984,-0.07255114,0.1483162,0.04072572,0.1501293,-0.4799214,-0.1627543,-0.4794039,-0.2585365,-0.366127,0.07113307,-0.3357197,0.1186985,-0.2881542,0.536839,0.1299863,0.2515672,-0.1552855
AT4G36410,UBC17,2.247751,0.01139229,3.587204,0.6883706,2.181634,0.7790925,1.732909,-2.236359,1.339453,-1.55938,-0.06611644,-1.468658,-0.5148423,1.189003,-1.058748,1.864009,-0.383742,0.214851,-2.0329,3.039051,0.7913002
AT4G36690,ATU2AF65A,-0.2655554,-0.000173806,0.03240649,0.2396091,-0.1730899,-0.07218447,-0.2008879,0.2653816,0.2979619,0.5051646,0.09246553,0.1933709,0.06466752,-0.03968992,0.2258655,0.2501167,0.5156721,0.1293169,0.3948723,-0.2012141,0.06434135
AT4G36930,SPT,-0.6102538,0.01454092,0.3573225,-0.2189907,-0.1112318,-0.1215658,0.1512101,0.6247947,0.9675762,0.3912631,0.499022,0.488688,0.7614639,-0.2442841,0.3659697,-0.2806079,0.3296459,-0.1615011,0.4487527,-0.3541258,0.256128
AT4G37010,CEN2,0.9622436,0.3140667,0.6619188,0.8883086,1.310782,1.471218,3.082469,-0.6481769,-0.3003247,-0.07393494,0.3485385,0.508974,2.120225,0.9790078,0.01676422,1.170862,0.2086182,0.9963273,0.03408374,1.838058,0.8758145
AT4G37540,LBD39,-0.5800141,-0.7062611,-0.8201619,-0.2953977,-0.5620441,0.08460285,-0.4185603,-0.126247,-0.2401478,0.2846165,0.01796996,0.664617,0.1614539,-0.2714071,0.308607,0.1413755,0.7213896,-0.7867081,-0.206694,-0.5545922,0.02542195
AT4G37590,MEL1,-0.3749468,0.1394669,-0.1533257,0.2433726,-0.1171279,-0.3836686,-0.1565067,0.5144137,0.2216211,0.6183194,0.2578189,-0.008721806,0.2184401,-0.3816317,-0.006684856,-0.05268191,0.3222649,-0.2424856,0.1324612,-0.4037012,-0.0287544
AT4G38220,AQI,0.8271556,0.01572999,0.07689586,-0.2208282,0.1358366,0.000195375,0.2225708,-0.8114256,-0.7502598,-1.047984,-0.691319,-0.8269603,-0.6045849,-0.1213419,-0.9484975,-0.08403678,-0.9111924,0.03336688,-0.7937887,0.4589392,-0.3682164
AT4G40060,ATHB-16,0.3184922,-0.213543,0.7660248,0.4414013,0.952655,0.8806707,1.950018,-0.5320351,0.4475326,0.1229092,0.6341628,0.5621785,1.631526,0.3931186,0.07462638,0.5618307,0.2433386,0.4298272,0.111335,1.133956,0.8154635
AT5G02260,ATEXP9,0.1391271,-0.1610161,-0.180492,0.5366022,1.276278,0.7161801,0.3226892,-0.3001431,-0.319619,0.3974751,1.137151,0.577053,0.1835621,-0.4953682,-0.6344952,-0.6238723,-0.7629994,-0.44015,-0.5792771,0.5722137,0.4330866
AT5G03455,ACR2,0.08879208,-0.1306573,0.534658,-0.3102441,0.2983962,-0.03318397,0.4206941,-0.2194493,0.4458659,-0.3990362,0.2096042,-0.1219761,0.331902,0.5377052,0.4489131,0.395429,0.3066369,-0.0288691,-0.1176612,0.4056327,0.3168407
AT5G04470,SIM,0.9041212,-0.2086247,0.7785299,-0.2434482,0.9434215,0.6046114,2.097831,-1.112746,-0.1255913,-1.147569,0.03930032,-0.2995098,1.19371,0.6205298,-0.2835913,0.4925073,-0.4116138,-0.09246754,-0.9965887,1.578209,0.6740878
AT5G05080,ATUBC22,-0.2319551,-0.03920311,0.2433665,-0.1525211,-0.149407,-0.1070622,0.1545822,0.1927519,0.4753215,0.07943397,0.08254808,0.1248928,0.3865373,0.08863225,0.3205873,0.02724149,0.2591965,-0.1113889,0.1205662,-0.1946039,0.03735119
AT5G05950,MEE60,-0.2339293,-0.2112818,0.07979604,-0.5655598,-0.01406351,-0.1966142,0.08736288,0.02264745,0.3137253,-0.3316305,0.2198658,0.03731511,0.3212922,0.4771401,0.7110694,0.09773655,0.3316658,-0.3191528,-0.08522347,-0.05012244,0.1838068
AT5G07220,ATBAG3,0.3826432,0.1332238,0.2965051,0.5982454,0.9495795,1.041302,1.952467,-0.2494194,-0.08613814,0.2156022,0.5669362,0.658659,1.569824,0.1852739,-0.1973693,0.5005636,0.1179203,0.4165186,0.03387534,0.8990157,0.5163725
AT5G07350,AtTudor1,-0.1887518,0.382417,-0.1338934,0.4116079,-0.2577711,0.1171027,-0.6684219,0.5711688,0.05485847,0.6003598,-0.06901926,0.3058545,-0.4796701,-0.1643088,0.02444306,-0.1821573,0.006594559,0.1322197,0.3209715,-0.2354671,-0.04671526
AT5G07460,ATMSRA2,0.4442297,0.6595809,0.1648151,-0.0598009,-0.4474665,0.4589016,1.007621,0.2153512,-0.2794146,-0.5040306,-0.8916962,0.01467188,0.5633918,0.8046492,0.3604195,0.08557009,-0.3586596,1.039321,0.5950908,1.05713,0.6129001
AT5G09978,PEP7,0.4289936,0.1013545,-0.1498461,0.7470233,0.989253,1.520842,3.90067,-0.3276391,-0.5788397,0.3180297,0.5602594,1.091848,3.471677,0.8727402,0.4437466,0.4659564,0.03696282,0.4226631,-0.006330528,1.26737,0.8383767
AT5G09980,PROPEP4,-1.032173,-0.4031629,-0.2619732,-1.498446,-1.246238,-1.191711,-0.9572774,0.6290098,0.7701996,-0.4662737,-0.2140649,-0.1595378,0.07489533,-0.3775312,0.6546415,-0.525409,0.5067637,-0.1466118,0.885561,-0.4524759,0.5796969
AT5G10510,AIL6,-0.6718546,-0.195351,-0.004017835,-0.06053481,0.06353851,-0.1751842,-0.1046373,0.4765036,0.6678367,0.6113198,0.7353931,0.4966704,0.5672172,-0.4784431,0.1934114,-0.5484853,0.1233692,-0.02120149,0.6506531,-0.6108227,0.0610319
AT5G10840,EMP1,-0.01092483,0.1289548,-0.2140767,-0.0733669,0.06678735,0.1108087,-0.3210566,0.1398797,-0.2031519,-0.06244208,0.07771217,0.1217335,-0.3101318,-0.4494098,-0.438485,-0.3839448,-0.37302,-0.08636393,-0.07543911,-0.1019254,-0.09100062
AT5G13180,ANAC083,0.6220888,-0.1392496,0.08495171,-0.02962452,0.1446025,0.3797084,1.156722,-0.7613384,-0.5371371,-0.6517133,-0.4774863,-0.2423804,0.534633,0.4683657,-0.153723,0.5252338,-0.09685498,0.3177691,-0.3043196,0.7283281,0.1062393
AT5G14920,GASA14,-0.9944982,-0.5717059,-0.5528878,-0.3444722,-0.5117082,0.3289335,-0.3339919,0.4227923,0.4416105,0.650026,0.48279,1.323432,0.6605064,-0.3328428,0.6616554,-0.8233735,0.1711247,0.1875142,1.182012,-1.030034,-0.03553541
AT5G15490,UGD3,0.6207677,0.02363931,-0.6904109,-0.885887,-0.3554282,-0.1567908,-0.3709428,-0.5971284,-1.311179,-1.506655,-0.9761959,-0.7775585,-0.9917105,-0.5064316,-1.127199,-0.3028945,-0.9236622,-0.4516479,-1.072416,-0.3389134,-0.9596811
AT5G16370,AAE5,0.9275404,0.1412127,2.028577,1.49924,2.235552,1.400004,2.640811,-0.7863278,1.101037,0.5716998,1.308012,0.4724635,1.71327,0.2505796,-0.6769608,0.799541,-0.1279994,0.7092935,-0.218247,1.525534,0.5979938
AT5G18480,PGSIP6,0.07177988,0.1369154,-0.2673748,0.000513153,-0.1616493,-0.105802,0.004444664,0.06513553,-0.3391547,-0.07126673,-0.2334291,-0.1775819,-0.06733522,-0.04849877,-0.1202787,-0.02746119,-0.09924108,0.06719588,-0.004583999,-0.106462,-0.1782419
AT5G18650,MIEL1,0.6137362,0.1082116,1.254672,0.3192411,1.06237,0.439648,1.344713,-0.5055246,0.6409361,-0.2944952,0.448634,-0.1740883,0.730977,0.2642302,-0.349506,0.5991348,-0.0146014,0.1283082,-0.485428,0.8278739,0.2141377
AT5G20900,JAZ12,0.2595325,0.1409909,0.7097591,0.2830821,0.8713866,0.4138393,1.122096,-0.1185415,0.4502266,0.0235496,0.6118542,0.1543069,0.862564,0.1659522,-0.09358026,0.3082326,0.04870016,0.1605392,-0.09899325,0.8755093,0.6159768
AT5G20960,AAO1,-0.1179481,-0.1652661,0.2324514,1.056014,0.3745243,0.2209648,0.2101306,-0.04731796,0.3503995,1.173962,0.4924724,0.338913,0.3280788,0.4185596,0.5365077,0.5509224,0.6688705,0.3651,0.4830482,0.005422841,0.123371
AT5G22000,RHF2A,0.335999,0.02464882,0.8291852,0.915263,0.9827541,0.7472976,1.687193,-0.3113502,0.4931862,0.579264,0.6467551,0.4112986,1.351194,0.3418938,0.005894816,0.6376968,0.3016978,0.422955,0.08695605,0.7003103,0.3643113
AT5G23220,NIC3,2.670381,1.647521,1.159773,-0.2726162,0.9662082,1.253525,2.327789,-1.02286,-1.510608,-2.942997,-1.704173,-1.416856,-0.3425916,-0.4017338,-3.072115,-0.1252289,-2.79561,1.688415,-0.9819661,2.115738,-0.5546428
AT5G24090,ATCHIA,0.6811553,0.6266214,1.466543,0.6472008,1.294,0.7367675,2.610526,-0.05453389,0.7853872,-0.0339545,0.6128451,0.05561217,1.929371,0.1681985,-0.5129568,0.4413621,-0.2397932,1.068425,0.3872699,1.580089,0.8989339
AT5G25540,CID6,0.2671485,0.1555874,0.2852264,0.01286687,0.2852181,0.09286066,0.6901395,-0.1115611,0.01807787,-0.2542817,0.01806954,-0.1742879,0.422991,0.6639742,0.3968257,0.3296189,0.06247043,0.1326851,-0.1344634,0.4864006,0.2192521
AT5G37510,CI76,0.1711495,0.2177012,0.006966255,0.1150788,-0.07669172,0.01402718,-0.4215524,0.04655173,-0.1641832,-0.05607065,-0.2478412,-0.1571223,-0.5927019,-0.2850996,-0.4562491,-0.09360121,-0.2647507,-0.2481948,-0.4193443,-0.2157864,-0.3869358
AT5G38470,RAD23D,-0.06694754,0.129024,-0.1360399,-0.5334966,-0.4679078,-0.2045035,-0.589639,0.1959715,-0.06909235,-0.4665491,-0.4009603,-0.1375559,-0.5226915,-0.01123466,0.05571288,-0.1339755,-0.06702795,-0.3535541,-0.2866066,-0.1462232,-0.07927566
AT5G38630,ACYB-1,0.03375731,0.0324035,-0.07746004,-0.3237914,0.1356779,0.02821517,0.1659907,-0.001353809,-0.1112173,-0.3575488,0.1019206,-0.005542139,0.1322334,0.05775899,0.02400168,-0.1073394,-0.1410967,-0.02325183,-0.05700914,0.006874906,-0.02688241
AT5G40850,UPM1,0.0587936,-0.2936931,-0.757573,0.3790426,-0.5606265,0.4317202,-0.03153936,-0.3524867,-0.8163667,0.320249,-0.6194201,0.3729266,-0.09033296,0.1176837,0.05889015,0.3785825,0.3197889,-0.1851238,-0.2439174,-0.0739407,-0.1327343
AT5G41210,ATGSTT1,0.3345759,0.1153887,0.1428067,0.08740029,0.6591578,0.3516064,0.3543411,-0.2191872,-0.1917691,-0.2471756,0.3245819,0.01703054,0.01976526,0.1954607,-0.1391152,-0.0042461,-0.3388219,-0.1931709,-0.5277467,0.2721006,-0.06247526
AT5G42180,PER64,1.466667,0.3154223,-0.7040738,0.3474674,0.2774904,0.9612922,0.9865371,-1.151244,-2.17074,-1.119199,-1.189176,-0.5053744,-0.4801295,0.6490518,-0.8176148,0.851652,-0.6150146,1.347599,-0.1190677,1.047503,-0.4191639
AT5G43060,RD21B,0.166257,-0.000208354,0.01023362,0.7025116,0.8640871,0.8520295,0.7513616,-0.1664653,-0.1560234,0.5362546,0.6978301,0.6857725,0.5851046,-0.02754936,-0.1938064,-0.1304732,-0.2967302,0.0682843,-0.09797269,0.1247085,-0.04154848
AT5G43350,ATPT1,0.7238439,0.01700467,1.270323,0.6593062,2.43353,1.459952,3.702524,-0.7068392,0.5464788,-0.06453765,1.709687,0.7361086,2.978681,1.138649,0.4148054,1.463667,0.739823,0.5637746,-0.1600692,2.283804,1.55996
AT5G43700,ATAUX2-11,-0.4451171,-0.3257284,-0.3155929,-0.3210887,-0.2430897,-0.06245594,-0.06166544,0.1193887,0.1295242,0.1240284,0.2020274,0.3826612,0.3834517,-0.2976344,0.1474827,-0.3369115,0.1082056,-0.09005921,0.3550579,-0.2932537,0.1518634
AT5G44610,MAP18,0.662175,0.5415605,1.228259,-0.353639,-0.09824829,0.7520568,2.393704,-0.1206146,0.5660844,-1.015814,-0.7604233,0.08988174,1.731529,0.4911515,-0.1710236,0.3921146,-0.2700604,1.143975,0.4817999,2.198163,1.535988
AT5G44790,HMA7,0.4594333,-0.1168622,0.6190746,0.8541536,1.003976,0.2381675,1.22219,-0.5762955,0.1596413,0.3947203,0.5445425,-0.2212658,0.7627569,0.2873787,-0.1720545,0.9698043,0.510371,0.4034551,-0.05597815,0.5987164,0.1392831
AT5G47120,ATBI-1,0.2591752,0.3208285,0.3711891,-0.3826487,0.2281948,0.489139,0.4929818,0.0616533,0.1120139,-0.6418239,-0.03098035,0.2299638,0.2338066,0.07161188,-0.1875633,0.3275667,0.06839154,0.2321778,-0.02699741,0.6499501,0.3907749
AT5G48160,OBE2,0.06731654,0.3096157,0.9553567,1.003886,1.583848,0.7207869,1.694583,0.2422992,0.8880402,0.9365699,1.516532,0.6534704,1.627267,0.413007,0.3456904,0.6168269,0.5495104,0.6182841,0.5509676,0.6495191,0.5822026
AT5G48870,AtLSM5,-0.0810563,0.166791,-0.2584551,-0.4780163,-0.2843228,-0.3175649,-0.7519975,0.2478473,-0.1773988,-0.39696,-0.2032665,-0.2365086,-0.6709412,0.408335,0.4893913,-0.06630083,0.01475547,-0.4335377,-0.3524814,-0.1423029,-0.06124659
AT5G49450,AtbZIP1,1.06397,-0.02730196,3.018441,0.4063428,1.698885,0.8029535,4.057334,-1.091272,1.954471,-0.6576274,0.6349149,-0.2610167,2.993363,0.6014959,-0.4624743,0.4674885,-0.5964817,1.125775,0.0618045,1.892179,0.8282085
AT5G50375,CPI1,0.216193,0.08931233,-0.4446823,-0.5037555,-0.1576847,-0.1480361,-0.6054795,-0.1268807,-0.6608753,-0.7199485,-0.3738777,-0.3642291,-0.8216726,-0.1023946,-0.3185876,-0.4753008,-0.6914939,-0.38569,-0.601883,-0.129122,-0.345315
AT5G50920,ATHSP93-V,0.4681336,0.581017,1.099707,1.108708,0.9422736,0.6639601,0.9243902,0.1128834,0.631573,0.6405742,0.47414,0.1958265,0.4562566,0.2616141,-0.2065194,0.7933492,0.3252156,0.7084411,0.2403075,0.7628921,0.2947585
AT5G53160,PYL8,0.1512228,-0.2503585,0.3301567,0.3618824,0.2838775,0.01333481,0.3590547,-0.4015813,0.1789338,0.2106596,0.1326546,-0.137888,0.2078319,0.0051667,-0.1460561,0.2997669,0.1485441,-0.1881514,-0.3393743,0.2344385,0.08321568
AT5G53450,ORG1,0.5380106,0.317116,0.292664,0.3080756,-0.7782824,-0.01120604,-0.08720274,-0.2208946,-0.2453466,-0.229935,-1.316293,-0.5492167,-0.6252134,1.066166,0.528155,0.1772654,-0.3607452,1.745065,1.207055,-0.0415764,-0.579587
AT5G54160,ATOMT1,0.8056654,-0.2544465,-0.4368066,-0.7420531,-0.5104768,-0.2048868,0.514521,-1.060112,-1.242472,-1.547719,-1.316142,-1.010552,-0.2911444,0.1409054,-0.66476,0.1822947,-0.6233707,-0.1142881,-0.9199535,0.0467449,-0.7589205
AT5G55300,MGO1,-0.225693,-0.04420809,0.1273925,0.0601664,-0.01760133,-0.1870103,-0.1887423,0.1814849,0.3530855,0.2858594,0.2080917,0.03868272,0.03695069,-0.1325999,0.09309307,-0.1131261,0.1125669,-0.1928774,0.03281555,-0.1600305,0.06566245
AT5G56760,ATSERAT1;1,0.5084649,-0.3279617,0.5607978,0.5241474,0.8980401,0.3335648,1.205504,-0.8364266,0.05233295,0.01568251,0.3895752,-0.1749001,0.6970387,0.2140812,-0.2943837,0.6841113,0.1756464,-0.4412898,-0.9497547,0.6600827,0.1516178
AT5G56870,BGAL4,2.972489,-0.03797481,2.464743,0.6884863,2.052648,0.8511781,4.001081,-3.010464,-0.5077461,-2.284003,-0.919841,-2.121311,1.028592,0.990542,-1.981947,2.307164,-0.6653251,1.453597,-1.518892,4.017993,1.045504
AT5G57870,eIFiso4G1,-0.2915124,-0.1503297,-0.4237651,0.04742281,-0.4340182,-0.190047,-0.7142781,0.1411827,-0.1322527,0.3389352,-0.1425058,0.1014654,-0.4227657,-0.3450988,-0.05358639,-0.2549924,0.03652006,-0.0473106,0.2442018,-0.4957944,-0.2042819
AT5G59090,ATSBT4.12,0.8389926,-0.3778745,-0.2800075,0.4291194,-0.02579854,-0.3339595,-0.6062658,-1.216867,-1.119,-0.4098731,-0.8647911,-1.172952,-1.445258,-0.4259511,-1.264944,0.3625238,-0.4764688,0.2423067,-0.5966858,-0.3579921,-1.196985
AT5G59890,ADF4,0.157178,0.008681892,0.2130151,-0.2433656,0.05571606,0.01805208,0.2946133,-0.1484961,0.05583708,-0.4005436,-0.1014619,-0.1391259,0.1374353,0.2635882,0.1064102,0.2471434,0.08996541,-0.2904025,-0.4475805,0.2973625,0.1401845
AT5G60200,TMO6,-0.8353329,-0.2774651,0.5853242,-0.1139842,-0.1387957,-0.05557355,0.1941678,0.5578678,1.420657,0.7213487,0.6965372,0.7797593,1.029501,-0.1092444,0.7260885,-0.1716039,0.663729,0.00822488,0.8435578,-0.5573859,0.277947
AT5G60620,GPAT9,0.1661197,0.01396971,0.2121189,0.06497154,0.2650228,0.163818,0.5176437,-0.15215,0.04599921,-0.1011481,0.09890311,-0.002301694,0.351524,0.1671685,0.001048787,0.1601124,-0.006007296,0.07438322,-0.09173645,0.2134486,0.04732894
AT5G60920,COB,0.04119482,-0.1622584,-0.2985182,-0.1921338,-0.06631375,-0.09165344,0.02099676,-0.2034532,-0.339713,-0.2333286,-0.1075086,-0.1328483,-0.02019806,-0.142095,-0.1832898,-0.3894077,-0.4306025,-0.1152629,-0.1564577,0.04319123,0.001996409
AT5G60950,COBL5,-0.1083486,-0.4601369,-0.5207126,-0.649669,-0.02152805,-0.5711988,-0.04281963,-0.3517883,-0.412364,-0.5413204,0.08682052,-0.4628503,0.06552894,-0.393601,-0.2852524,-0.5206568,-0.4123082,-0.3877488,-0.2794002,0.2596292,0.3679778
AT5G63030,GRXC1,0.5027357,0.3155452,1.287017,0.5779081,1.278549,1.072304,1.283004,-0.1871905,0.7842812,0.07517233,0.7758128,0.5695682,0.7802686,0.4688655,-0.03387027,0.5270885,0.02435279,0.7700693,0.2673336,1.435251,0.9325149
AT5G63660,LCR74,0.00669493,0.5505343,-0.09576413,-1.417461,-1.425568,-1.197768,-1.221898,0.5438394,-0.1024591,-1.424156,-1.432263,-1.204463,-1.228593,0.8699353,0.8632404,-0.0169033,-0.02359823,-0.08885576,-0.09555069,0.3638632,0.3571683
AT5G64200,At-SC35,-0.3839301,-0.1046958,-0.1852423,-0.2502263,-0.4526518,-0.2868621,-0.4878241,0.2792343,0.1986878,0.1337038,-0.06872169,0.09706797,-0.103894,-0.02303989,0.3608902,-0.1572386,0.2266914,-0.1823126,0.2016175,-0.4244786,-0.04054848
AT5G64260,EXL2,0.6183918,-0.5196224,0.6973796,-0.1175613,0.8223975,0.380618,1.671044,-1.138014,0.0789878,-0.7359531,0.2040057,-0.2377738,1.052652,-0.149288,-0.7676798,0.08472408,-0.5336677,0.414183,-0.2042088,0.723215,0.1048231
AT5G65050,AGL31,-0.3476131,-0.2423577,0.1541775,1.086687,1.052412,1.401439,1.36639,0.1052554,0.5017906,1.4343,1.400025,1.749052,1.714003,0.2933242,0.6409373,0.127699,0.4753122,0.2176097,0.5652229,-0.03160838,0.3160048
AT5G65480,CCI1,0.4184576,0.02662081,0.6936357,0.1322047,0.586011,0.6130458,1.827952,-0.3918367,0.2751782,-0.2862529,0.1675534,0.1945882,1.409494,0.505067,0.08660945,0.7251886,0.306731,-0.01978186,-0.4382394,1.075674,0.6572162
AT5G65700,BAM1,-0.7094893,-0.1198239,-0.03691396,0.7776016,0.05825163,-0.3300947,-0.04833618,0.5896654,0.6725753,1.487091,0.7677409,0.3793946,0.6611531,-0.4689824,0.2405068,-0.3686098,0.3408795,-0.08020798,0.6292813,-0.7876578,-0.07816855
AT5G66040,STR16,1.328105,-0.2285119,1.534537,-0.03550581,1.502904,1.084325,3.453005,-1.556617,0.2064323,-1.363611,0.1747992,-0.2437802,2.1249,1.245221,-0.08288433,1.176049,-0.1520556,0.4570958,-0.8710091,2.566988,1.238883
AT5G66170,STR18,-0.1511724,1.72628,2.687025,0.5010531,2.200685,2.102159,2.071881,1.877452,2.838197,0.6522254,2.351857,2.253331,2.223053,0.9944256,1.145598,1.61885,1.770022,2.481643,2.632815,2.683219,2.834392
AT5G66390,PRX72,1.824767,0.6757682,-0.3500197,0.8614019,0.8728372,1.340615,1.046912,-1.148999,-2.174787,-0.9633652,-0.9519299,-0.4841525,-0.7778548,0.5036273,-1.32114,0.813841,-1.010926,1.89625,0.07148263,1.065453,-0.7593139
AT5G67320,HOS15,-0.3368302,-0.311223,0.02610612,-0.2799097,-0.2639605,-0.1635381,-0.4234305,0.02560721,0.3629364,0.05692057,0.07286973,0.1732922,-0.0866003,0.03577315,0.3726034,-0.1382263,0.1986039,-0.006884723,0.3299455,-0.2592179,0.07761231
ATCG00170,RPOC2,-0.7478107,0.1132623,-0.3263694,0.0208679,-0.6918549,-0.4644542,-1.11257,0.861073,0.4214413,0.7686786,0.05595584,0.2833565,-0.3647589,0.04575757,0.7935683,0.07893785,0.8267486,0.142759,0.8905697,-0.880712,-0.1329013
ATCG00740,RPOA,-1.073822,-0.1073671,-0.3057451,0.1252028,-0.4252975,-0.338571,-0.6803741,0.966455,0.768077,1.199025,0.6485247,0.7352512,0.3934481,-0.3200337,0.7537885,0.115847,1.189669,-0.0105434,1.063279,-0.9296744,0.1441478
ATCG00830,RPL2.1,-0.9284411,-0.05544636,-0.1699459,0.4603478,-0.3693301,-0.4814349,-0.7807397,0.8729947,0.7584951,1.388789,0.5591109,0.4470062,0.1477014,-0.1152162,0.8132249,0.4264538,1.354895,-0.1328316,0.7956094,-0.8444725,0.08396856
ATMG01190,ATP1,-0.716724,0.0429518,0.151637,0.06295654,-0.30351,-0.139914,-0.7375229,0.7596758,0.868361,0.7796805,0.413214,0.57681,-0.02079886,-0.3463634,0.3703606,0.3281727,1.044897,0.3469661,1.06369,-0.1740593,0.5426647
