TAIR,SYMBOL,Log2fc_.Col.0_GC_Alight.v.Col.0_GC_dark.,Log2fc_.Col.0_GC_Alight.v.Col.0.PhyD_FLT_Alight.,Log2fc_.Col.0_GC_Alight.v.Col.0.PhyD_FLT_dark.,Log2fc_.Col.0_GC_Alight.v.Col.0.PhyD_GC_Alight.,Log2fc_.Col.0_GC_Alight.v.Col.0.PhyD_GC_dark.,Log2fc_.Col.0_GC_Alight.v.Ws_FLT_Alight.,Log2fc_.Col.0_GC_Alight.v.Ws_FLT_dark.,Log2fc_.Col.0_GC_Alight.v.Ws_GC_Alight.,Log2fc_.Col.0_GC_Alight.v.Ws_GC_dark.,Log2fc_.Col.0_GC_dark.v.Col.0.PhyD_FLT_Alight.,Log2fc_.Col.0_GC_dark.v.Col.0.PhyD_FLT_dark.,Log2fc_.Col.0_GC_dark.v.Col.0.PhyD_GC_Alight.,Log2fc_.Col.0_GC_dark.v.Col.0.PhyD_GC_dark.,Log2fc_.Col.0_GC_dark.v.Ws_FLT_Alight.,Log2fc_.Col.0_GC_dark.v.Ws_FLT_dark.,Log2fc_.Col.0_GC_dark.v.Ws_GC_Alight.,Log2fc_.Col.0_GC_dark.v.Ws_GC_dark.,Log2fc_.Col.0_GC_Alight.v.Col.0_FLT_Alight.,Log2fc_.Col.0_GC_dark.v.Col.0_FLT_Alight.,Log2fc_.Col.0_GC_Alight.v.Col.0_FLT_dark.,Log2fc_.Col.0_GC_dark.v.Col.0_FLT_dark.
AT1G01550,BPS1,0.423912994,-0.07988344,0.28589344,-0.083387813,0.046815523,-0.000694094,0.392172992,-0.012432015,0.705816476,-0.503796434,-0.138019554,-0.507300807,-0.377097471,-0.424607088,-0.031740002,-0.43634501,0.281903482,0.161524003,-0.262388991,0.301578789,-0.122334205
AT1G01720,ANAC002,0.37100287,-0.481160562,-0.141531373,-0.176492707,0.409050221,0.162812016,0.45240873,0.056161328,0.742928076,-0.852163432,-0.512534243,-0.547495578,0.03804735,-0.208190855,0.08140586,-0.314841542,0.371925206,-0.477744928,-0.848747798,-0.387514289,-0.758517159
AT1G02130,ARA-5,0.350673494,0.272708973,0.346241721,0.193570398,0.205368177,0.041339891,0.371788154,0.227752946,0.352718356,-0.077964521,-0.004431773,-0.157103096,-0.145305317,-0.309333603,0.02111466,-0.122920548,0.002044862,0.428660413,0.077986919,0.24101975,-0.109653744
AT1G02840,At-SR34,-0.488233832,-0.13580779,-0.658519258,-0.374595222,-0.090449538,-0.12278609,-0.15094846,-0.240741062,-0.17903253,0.352426042,-0.170285427,0.11363861,0.397784293,0.365447741,0.337285372,0.24749277,0.309201301,-0.299716562,0.18851727,-0.270278775,0.217955056
AT1G03860,ATPHB2,0.267445604,0.148655679,0.208555165,0.478465125,-0.103276132,0.005539724,-0.077591156,0.078156298,-0.47916509,-0.118789925,-0.058890439,0.211019522,-0.370721736,-0.26190588,-0.34503676,-0.189289305,-0.746610694,0.270975621,0.003530017,-0.054168604,-0.321614207
AT1G03900,ABCI18,0.203863418,0.055867904,-0.11224898,-0.015684362,0.237877788,-0.10466971,0.182189567,0.169129894,0.463405531,-0.147995514,-0.316112398,-0.21954778,0.034014369,-0.308533128,-0.021673851,-0.034733524,0.259542113,-0.060532166,-0.264395585,0.039685029,-0.164178389
AT1G04250,AXR3,1.025236805,0.758372844,0.36587841,0.404270889,0.203904846,0.328123393,0.219803651,-0.172368175,0.973627048,-0.266863961,-0.659358394,-0.620965916,-0.821331959,-0.697113411,-0.805433153,-1.19760498,-0.051609756,0.469492195,-0.55574461,0.562653292,-0.462583512
AT1G04870,ATPRMT10,-0.120303286,0.036713457,0.136793205,0.205660571,-0.138920169,0.087904368,-0.195265721,0.081139938,-0.441584435,0.157016743,0.257096491,0.325963857,-0.018616883,0.208207653,-0.074962435,0.201443223,-0.32128115,-0.042577139,0.077726146,-0.264903975,-0.14460069
AT1G06040,BBX24,3.837255637,2.4589407,2.81679696,0.682828663,4.690210594,1.466199561,4.218588571,-0.023045168,3.917983559,-1.378314937,-1.020458677,-3.154426974,0.852954958,-2.371056075,0.381332935,-3.860300805,0.080727922,2.586184187,-1.251071449,3.33771213,-0.499543507
AT1G06390,ATGSK1,-0.002281524,0.000333368,-0.03571707,0.011400672,0.325597329,-0.082943136,-0.044436177,-0.093855676,0.185413946,0.002614892,-0.033435546,0.013682196,0.327878853,-0.080661612,-0.042154653,-0.091574152,0.18769547,-0.077483388,-0.075201864,-0.124139859,-0.121858335
AT1G07420,ATSMO1,-0.278745628,-0.077566771,-0.141079252,-0.087722505,-0.452644573,-0.398092269,-0.30323113,-0.402456288,-0.189955814,0.201178856,0.137666375,0.191023123,-0.173898945,-0.119346641,-0.024485503,-0.123710661,0.088789814,-0.01690201,0.261843618,-0.385106351,-0.106360723
AT1G07790,HTB1,-0.083810826,0.226591701,-0.292339619,0.043650573,0.105984625,-1.033278916,-1.253963463,-0.841596274,-1.511574313,0.310402528,-0.208528793,0.127461399,0.189795451,-0.94946809,-1.170152637,-0.757785448,-1.427763487,0.325816408,0.409627234,-0.162134445,-0.078323619
AT1G08650,ATPPCK1,0.951079058,0.856757839,0.852299791,0.409865296,0.550366284,1.266551646,1.520843814,1.283489876,1.805221627,-0.094321219,-0.098779267,-0.541213762,-0.400712775,0.315472588,0.569764755,0.332410818,0.854142568,0.856917167,-0.094161892,0.896014617,-0.055064441
AT1G08880,G-H2AX,0.267700194,0.313604021,0.403814119,0.229121386,0.210327339,-0.673583437,-0.37764262,-0.341050839,-0.489731444,0.045903827,0.136113926,-0.038578808,-0.057372855,-0.941283631,-0.645342814,-0.608751033,-0.757431638,0.527287385,0.259587192,0.143502597,-0.124197596
AT1G10030,ERG28,0.582600234,0.509128817,0.401995889,0.461961877,0.221088212,-0.051872726,0.222437625,0.310183555,0.037097049,-0.073471417,-0.180604345,-0.120638357,-0.361512021,-0.63447296,-0.360162609,-0.272416679,-0.545503185,0.663017148,0.080416915,0.430542801,-0.152057432
AT1G11475,NRPB10,0.027158642,0.233679065,-0.107572371,0.166210611,0.096658744,-0.215610327,-0.12549098,0.030563918,-0.61164879,0.206520423,-0.134731013,0.139051969,0.069500102,-0.24276897,-0.152649622,0.003405276,-0.638807432,0.695815788,0.668657146,0.123886526,0.096727884
AT1G11650,ATRBP45B,-0.05559234,-0.224810387,-0.010492554,-0.135287272,0.096720735,-0.458524381,-0.223706275,-0.247643443,-0.250233843,-0.169218047,0.045099785,-0.079694933,0.152313075,-0.402932041,-0.168113936,-0.192051104,-0.194641503,-0.367346373,-0.311754034,-0.166977911,-0.111385571
AT1G11840,ATGLX1,0.541539809,0.569879982,0.712417286,0.498187392,0.324622235,0.29067881,0.62076653,0.184346135,0.033784689,0.028340173,0.170877477,-0.043352416,-0.216917573,-0.250860999,0.079226722,-0.357193674,-0.50775512,0.469985581,-0.071554228,0.367784813,-0.173754995
AT1G12910,ATAN11,0.077000391,-0.001917366,0.026643477,0.16970234,0.289697628,0.311002428,0.489415304,0.254841702,0.554779689,-0.078917757,-0.050356915,0.092701949,0.212697236,0.234002036,0.412414912,0.177841311,0.477779298,0.278605934,0.201605543,0.266591891,0.1895915
AT1G13280,AOC4,0.452043469,0.068538775,0.515082099,0.293199611,0.222496468,-0.525350661,-0.031394212,-0.162614541,0.211522739,-0.383504694,0.06303863,-0.158843859,-0.229547002,-0.977394131,-0.483437682,-0.614658011,-0.240520731,-0.081256163,-0.533299633,0.007371679,-0.444671791
AT1G13560,AAPT1,-0.20647663,-0.024522311,0.015784082,0.027133656,-0.351162151,-0.037217767,-0.069856176,-0.158693379,-0.31903471,0.181954319,0.222260713,0.233610286,-0.144685521,0.169258863,0.136620454,0.047783251,-0.11255808,-0.07690751,0.12956912,-0.196980712,0.009495918
AT1G13590,ATPSK1,1.092047029,-0.620794947,0.419449721,-0.170413674,0.403151689,-0.673206767,0.750167134,0.284592863,1.206264328,-1.712841976,-0.672597308,-1.262460704,-0.68889534,-1.765253797,-0.341879895,-0.807454166,0.114217299,-0.053882483,-1.145929513,-0.524906585,-1.616953615
AT1G14620,DECOY,0.147247955,0.323217493,0.062178558,0.358931859,0.106008463,-0.069542422,0.03399929,0.065274669,-0.428721649,0.175969537,-0.085069397,0.211683903,-0.041239492,-0.216790377,-0.113248665,-0.081973286,-0.575969605,0.508279385,0.361031429,0.071367728,-0.075880228
AT1G14870,AtPCR2,1.139897191,-0.990696072,-0.297149091,-0.627363398,0.379875499,-0.656468179,0.420283084,0.094341802,2.74783848,-2.130593263,-1.437046281,-1.767260589,-0.760021691,-1.79636537,-0.719614107,-1.045555388,1.607941289,0.101156636,-1.038740555,-0.326569868,-1.466467058
AT1G14900,HMGA,-0.085061317,0.406066425,-0.103271011,-0.061283072,0.418851501,0.515816634,0.53009759,0.804146761,0.588451961,0.491127742,-0.018209695,0.023778244,0.503912818,0.600877951,0.615158907,0.889208078,0.673513278,0.37144309,0.456504407,0.045392952,0.130454269
AT1G15500,ATNTT2,-0.528527761,-0.325328751,-0.390607292,-0.203206188,-0.022174597,-0.134866637,-0.288881648,-0.352526295,-0.314755053,0.20319901,0.137920469,0.325321574,0.506353165,0.393661124,0.239646113,0.176001466,0.213772708,-0.467422401,0.06110536,-0.53319797,-0.004670209
AT1G15950,ATCCR1,0.304795489,0.262029493,0.290131273,-0.215871347,0.252170423,0.197144484,0.728515458,0.426590687,1.021804018,-0.042765997,-0.014664216,-0.520666836,-0.052625066,-0.107651006,0.423719968,0.121795198,0.717008529,0.185104896,-0.119690593,0.466772536,0.161977047
AT1G16240,ATSYP51,0.571982389,0.006106908,0.289407772,-0.057391147,0.687780729,-0.11747879,0.375317265,-0.076847645,0.734481257,-0.565875481,-0.282574617,-0.629373536,0.11579834,-0.689461179,-0.196665124,-0.648830034,0.162498868,0.423671718,-0.148310671,0.585672612,0.013690223
AT1G16470,PAB1,0.467595846,0.451549135,0.434826606,0.529458199,0.095076584,0.117984542,0.189963612,0.339398956,-0.023848994,-0.016046711,-0.03276924,0.061862352,-0.372519262,-0.349611305,-0.277632235,-0.12819689,-0.49144484,0.588500036,0.12090419,0.248188168,-0.219407678
AT1G16610,AtSR45,-0.529598854,0.004126743,-0.337251029,-0.158647412,-0.509984419,-0.032052372,-0.233643839,0.061136043,-0.326606764,0.533725597,0.192347825,0.370951442,0.019614435,0.497546482,0.295955015,0.590734897,0.20299209,-0.242779869,0.286818985,-0.430774045,0.098824809
AT1G17170,ATGSTU24,-0.333362453,-0.247410756,-0.398873476,-0.293156158,-1.018498155,-1.047966836,-1.090549598,-1.195003863,-0.205732439,0.085951697,-0.065511023,0.040206295,-0.685135701,-0.714604382,-0.757187145,-0.86164141,0.127630014,-0.222469889,0.110892564,-0.410362568,-0.077000115
AT1G20200,EMB2719,0.360001219,0.275653013,0.489042885,0.520908307,0.127113454,0.007799679,0.026397487,0.121400721,-0.149813568,-0.084348206,0.129041666,0.160907088,-0.232887765,-0.35220154,-0.333603732,-0.238600498,-0.509814786,0.140568804,-0.219432415,0.144929481,-0.215071738
AT1G20260,AtVAB3,0.304763738,-0.141645496,0.349133922,0.195970601,0.193976676,0.012459026,0.389076173,0.135143852,0.439284174,-0.446409234,0.044370184,-0.108793137,-0.110787062,-0.292304711,0.084312435,-0.169619885,0.134520436,-0.206929905,-0.511693642,-0.091449605,-0.396213342
AT1G20850,XCP2,-0.877802222,-0.114397725,0.533039704,-0.351606457,-0.26891771,-0.331856495,0.648237661,-0.335180656,-0.173514106,0.763404497,1.410841926,0.526195765,0.608884512,0.545945727,1.526039883,0.542621565,0.704288116,-0.452661832,0.425140389,0.664616758,1.54241898
AT1G21190,LSM3A,0.316259721,0.277446418,0.047324004,0.215119972,0.121555382,-0.135713347,0.113828685,0.207817391,-0.218733901,-0.038813302,-0.268935716,-0.101139748,-0.194704338,-0.451973068,-0.202431035,-0.10844233,-0.534993621,0.572841632,0.256581911,0.313428784,-0.002830936
AT1G23400,ATCAF2,0.043331936,0.280046128,-0.156858019,0.325050713,-0.151792843,0.244436996,0.146160945,0.432647293,-0.355936666,0.236714192,-0.200189955,0.281718777,-0.195124779,0.20110506,0.102829009,0.389315357,-0.399268602,0.409864222,0.366532286,0.06493807,0.021606134
AT1G23820,SPDS1,-0.05832828,0.109716876,0.113979751,0.051112815,-0.13628856,-0.063065908,-0.056568087,-0.012727109,-0.621306237,0.168045156,0.172308031,0.109441095,-0.07796028,-0.004737628,0.001760193,0.045601171,-0.562977957,0.047302958,0.105631238,0.007391469,0.065719749
AT1G24180,IAR4,0.694616595,0.404443295,0.695380416,0.563484073,0.231793317,0.22388501,0.398713998,0.145507763,0.362209739,-0.2901733,0.000763821,-0.131132522,-0.462823278,-0.470731584,-0.295902597,-0.549108831,-0.332406856,0.24344387,-0.451172725,0.240315399,-0.454301196
AT1G24880,AtLpxC2,0.075113102,-0.035527828,-0.315405762,-0.461386341,0.560179784,12.17295718,12.16940031,10.93441921,12.15370801,-0.11064093,-0.390518864,-0.536499443,0.485066682,12.09784408,12.09428721,10.8593061,12.07859491,1.012023313,0.936910211,0.725498409,0.650385307
AT1G26110,DCP5,-0.293011801,0.087342575,0.046278424,0.124813318,-0.064318707,0.15860057,0.099526562,0.092722445,-0.117215832,0.380354375,0.339290225,0.417825119,0.228693094,0.451612371,0.392538363,0.385734246,0.175795969,-0.30212288,-0.009111079,-0.219270585,0.073741216
AT1G26670,ATVTI12,0.517192081,-0.025345962,0.296509226,-0.16745671,0.704212129,0.136115361,0.362109876,0.004213798,0.804456669,-0.542538044,-0.220682855,-0.684648791,0.187020047,-0.38107672,-0.155082205,-0.512978284,0.287264588,0.088548354,-0.428643728,0.322614179,-0.194577903
AT1G27130,ATGSTU13,0.078929964,0.185769464,0.203329418,0.182595258,-0.209554144,1.263239909,1.035148819,1.423906994,1.372713844,0.106839501,0.124399454,0.103665294,-0.288484108,1.184309945,0.956218855,1.34497703,1.29378388,-0.011766918,-0.090696882,-0.030243119,-0.109173083
AT1G27650,ATU2AF35A,-0.356886765,-0.198219438,-0.638346542,-0.414907197,0.125147299,-0.191369326,-0.135120749,0.082454409,0.201562775,0.158667327,-0.281459777,-0.058020432,0.482034064,0.165517438,0.221766015,0.439341174,0.55844954,-0.216210719,0.140676046,-0.22049158,0.136395185
AT1G29150,ATS9,0.396131248,0.153338501,0.43882473,0.627238936,0.012924437,-0.1557346,0.00120087,0.316644635,-0.142043674,-0.242792747,0.042693482,0.231107688,-0.383206811,-0.551865848,-0.394930378,-0.079486613,-0.538174922,-0.050695895,-0.446827143,0.034741413,-0.361389835
AT1G29990,PFD6,0.396132391,0.310366846,0.387254469,0.378632888,0.047599205,-0.043210475,0.140599518,0.230420789,-0.165043671,-0.085765545,-0.008877922,-0.017499503,-0.348533186,-0.439342866,-0.255532873,-0.165711602,-0.561176061,0.649354778,0.253222387,0.322050889,-0.074081501
AT1G30120,PDH-E1,0.199643913,0.464316623,0.325278283,0.36252062,-0.012183533,0.049367296,-0.060121646,0.101247622,-0.274999078,0.26467271,0.12563437,0.162876707,-0.211827445,-0.150276617,-0.259765559,-0.09839629,-0.474642991,0.396094123,0.19645021,0.256072033,0.05642812
AT1G30360,ERD4,0.438840584,0.687448723,0.308847155,0.208035813,0.732846985,1.126893622,1.931628382,0.832851182,2.016570121,0.248608139,-0.129993429,-0.230804771,0.294006401,0.688053038,1.492787798,0.394010598,1.577729537,0.166169863,-0.272670721,0.525617412,0.086776828
AT1G30510,ATRFNR2,1.024524,0.6608767,1.204411,0.8689351,0.05658963,0.4330536,0.5502603,0.7779648,0.2639311,-0.363647,0.1798877,-0.1555886,-0.967934,-0.5914701,-0.4742634,-0.2465589,-0.7605926,0.479271,-0.5452526,0.7552894,-0.2692343
AT1G31970,STRS1,-0.3801573,-0.02207688,-0.3846216,-0.1186885,-0.2246694,0.05766734,-0.5141079,-0.02110218,-0.9112348,0.3580804,-0.004464261,0.2614688,0.1554879,0.4378247,-0.1339506,0.3590551,-0.5310775,0.1332264,0.5133837,-0.1933154,0.1868419
AT1G35580,A/N-InvG,-0.100964,-0.7579997,-0.1850217,-0.932052,-0.1538057,0.0524282,-0.1591527,-0.4595442,0.02313493,-0.6570357,-0.08405773,-0.831088,-0.05284169,0.1533922,-0.05818872,-0.3585803,0.1240989,-0.4713778,-0.3704138,-0.1186292,-0.01766525
AT1G43890,ATRAB-C1,0.4491029,0.2530325,0.2386485,0.3388541,0.3448683,0.0582345,0.259139,0.2327559,0.2550941,-0.1960704,-0.2104544,-0.1102488,-0.1042346,-0.3908684,-0.1899639,-0.216347,-0.1940088,0.4368183,-0.01228462,0.4260281,-0.02307475
AT1G47200,WPP2,0.1574225,0.266559,0.1883377,0.4173661,-0.001944058,-0.4223893,-0.1785273,-0.02064533,-0.1285804,0.1091365,0.03091524,0.2599437,-0.1593665,-0.5798118,-0.3359498,-0.1780678,-0.2860029,0.2525804,0.09515798,0.01414163,-0.1432808
AT1G49480,RTV1,0.07465469,0.1919874,-0.03419813,0.125946,0.187927,0.03969823,0.1898272,-0.01843685,0.2217039,0.1173327,-0.1088528,0.05129129,0.1132723,-0.03495646,0.1151725,-0.09309154,0.1470492,0.3438077,0.269153,0.09802803,0.02337334
AT1G50370,AtFYPP1,0.1333168,0.1694411,0.2814254,0.1249402,0.05229511,-0.1227931,-0.06171045,-0.1484339,-0.1428318,0.03612431,0.1481087,-0.008376632,-0.08102169,-0.2561099,-0.1950272,-0.2817507,-0.2761486,0.138306,0.004989171,0.1649156,0.0315988
AT1G50430,7RED,0.1064309,0.09188104,0.2636126,0.4910597,0.1416032,0.04667371,0.2230745,0.06712678,0.03168026,-0.01454991,0.1571817,0.3846287,0.03517224,-0.05975723,0.1166436,-0.03930417,-0.07475069,-0.09941022,-0.2058412,-0.1426849,-0.2491159
AT1G53320,AtTLP7,0.1979551,0.01117243,-0.2611776,0.1533264,0.4968551,0.8294804,1.305953,1.129816,1.460141,-0.1867827,-0.4591327,-0.04462874,0.2989,0.6315252,1.107998,0.9318613,1.262186,0.1451831,-0.05277206,0.1063072,-0.09164791
AT1G53850,ATPAE1,0.4052914,0.4325922,0.4982691,0.5139568,0.2712079,-0.4841694,-0.4255734,-0.4906403,-0.6301971,0.02730075,0.09297768,0.1086654,-0.1340835,-0.8894608,-0.8308648,-0.8959318,-1.035489,0.5245832,0.1192917,0.4976477,0.09235631
AT1G54000,GLL22,0.08294163,0.1990995,0.2539597,0.1034378,-0.4697484,-0.05635436,0.3523638,0.5569771,-0.5676703,0.1161579,0.1710181,0.02049615,-0.5526901,-0.139296,0.2694222,0.4740355,-0.650612,-0.2921175,-0.3750591,-0.4591658,-0.5421074
AT1G54080,UBP1A,0.01605403,0.008106025,-0.2309573,-0.1834169,0.1976156,0.005010622,-0.02102548,-0.009997403,-0.0118226,-0.007948007,-0.2470113,-0.1994709,0.1815616,-0.01104341,-0.03707952,-0.02605143,-0.02787663,-0.2537787,-0.2698327,0.01988676,0.003832731
AT1G54270,EIF4A-2,-0.361891,-0.08578621,-0.215128,0.0996161,-0.4245052,-0.4373022,-0.6245521,-0.1277036,-0.8505942,0.2761048,0.1467631,0.4615071,-0.06261419,-0.07541121,-0.262661,0.2341874,-0.4887032,-0.4577586,-0.09586755,-0.4068302,-0.04493922
AT1G54690,G-H2AX,0.1129264,0.1826631,-0.04904016,0.2401681,-0.3023076,-0.5394044,-0.4480553,0.04130468,-0.8100467,0.06973673,-0.1619666,0.1272417,-0.415234,-0.6523308,-0.5609817,-0.07162173,-0.9229732,0.4890945,0.3761681,-0.2413246,-0.354251
AT1G58380,XW6,0.09417335,0.2898735,0.09360519,0.3802546,-0.3630886,-0.8307137,-1.073902,-0.7180472,-1.520765,0.1957001,-0.000568169,0.2860812,-0.4572619,-0.9248871,-1.168075,-0.8122206,-1.614938,0.03704522,-0.05712813,-0.1620484,-0.2562218
AT1G61250,AtSCAMP1,0.2188031,-0.1635414,0.1449268,-0.114127,0.1362067,-0.3719687,-0.03859139,-0.1218639,0.1745183,-0.3823445,-0.07387638,-0.3329301,-0.08259642,-0.5907718,-0.2573945,-0.3406671,-0.04428483,-0.0243683,-0.2431714,-0.01662525,-0.2354284
AT1G63000,NRS/ER,0.955259,0.5736389,0.8132693,0.957335,0.06524289,-0.382172,0.1262852,0.05563248,-0.3046919,-0.38162,-0.1419897,0.002076054,-0.8900161,-1.337431,-0.8289738,-0.8996265,-1.259951,0.3135448,-0.6417141,0.3067794,-0.6484795
AT1G64720,CP5,0.7366031,0.1569702,0.07010496,-0.3251329,1.447391,0.7395966,1.547852,0.04175873,1.858599,-0.5796329,-0.6664981,-1.061736,0.7107882,0.002993471,0.8112488,-0.6948443,1.121996,0.1387245,-0.5978786,0.7135568,-0.02304625
AT1G65960,GAD2,1.143442,-2.28066,0.1296897,-1.80006,0.09089724,-2.234703,0.2388594,-0.4251368,2.166696,-3.424103,-1.013753,-2.943502,-1.052545,-3.378146,-0.9045831,-1.568579,1.023253,-0.5001569,-1.643599,-0.5049623,-1.648405
AT1G68000,ATPIS,0.4402785,0.4001327,0.513221,0.6591149,0.3855071,0.08414753,0.3233373,0.1026736,0.2688207,-0.04014577,0.07294252,0.2188364,-0.05477134,-0.3561309,-0.1169411,-0.3376048,-0.1714578,0.5574772,0.1171987,0.5861967,0.1459182
AT1G69600,ATHB29,1.252015,0.1166509,0.4624859,-0.1820872,1.83736,0.008589877,1.566314,0.1704866,2.545995,-1.135364,-0.7895293,-1.434102,0.5853445,-1.243425,0.3142993,-1.081529,1.29398,0.3448297,-0.9071855,0.5805961,-0.6714191
AT1G70410,ATBCA4,0.4555286,0.008488215,0.6589547,-0.08009185,-0.05377113,-0.379046,-0.2536559,0.09378513,0.6392175,-0.4470404,0.2034261,-0.5356205,-0.5092997,-0.8345746,-0.7091845,-0.3617435,0.1836889,-0.05377752,-0.5093061,-0.1065902,-0.5621188
AT1G70710,ATGH9B1,-0.2358076,0.33642,0.1515516,-0.00775107,0.6498271,0.2395439,0.7701041,0.1427429,0.758779,0.5722277,0.3873592,0.2280566,0.8856347,0.4753515,1.005912,0.3785506,0.9945867,-0.1946621,0.04114548,-0.06421277,0.1715949
AT1G72750,ATTIM23-2,0.008073991,0.01509833,-0.2250134,0.1285832,-0.2011598,-0.1265274,-0.2283625,0.1010354,-0.3494194,0.007024342,-0.2330873,0.1205092,-0.2092338,-0.1346014,-0.2364365,0.09296142,-0.3574934,0.09012274,0.08204875,-0.1622207,-0.1702947
AT1G74500,ATBS1,1.731181,1.466555,1.203052,1.50835,1.1149,0.8156695,1.754533,0.7673183,1.024305,-0.2646258,-0.5281285,-0.222831,-0.6162806,-0.9155113,0.02335177,-0.9638625,-0.7068763,1.17453,-0.5566511,1.12415,-0.6070305
AT1G74690,IQD31,-0.01423181,0.5342482,0.1867425,0.264031,0.1939185,0.2755766,0.03494827,0.1998568,-0.08416275,0.5484801,0.2009743,0.2782628,0.2081503,0.2898084,0.04918008,0.2140887,-0.06993094,0.1254841,0.1397159,0.02026029,0.0344921
AT1G74920,ALDH10A8,0.2031439,0.04126091,0.1031824,0.1899989,0.2052167,0.3148543,0.3465537,0.0524524,0.1437508,-0.161883,-0.09996153,-0.01314501,0.002072825,0.1117104,0.1434098,-0.1506915,-0.05939314,-0.1829104,-0.3860543,-0.07371706,-0.276861
AT1G76860,LSM3B,-0.1137723,-0.01339597,-0.3606478,-0.3321653,-0.1533275,-0.1230377,-0.01462846,0.08309823,-0.1558914,0.1003763,-0.2468756,-0.218393,-0.03955526,-0.009265469,0.09914379,0.1968705,-0.04211911,0.5448835,0.6586558,0.144103,0.2578752
AT1G77440,PBC2,0.3827242,0.2737094,-0.02266073,0.3583574,-0.02385703,-0.07896079,0.07569745,0.09023181,-0.1308843,-0.1090148,-0.4053849,-0.02436685,-0.4065812,-0.461685,-0.3070268,-0.2924924,-0.5136085,0.468437,0.08571282,0.3262885,-0.05643568
AT1G78660,ATGGH1,0.4721216,-0.04728542,0.5627197,-0.1849152,0.3361652,0.5978385,1.152469,0.5526112,0.9872552,-0.519407,0.09059815,-0.6570368,-0.1359564,0.1257169,0.6803479,0.08048963,0.5151336,-0.2029075,-0.675029,0.1262081,-0.3459135
AT1G78870,UBC13A,0.4781595,-0.07874166,0.2103057,-0.08388062,0.2172378,-0.2719898,0.3437684,0.3018908,0.4069946,-0.5569012,-0.2678538,-0.5620401,-0.2609218,-0.7501493,-0.1343911,-0.1762687,-0.0711649,0.2203827,-0.2577768,-0.01859199,-0.4967515
AT1G79340,AtMC4,0.4419333,0.1413299,0.4055805,0.2691987,0.000757793,0.2353342,0.7286616,0.5006315,0.9374544,-0.3006035,-0.03635283,-0.1727346,-0.4411756,-0.2065991,0.2867282,0.0586982,0.495521,-0.2762882,-0.7182216,-0.0171378,-0.4590711
AT1G80920,AtJ8,0.8295818,0.1037178,0.2783959,-0.02564835,1.624212,0.6239439,1.366107,0.6549441,2.491793,-0.7258639,-0.5511858,-0.8552301,0.7946298,-0.2056379,0.5365249,-0.1746376,1.662211,0.6396505,-0.1899313,0.5005558,-0.329026
AT2G01490,PAHX,0.4516968,-0.3400952,0.1065775,-0.2797798,0.3655902,-0.2429224,0.3989962,-0.06144725,0.6456082,-0.7917921,-0.3451193,-0.7314766,-0.08610662,-0.6946193,-0.05270065,-0.5131441,0.1939114,-0.1295996,-0.5812964,0.01767952,-0.4340173
AT2G01530,MLP329,2.10896,-0.5496563,0.3983976,-0.1509206,1.999564,1.35724,2.879715,1.853333,4.907027,-2.658616,-1.710562,-2.25988,-0.1093953,-0.751719,0.7707558,-0.2556264,2.798068,0.4149562,-1.694003,0.352485,-1.756474
AT2G04630,NRPB6B,0.2148323,0.3626005,0.1350583,0.420205,0.07529942,-0.09334161,0.08691264,0.000786732,-0.2517338,0.1477682,-0.07977403,0.2053727,-0.1395329,-0.3081739,-0.1279197,-0.2140456,-0.4665661,0.4492409,0.2344086,0.2309678,0.01613551
AT2G04780,FLA7,-0.04857735,0.2183565,0.01607204,0.126312,-0.2741228,-0.8185578,-0.4553411,-0.2147801,-0.3109104,0.2669339,0.06464938,0.1748894,-0.2255454,-0.7699805,-0.4067638,-0.1662028,-0.262333,-0.1422529,-0.09367558,-0.1821857,-0.1336083
AT2G15490,UGT73B4,-0.1475655,-0.5953298,-0.5860157,-0.1652683,-0.3018634,0.1761846,0.8381514,0.477291,0.7631551,-0.4477643,-0.4384502,-0.01770274,-0.1542979,0.3237502,0.9857169,0.6248566,0.9107207,-1.195541,-1.047976,-0.9157648,-0.7681992
AT2G17380,AP19,0.5254768,0.2306373,0.3009459,0.1315879,0.3114994,-0.5626812,-0.01361969,-0.2781029,-0.06386034,-0.2948396,-0.2245309,-0.393889,-0.2139775,-1.088158,-0.5390965,-0.8035798,-0.5893372,0.3955436,-0.1299332,0.3274467,-0.1980301
AT2G17440,PIRL5,-0.1044431,-0.7598442,-0.4589135,-0.7250684,0.4620257,0.1623552,0.2823124,-0.250423,1.01218,-0.6554011,-0.3544704,-0.6206253,0.5664688,0.2667983,0.3867556,-0.1459798,1.116623,-0.5038067,-0.3993636,-0.05491221,0.04953092
AT2G18160,ATBZIP2,0.7134914,0.8804228,0.08143419,0.002961207,0.5419722,0.5321742,0.4926211,0.6748073,0.9199847,0.1669314,-0.6320572,-0.7105302,-0.1715192,-0.1813173,-0.2208703,-0.03868418,0.2064933,1.102703,0.3892118,0.9939511,0.2804596
AT2G18960,AHA1,-0.2212097,-0.07437899,-0.2179012,-0.1649161,0.1165188,0.2694754,0.1340812,0.01378092,-0.1771167,0.1468307,0.003308517,0.05629362,0.3377285,0.4906851,0.3552909,0.2349906,0.04409304,-0.07342922,0.1477805,0.2313468,0.4525565
AT2G20990,ATSYTA,0.1682965,0.1884832,0.4263215,0.3234867,0.1661428,0.2837767,0.3265734,-0.1314646,0.03127335,0.02018671,0.258025,0.1551902,-0.002153703,0.1154802,0.1582768,-0.2997611,-0.1370232,-0.08631524,-0.2546118,0.1789713,0.0106748
AT2G21050,LAX2,-0.7457012,0.4491199,-0.7094208,0.2311937,0.00412368,0.5165396,0.579871,0.4116078,0.5536354,1.194821,0.03628037,0.9768949,0.7498248,1.262241,1.325572,1.157309,1.299337,0.05122167,0.7969228,0.1583546,0.9040557
AT2G21060,ATCSP4,0.01924306,-0.02090603,0.1150857,0.170517,0.4138269,0.06467309,0.474781,0.7328024,0.4307462,-0.0401491,0.09584265,0.151274,0.3945838,0.04543002,0.455538,0.7135593,0.4115031,-0.03560755,-0.05485061,-0.2381618,-0.2574049
AT2G21600,ATRER1B,0.4091587,0.3299912,0.3437631,0.2330043,0.2371458,-0.1054905,0.2384215,0.2375381,0.2896595,-0.07916753,-0.06539558,-0.1761544,-0.1720129,-0.5146492,-0.1707372,-0.1716206,-0.1194992,0.5501527,0.140994,0.1844156,-0.2247431
AT2G22470,AGP2,0.7479502,-0.5946694,0.1635262,-0.1707786,-0.9104047,-1.503392,-1.19589,-0.4038281,1.615163,-1.34262,-0.584424,-0.9187287,-1.658355,-2.251342,-1.943841,-1.151778,0.8672132,-0.5173991,-1.265349,-0.9533241,-1.701274
AT2G25060,AtENODL14,-0.2434548,0.4278462,0.435144,1.073311,0.3366566,-0.3187576,-0.1178152,0.1172207,-0.6000689,0.6713011,0.6785989,1.316766,0.5801115,-0.07530276,0.1256397,0.3606755,-0.356614,1.117933,1.361388,0.1620877,0.4055425
AT2G25490,EBF1,-0.31497,-0.1744726,-0.71653,-0.1601009,-0.05264115,0.2516576,-0.03226787,-0.07418088,0.1810039,0.1404975,-0.40156,0.1548691,0.2623289,0.5666276,0.2827022,0.2407892,0.4959739,-0.3275822,-0.01261214,0.01550547,0.3304755
AT2G26300,ATGPA1,-0.3690697,-0.4305789,-0.7118603,-0.117203,-0.2592983,0.01084116,-0.09629652,-0.1727566,0.1390897,-0.06150922,-0.3427906,0.2518667,0.1097713,0.3799108,0.2727732,0.1963131,0.5081594,-0.3969952,-0.02792555,-0.3635887,0.005480963
AT2G27860,AXS1,0.1724599,0.08693627,-0.001985561,0.2642168,0.07302935,-0.4730603,-0.1793905,-0.1822735,-0.09223415,-0.08552364,-0.1744455,0.09175692,-0.09943056,-0.6455202,-0.3518504,-0.3547334,-0.2646941,-0.4067005,-0.5791604,-0.1463872,-0.3188472
AT2G27960,CKS1,0.4352663,0.49734,0.3598278,0.403445,0.5791942,-0.1163257,0.2422405,0.06847242,0.3856661,0.06207369,-0.0754385,-0.03182136,0.1439279,-0.551592,-0.1930258,-0.3667939,-0.04960024,0.9230948,0.4878285,0.4909779,0.0557116
AT2G29420,ATGSTU7,0.09652563,-0.1085069,-0.1205257,-0.3039604,-0.0164665,-0.1265974,0.319026,0.09749289,0.2800887,-0.2050325,-0.2170513,-0.400486,-0.1129921,-0.223123,0.2225004,0.000967261,0.1835631,-0.2227068,-0.3192324,-0.05766378,-0.1541894
AT2G30410,KIS,0.4334381,0.4515213,0.1838656,0.3829039,0.2696857,-0.09974934,0.1706166,0.2622438,0.3037232,0.01808322,-0.2495724,-0.05053419,-0.1637524,-0.5331874,-0.2628215,-0.1711942,-0.1297148,0.7511279,0.3176898,0.3311282,-0.1023098
AT2G30980,ASKdZeta,-0.4573735,-0.1353155,-0.152752,-0.2527325,-0.4562504,-0.3596717,-0.378512,-0.4004097,-0.3066015,0.322058,0.3046215,0.2046409,0.001123011,0.09770178,0.07886146,0.0569638,0.150772,-0.3395908,0.1177827,-0.5803965,-0.1230231
AT2G31083,AtCLE5,1.176645,0.3736788,0.4498449,0.9938087,1.019971,-0.4352358,-0.3887601,0.00907076,-0.01761453,-0.8029662,-0.7268,-0.1828363,-0.1566742,-1.611881,-1.565405,-1.167574,-1.194259,0.6265292,-0.5501158,1.732354,0.5557087
AT2G32720,ATCB5-B,-0.2442837,0.3495852,0.2001821,0.06344571,-0.3976852,-0.1721771,-0.4180577,0.06985259,-0.32809,0.5938689,0.4444657,0.3077294,-0.1534015,0.07210657,-0.173774,0.3141363,-0.08380637,0.7313975,0.9756812,0.3058728,0.5501565
AT2G33120,ATVAMP722,0.4153075,0.0646541,0.2773055,0.02672738,0.1776966,0.1642598,0.5120157,0.3401255,0.7667428,-0.3506534,-0.138002,-0.3885801,-0.2376108,-0.2510476,0.09670824,-0.07518198,0.3514353,0.297151,-0.1181565,0.2155904,-0.1997171
AT2G34520,RPS14,0.4728885,0.4162757,0.408275,0.3782986,0.1669615,0.08366938,0.2952108,0.1071894,0.09079585,-0.0566128,-0.06461347,-0.09458987,-0.305927,-0.3892191,-0.1776777,-0.3656991,-0.3820926,0.7380987,0.2652102,0.3957691,-0.07711939
AT2G34690,ACD11,0.4050271,-0.1164677,-0.05204962,-0.2964145,0.4503113,0.2305497,0.9450329,0.4399451,1.049638,-0.5214949,-0.4570768,-0.7014417,0.04528417,-0.1744775,0.5400057,0.03491795,0.6446109,0.07625608,-0.3287711,0.1851022,-0.2199249
AT2G35635,RUB2,0.637279,0.2894652,0.4724129,0.3638715,0.8115199,0.6658246,1.182284,1.221001,0.9963599,-0.3478138,-0.164866,-0.2734075,0.1742409,0.02854563,0.5450048,0.5837221,0.3590809,0.622512,-0.01476695,0.5174739,-0.1198051
AT2G36060,MMZ3,0.6610607,0.05192666,0.3517043,0.08644346,0.4838681,-0.06258008,0.3836736,0.2990778,0.5621142,-0.609134,-0.3093564,-0.5746172,-0.1771926,-0.7236407,-0.2773871,-0.3619829,-0.09894644,0.6238509,-0.03720974,0.3243135,-0.3367472
AT2G36100,CASP1,0.7156029,-0.7945061,1.168986,-0.4632006,-1.312097,-0.6206207,-0.5704573,0.3513901,0.6756343,-1.510109,0.4533833,-1.178804,-2.0277,-1.336224,-1.28606,-0.3642128,-0.03996857,-0.09706466,-0.8126676,0.1639627,-0.5516402
AT2G38810,HTA8,-0.400365,0.1987585,-0.474804,-0.01409705,0.0745969,-0.1378027,-0.2511123,-0.1401615,-0.5155267,0.5991235,-0.07443896,0.386268,0.4749619,0.2625623,0.1492527,0.2602036,-0.1151617,0.4957761,0.8961412,-0.0747275,0.3256375
AT2G39570,ACR9,2.074267,-0.1410216,1.172819,-0.234738,1.911416,1.624166,2.295964,1.584711,3.289583,-2.215289,-0.9014479,-2.309005,-0.1628511,-0.4501017,0.2216971,-0.4895562,1.215315,0.6364802,-1.437787,1.895097,-0.1791708
AT2G39780,RNS2,0.5949612,0.07625478,0.265931,0.05405619,0.3856319,-0.2842474,0.3457089,0.005369119,0.4536862,-0.5187064,-0.3290302,-0.540905,-0.2093293,-0.8792086,-0.2492523,-0.5895921,-0.141275,0.1491787,-0.4457825,0.1050428,-0.4899184
AT2G40890,CYP98A3,-0.8345552,0.05931248,0.2719771,-0.4633802,-1.178061,-0.1925628,-0.6647555,-0.3988238,-0.1568972,0.8938676,1.106532,0.3711749,-0.3435054,0.6419924,0.1697997,0.4357313,0.677658,-0.1142319,0.7203232,0.1649106,0.9994657
AT2G41530,ATSFGH,0.4630693,-0.05389624,0.3715272,0.1380686,0.3788224,-0.007667023,0.5671823,0.2077032,0.375621,-0.5169655,-0.09154213,-0.3250007,-0.08424685,-0.4707363,0.104113,-0.2553661,-0.08744833,0.240492,-0.2225773,0.08326386,-0.3798054
AT2G42590,GF14,0.456671,-0.00873505,0.2760324,0.2369265,0.3802912,0.04262305,0.4119802,0.03891963,0.4698975,-0.4654061,-0.1806386,-0.2197445,-0.0763798,-0.414048,-0.04469078,-0.4177514,0.01322645,0.1935066,-0.2631644,0.2838304,-0.1728406
AT2G43810,LSM6B,0.1282852,0.3475442,0.2218428,0.3434694,0.1346235,-0.2205193,-0.1162509,0.06325279,-0.3334327,0.219259,0.09355758,0.2151842,0.006338315,-0.3488045,-0.2445361,-0.06503241,-0.4617179,0.7676736,0.6393884,0.3211542,0.192869
AT2G44100,AT-GDI1,0.04882257,-0.2573093,-0.005015899,0.2135125,-0.1510238,-0.3033455,0.01313447,-0.1079315,0.05739267,-0.3061319,-0.05383847,0.1646899,-0.1998464,-0.3521681,-0.0356881,-0.1567541,0.008570101,-0.5587519,-0.6075744,-0.2771969,-0.3260195
AT2G45170,ATATG8E,1.771098,0.2349573,0.7461406,-0.03083466,1.411183,0.3061129,1.258811,0.4791415,2.684045,-1.53614,-1.024957,-1.801932,-0.3599145,-1.464985,-0.512287,-1.291956,0.9129475,1.056561,-0.7145365,0.9800613,-0.7910365
AT2G45430,AHL22,0.1404019,0.2524856,-0.1142721,0.03118316,0.3237166,0.3095506,0.4920494,0.7084244,0.4026408,0.1120837,-0.254674,-0.1092188,0.1833146,0.1691487,0.3516475,0.5680225,0.2622389,0.1099236,-0.03047828,0.08802856,-0.05237336
AT2G46800,ATCDF1,0.0367123,-0.1054565,0.01025568,-0.3150184,0.1079125,-0.05707918,0.2068953,-0.1249204,0.4471626,-0.1421688,-0.02645662,-0.3517307,0.07120019,-0.09379148,0.170183,-0.1616327,0.4104503,-0.06365217,-0.1003645,-0.139943,-0.1766553
AT2G47510,FUM1,-0.06745752,0.008706059,-0.1029169,0.3300791,-0.2402146,0.02926181,-0.02199308,0.05139103,-0.290073,0.07616358,-0.03545934,0.3975366,-0.1727571,0.09671933,0.04546444,0.1188485,-0.2226155,-0.2541787,-0.1867212,-0.2840903,-0.2166328
AT3G01470,ATHB-1,1.357476,-0.6660409,0.2441349,-0.1657705,0.5296603,0.04455621,0.9745218,0.8497316,1.978762,-2.023517,-1.113341,-1.523247,-0.8278158,-1.31292,-0.3829543,-0.5077444,0.6212857,-0.1552952,-1.512771,0.1578606,-1.199615
AT3G02180,SP1L3,0.3434493,0.1703223,-0.1421214,0.1974649,0.2219422,-0.2772838,0.038768,0.115881,0.4138613,-0.173127,-0.4855707,-0.1459844,-0.1215071,-0.6207331,-0.3046813,-0.2275683,0.07041198,0.2679776,-0.07547166,0.02035369,-0.3230956
AT3G02580,BUL1,0.3539844,0.1194635,0.3583993,0.3535624,0.04783998,-0.1581416,0.1004642,0.1650784,0.489956,-0.234521,0.004414874,-0.000422029,-0.3061444,-0.512126,-0.2535202,-0.188906,0.1359716,0.286344,-0.06764042,-0.06468695,-0.4186714
AT3G04730,IAA16,0.4381738,-0.1293826,0.2437087,-0.267281,-0.05441511,0.2059194,0.4279628,0.2295207,1.271304,-0.5675564,-0.1944652,-0.7054548,-0.4925889,-0.2322544,-0.01021107,-0.2086531,0.8331305,-0.0832408,-0.5214146,0.1061744,-0.3319994
AT3G05530,ATS6A.2,-0.1106035,-0.001794781,-0.2563619,-0.02710008,0.03323286,-0.3489484,-0.3436531,-0.241021,-0.4253457,0.1088087,-0.1457584,0.08350341,0.1438364,-0.2383449,-0.2330497,-0.1304175,-0.3147422,-0.07799048,0.03261301,-0.148391,-0.0377875
AT3G09300,ORP3B,0.0630633,0.3833367,0.3963191,0.3684285,-0.1201527,0.02626866,0.08123241,0.06721434,0.074278,0.3202734,0.3332558,0.3053652,-0.183216,-0.03679464,0.01816911,0.004151047,0.01121471,-0.04857413,-0.1116374,-0.03469009,-0.09775338
AT3G10850,GLX2-2,0.5831835,0.1543038,0.3251131,0.3406318,0.4529605,0.0815891,0.3092333,0.06811175,0.3393433,-0.4288796,-0.2580704,-0.2425517,-0.1302229,-0.5015944,-0.2739502,-0.5150717,-0.2438402,0.2195721,-0.3636114,0.3714463,-0.2117371
AT3G10985,ATWI-12,1.554738,-0.6606497,0.439774,0.1102934,1.840625,0.7797919,1.996646,1.758837,2.663206,-2.215388,-1.114964,-1.444445,0.2858866,-0.7749461,0.4419078,0.2040993,1.108468,0.4583544,-1.096384,0.5116035,-1.043135
AT3G11130,AtCHC1,-0.5539392,-0.09470752,-0.4635032,-0.162824,-0.3447111,0.1891869,-0.574964,-0.3966324,-0.9493643,0.4592316,0.09043592,0.3911152,0.2092281,0.743126,-0.02102487,0.1573068,-0.3954251,-0.2288197,0.3251194,0.0295223,0.5834615
AT3G11340,UGT76B1,0.3843434,-1.074934,-0.07518175,-0.5641617,-0.4928497,0.1131027,0.6390118,0.5904665,1.302176,-1.459277,-0.4595252,-0.9485052,-0.8771932,-0.2712407,0.2546683,0.206123,0.9178321,-1.0001,-1.384444,-0.7426171,-1.12696
AT3G11660,NHL1,2.132558,1.562828,1.784011,0.8127181,1.389347,1.004852,1.740524,0.9077626,2.432637,-0.5697303,-0.3485469,-1.31984,-0.743211,-1.127707,-0.3920341,-1.224796,0.3000789,1.755227,-0.3773311,2.218014,0.08545559
AT3G12630,SAP5,0.6524538,0.06456953,0.3283811,-0.1625686,0.5871792,-0.01436384,0.417686,0.3382374,0.994968,-0.5878843,-0.3240727,-0.8150224,-0.06527457,-0.6668177,-0.2347678,-0.3142164,0.3425142,0.3388246,-0.3136292,0.4067211,-0.2457327
AT3G13200,EMB2769,0.2226972,0.09510195,0.1019444,0.06690802,0.5502485,-0.09686005,0.3756893,0.1327212,0.3458246,-0.1275953,-0.1207529,-0.1557892,0.3275513,-0.3195573,0.1529921,-0.08997608,0.1231274,0.3165905,0.09389323,0.2293377,0.006640495
AT3G14310,ATPME3,-0.6113249,0.2488493,-0.02062358,-0.3103417,-0.49103,-0.03926217,-0.5590553,-0.1884165,-0.5549353,0.8601742,0.5907013,0.3009832,0.1202949,0.5720627,0.05226961,0.4229084,0.05638963,-0.3117311,0.2995938,-0.2233036,0.3880213
AT3G15000,MORF8,-0.2197464,0.2910818,-0.0367478,-0.02762163,-0.2761847,-0.2478208,-0.5691062,0.02981099,-0.8523466,0.5108282,0.1829986,0.1921247,-0.05643837,-0.02807447,-0.3493599,0.2495574,-0.6326002,0.05495323,0.2746996,-0.06608637,0.15366
AT3G15580,APG8H,0.8096673,-0.1907595,0.1461499,-0.2336924,0.6818756,-0.2624994,0.4671146,0.2465043,1.098991,-1.000427,-0.6635174,-1.04336,-0.1277917,-1.072167,-0.3425526,-0.563163,0.2893238,0.6790488,-0.1306184,0.3429183,-0.466749
AT3G15660,ATGRX4,0.3522549,0.118182,0.07072058,0.233788,0.03080006,-0.2352066,0.1378927,-0.1000537,-0.05051374,-0.2340729,-0.2815343,-0.1184669,-0.3214549,-0.5874615,-0.2143622,-0.4523086,-0.4027687,0.3522039,-5.10E-05,0.05098127,-0.3012737
AT3G16240,AQP1,2.00742,1.90088,2.038703,1.325947,1.582495,-0.1369989,1.329749,0.2161989,1.959961,-0.10654,0.03128329,-0.6814731,-0.4249249,-2.144419,-0.6776708,-1.791221,-0.04745833,0.9314212,-1.075999,1.723955,-0.2834647
AT3G17100,AIF3,0.05672239,-0.006761022,0.1196447,-0.2204127,0.1020174,-0.3606539,-0.4234342,-0.1965949,0.5208408,-0.06348342,0.06292226,-0.2771351,0.04529505,-0.4173763,-0.4801566,-0.2533173,0.4641184,-0.06176601,-0.1184884,0.001799184,-0.05492321
AT3G17300,EMB2786,0.2323931,0.3599957,0.1784779,0.2364584,0.138963,-0.03170413,0.06230605,0.2085698,-0.1889289,0.1276026,-0.05391514,0.004065275,-0.09343009,-0.2640972,-0.170087,-0.02382325,-0.421322,0.576467,0.3440739,0.05232775,-0.1800653
AT3G18820,ATRAB7B,0.7206576,0.2076578,0.3118548,0.4338255,0.2265401,0.2054153,0.2418659,0.4477434,0.8341903,-0.5129998,-0.4088028,-0.2868321,-0.4941175,-0.5152423,-0.4787917,-0.2729141,0.1135327,0.2092382,-0.5114194,0.06581915,-0.6548384
AT3G20060,UBC19,0.4315842,0.2493615,0.6653658,0.4880342,0.9527341,0.06795919,0.3890261,0.2060298,0.4862287,-0.1822227,0.2337816,0.05645002,0.5211499,-0.363625,-0.04255803,-0.2255543,0.05464454,0.5722607,0.1406765,0.3900171,-0.04156703
AT3G20770,AtEIN3,-0.06137339,-0.238317,-0.1641402,-0.05814962,0.2448477,0.4151912,0.3689841,0.01264787,0.2581347,-0.1769436,-0.1027668,0.003223769,0.306221,0.4765645,0.4303575,0.07402126,0.3195081,-0.2214193,-0.1600459,-0.09451479,-0.0331414
AT3G22630,PBD1,0.3314433,0.4143596,0.2874833,0.4318172,0.004225216,-0.08559388,0.3004369,0.3599014,-0.03190955,0.08291638,-0.04395998,0.1003739,-0.327218,-0.4170371,-0.0310064,0.0284581,-0.3633528,0.5751339,0.2436906,0.3136939,-0.01774938
AT3G23000,ATSR2,0.2265581,-0.139611,0.2888881,0.05821851,-0.2089378,0.236196,0.5604708,0.6760578,0.7291383,-0.3661691,0.06233002,-0.1683396,-0.4354959,0.009637892,0.3339127,0.4494997,0.5025802,0.1149993,-0.1115588,0.100114,-0.1264441
AT3G23820,GAE6,0.1037614,0.2768389,0.4882252,-0.07861636,-0.3456678,-0.02583392,0.04815051,-0.09512272,0.02755497,0.1730775,0.3844638,-0.1823777,-0.4494292,-0.1295953,-0.05561084,-0.1988841,-0.07620638,-0.4806888,-0.5844502,-0.2034536,-0.3072149
AT3G24160,PMP,0.4257689,0.290319,0.5247884,0.4885135,0.2393444,0.186183,0.4691544,0.4684225,0.36816,-0.1354499,0.09901953,0.06274466,-0.1864245,-0.2395859,0.0433855,0.04265364,-0.05760884,0.2139864,-0.2117825,0.2350842,-0.1906847
AT3G25040,ERD2B,0.5317153,0.2512582,0.3079438,0.3159296,0.128335,-0.02449943,0.2685775,0.2430645,0.1621644,-0.2804571,-0.2237716,-0.2157857,-0.4033803,-0.5562148,-0.2631378,-0.2886508,-0.3695509,0.2904804,-0.2412349,0.0524947,-0.4792206
AT3G26780,MEF14,-0.06864108,0.2500304,0.0360009,0.1891442,-0.4538739,0.6053259,0.1381053,0.4753108,0.03936653,0.3186715,0.104642,0.2577852,-0.3852329,0.673967,0.2067463,0.5439519,0.1080076,-0.1650323,-0.09639125,-0.05661379,0.01202728
AT3G27360,H3.1,0.03220247,0.4347121,0.1665901,0.2524358,0.2957156,0.446033,0.7163967,0.7320045,0.6731195,0.4025096,0.1343876,0.2202333,0.2635131,0.4138306,0.6841942,0.6998021,0.640917,0.2140903,0.1818878,-0.1739617,-0.2061641
AT3G27380,SDH2-1,0.8835378,0.4405271,0.77049,0.6007492,0.3919911,0.2798031,0.7624921,0.3985255,0.8086138,-0.4430107,-0.1130478,-0.2827886,-0.4915468,-0.6037348,-0.1210457,-0.4850124,-0.07492406,0.2854471,-0.5980908,0.3698032,-0.5137347
AT3G27890,NQR,0.5009249,0.04184492,0.501271,-0.1161891,-0.06202955,-0.03597083,0.1453084,0.5112431,1.144969,-0.45908,0.000346065,-0.6171141,-0.5629545,-0.5368958,-0.3556166,0.01031816,0.6440436,0.599061,0.09813608,0.1053065,-0.3956184
AT3G28860,ABCB19,-0.7589444,0.120501,-0.58352,0.1074745,-0.2596269,0.2743269,-0.746779,-0.5240808,-0.8031179,0.8794454,0.1754244,0.8664189,0.4993176,1.033271,0.01216543,0.2348637,-0.04417351,-0.3307835,0.4281609,-0.2555388,0.5034056
AT3G44310,ATNIT1,1.373159,0.09027952,0.6125399,0.3173387,1.093373,0.457321,1.436903,0.06143259,1.252308,-1.282879,-0.7606188,-1.05582,-0.2797855,-0.9158377,0.0637441,-1.311726,-0.1208505,0.02404181,-1.349117,0.3713403,-1.001818
AT3G46440,UXS5,0.5184342,-0.07222601,0.7395679,0.4272573,0.4390718,0.6280723,1.490867,1.023056,1.348522,-0.5906603,0.2211336,-0.0911769,-0.07936241,0.109638,0.9724332,0.5046218,0.8300877,-0.2868293,-0.8052635,-0.03979686,-0.5582311
AT3G46900,COPT2,2.145275,-0.1776179,0.2120043,-0.262942,1.588444,0.01490914,0.506215,0.7890181,3.043943,-2.322893,-1.93327,-2.408217,-0.5568305,-2.130366,-1.63906,-1.356257,0.898668,0.5601932,-1.585082,0.08528778,-2.059987
AT3G47520,MDH,0.2599309,0.1090365,0.2436194,0.5956731,-0.22898,-0.2277172,-0.1081684,0.1249097,-0.5052546,-0.1508944,-0.01631151,0.3357422,-0.4889109,-0.4876482,-0.3680993,-0.1350212,-0.7651855,-0.1586465,-0.4185774,-0.251196,-0.5111269
AT3G47833,SDH7,0.7705474,0.5374306,0.796406,0.4785579,0.5178305,-0.1483518,0.3100971,0.3237431,0.2410346,-0.2331168,0.02585862,-0.2919894,-0.2527169,-0.9188992,-0.4604503,-0.4468043,-0.5295128,1.003829,0.2332817,0.6533673,-0.1171801
AT3G48530,KING1,0.5469116,-0.5590266,0.4842921,-0.4873441,0.7059765,0.9110112,1.434302,0.7516007,1.883274,-1.105938,-0.06261951,-1.034256,0.1590649,0.3640996,0.8873909,0.2046891,1.336362,-0.2296347,-0.7765462,0.2852906,-0.261621
AT3G49870,ARLA1C,0.2861178,-0.1759043,0.1096658,-0.1877885,0.4129299,-0.1903612,0.2925059,0.004793015,0.5179291,-0.4620221,-0.176452,-0.4739062,0.1268121,-0.476479,0.00638816,-0.2813248,0.2318113,0.2430054,-0.04311235,0.2013787,-0.08473909
AT3G49940,LBD38,1.055336,0.3402758,0.7286308,-0.2227705,0.6469233,0.009453637,0.3716815,0.3878903,1.047817,-0.7150599,-0.3267049,-1.278106,-0.4084124,-1.045882,-0.6836542,-0.6674454,-0.007518631,0.5036803,-0.5516555,0.4314207,-0.623915
AT3G50500,SNRK2-2,0.4725375,-0.1568345,-0.04346137,-0.06182545,0.3717127,0.9554034,1.39529,1.135284,1.586379,-0.6293719,-0.5159988,-0.5343629,-0.1008248,0.4828659,0.9227521,0.6627465,1.113842,0.2397013,-0.2328362,0.2439368,-0.2286007
AT3G54110,ATPUMP1,0.2584507,-0.02877401,0.1912988,0.3516183,0.2762081,-0.110036,0.2716405,0.0565563,0.03113457,-0.2872247,-0.06715189,0.09316765,0.01775743,-0.3684867,0.01318985,-0.2018944,-0.2273161,-0.1046341,-0.3630848,-0.1182072,-0.3766579
AT3G54920,PMR6,-0.463288,0.1422291,-0.3880866,0.05316741,0.4185085,0.2231488,0.3597286,0.2998427,0.4944232,0.6055171,0.07520137,0.5164554,0.8817965,0.6864368,0.8230165,0.7631307,0.9577112,-0.3191794,0.1441086,-0.323364,0.139924
AT3G56190,ALPHA-SNAP2,0.3079484,-0.1430856,0.07910254,0.1537261,0.2751934,0.008469102,0.4434416,0.09733495,0.2912376,-0.4510339,-0.2288459,-0.1542223,-0.03275502,-0.2994793,0.1354932,-0.2106134,-0.01671083,-0.1379876,-0.445936,0.1386193,-0.1693291
AT3G56980,BHLH039,-1.954872,-1.801612,-1.247889,-1.709231,-1.75387,-1.723533,-2.54263,-2.063721,-1.823144,0.1532602,0.7069824,0.245641,0.2010015,0.2313386,-0.587758,-0.1088497,0.1317273,-0.3886218,1.56625,-1.870867,0.08400487
AT3G58680,ATMBF1B,0.5498835,-0.2584064,0.1377255,0.1340578,0.394564,-0.2421254,0.2812718,0.1514266,0.1012494,-0.8082899,-0.412158,-0.4158258,-0.1553196,-0.7920089,-0.2686117,-0.3984569,-0.4486342,0.08342941,-0.4664541,0.00317217,-0.5467114
AT3G59970,MTHFR1,-0.3245331,0.07274427,0.1881708,0.2297393,-0.309111,-0.09780453,-0.1725423,-0.07703733,-0.3701876,0.3972774,0.5127039,0.5542725,0.01542217,0.2267286,0.1519908,0.2474958,-0.04565448,-0.09224441,0.2322887,-0.0947742,0.2297589
AT3G60750,AtTKL1,-0.3602402,-0.212127,-0.1487748,0.03077874,-0.5711975,-0.1288093,-0.5917068,-0.1419327,-0.6843961,0.1481132,0.2114654,0.3910189,-0.2109573,0.2314309,-0.2314666,0.2183075,-0.3241559,-0.3265983,0.03364191,-0.3099917,0.05024853
AT3G61440,ARATH;BSAS3;1,0.4170822,-0.06062457,0.6070321,0.1639624,0.2342445,-0.06953246,0.1013187,0.06947797,0.78056,-0.4777068,0.1899499,-0.2531198,-0.1828378,-0.4866147,-0.3157636,-0.3476043,0.3634778,0.03868624,-0.378396,0.1294553,-0.287627
AT4G02570,ATCUL1,-0.297865,-0.2645397,-0.1656119,-0.06564088,-0.07622198,0.05131079,0.08695289,-0.2093779,-0.06721039,0.03332527,0.1322531,0.2322241,0.221643,0.3491758,0.3848179,0.08848713,0.2306546,-0.3387876,-0.04092263,-0.1907895,0.1070755
AT4G03190,AFB1,-0.2771352,0.2889317,-0.1628113,0.2670247,-0.2608839,-0.05953141,-0.2172276,-0.1149435,0.004247712,0.5660669,0.1143239,0.5441599,0.01625134,0.2176038,0.05990764,0.1621917,0.2813829,-0.4710261,-0.1938909,-0.2853034,-0.008168208
AT4G03520,ATHM2,0.2217578,-0.2760745,-0.1166191,-0.2693734,0.08662381,-0.4167891,-0.04599091,-0.02905479,0.2316711,-0.4978323,-0.3383769,-0.4911312,-0.135134,-0.6385469,-0.2677487,-0.2508126,0.009913219,0.3889032,0.1671454,-0.09333898,-0.3150968
AT4G04830,ATMSRB5,0.61071,-1.046061,-0.5271069,-0.6579691,0.1258595,-0.01823086,1.336116,1.079666,1.682913,-1.656771,-1.137817,-1.268679,-0.4848505,-0.6289409,0.7254064,0.4689557,1.072203,-0.07306895,-0.683779,0.2210834,-0.3896267
AT4G08770,Prx37,-0.07547073,-0.310698,1.255531,0.4711958,-0.7080014,-1.508086,-1.386751,-1.069102,-1.167688,-0.2352273,1.331002,0.5466665,-0.6325307,-1.432615,-1.31128,-0.9936315,-1.092217,-0.1155065,-0.04003573,-0.517563,-0.4420923
AT4G12420,SKU5,-0.4690018,0.2717003,0.1022457,0.09202073,-0.4956873,-0.2151452,-0.5184783,-0.2779913,-0.5776297,0.7407021,0.5712476,0.5610225,-0.02668549,0.2538566,-0.04947649,0.1910105,-0.1086279,-0.4353588,0.03364303,-0.1329397,0.3360621
AT4G13430,ATLEUC1,-0.1636124,0.01926825,-0.1742381,0.1298709,-0.04927535,0.08776872,0.2200826,0.1164361,-0.3603533,0.1828806,-0.01062572,0.2934833,0.114337,0.2513811,0.383695,0.2800485,-0.1967409,-0.4858967,-0.3222843,-0.1779504,-0.01433802
AT4G17170,AT-RAB2,0.5621105,0.1390481,0.5731823,0.07744631,0.2187856,0.04246485,0.4443235,0.3034128,1.081913,-0.4230624,0.01107178,-0.4846642,-0.3433249,-0.5196457,-0.117787,-0.2586977,0.5198023,0.2034009,-0.3587096,0.3006006,-0.2615099
AT4G17530,ATRAB1C,0.5951572,0.1893209,0.4379569,0.1921268,0.1651104,0.007195806,0.5492849,0.430765,0.7883035,-0.4058363,-0.1572003,-0.4030304,-0.4300468,-0.5879614,-0.04587229,-0.1643922,0.1931463,0.4000966,-0.1950606,0.2484134,-0.3467438
AT4G17640,CKB2,0.3980825,0.2557127,0.2669772,0.3181057,0.3676741,0.2651556,0.4608487,0.2306192,0.3314276,-0.1423698,-0.1311053,-0.07997684,-0.03040836,-0.1329269,0.06276625,-0.1674633,-0.06665488,0.3187791,-0.07930343,0.2429882,-0.1550943
AT4G17870,PYR1,0.9358533,1.07318,1.065403,0.1728624,0.5716437,-0.04634363,0.2783021,0.1877676,0.451627,0.1373272,0.1295493,-0.7629909,-0.3642096,-0.9821969,-0.6575512,-0.7480857,-0.4842263,1.124732,0.1888787,0.653786,-0.2820673
AT4G18510,CLE2,1.357264,0.1428815,0.8359477,-0.5765333,1.570338,-0.4791955,0.05666067,0.1247701,1.570719,-1.214383,-0.5213164,-1.933797,0.2130737,-1.83646,-1.300603,-1.232494,0.2134551,0.5423135,-0.8149505,1.15153,-0.2057345
AT4G19210,ABCE2,0.0759518,0.1543144,0.1234354,0.3169892,-0.03347339,0.2259447,0.1465097,0.03363275,-0.1841099,0.07836259,0.04748365,0.2410374,-0.1094252,0.1499929,0.07055787,-0.04231904,-0.2600617,-0.2610469,-0.3369987,-0.1157694,-0.1917212
AT4G19640,ARA-7,0.3756216,-0.1713446,-0.004219336,-0.1509397,0.2768259,-0.00733503,0.4519811,0.2618966,0.8381664,-0.5469662,-0.3798409,-0.5265613,-0.09879569,-0.3829566,0.07635957,-0.113725,0.4625448,0.1698852,-0.2057364,0.1495999,-0.2260217
AT4G20850,TPP2,-0.4335586,-0.1401344,-0.5509405,-0.2871516,0.2048451,0.2552404,0.2401722,-0.1113945,-0.09289705,0.2934242,-0.1173819,0.146407,0.6384037,0.688799,0.6737308,0.3221641,0.3406615,-0.3761826,0.05737605,-0.2119479,0.2216107
AT4G20870,ATFAH2,0.1657046,0.2529662,0.09772599,0.04190033,0.1388676,-0.3098492,0.1970027,-0.1004066,0.5893343,0.08726156,-0.06797862,-0.1238043,-0.02683703,-0.4755538,0.03129812,-0.2661112,0.4236297,0.000100747,-0.1656039,-0.03303931,-0.1987439
AT4G20890,TUB9,-0.1328867,-0.02115523,0.03457979,0.2431724,-0.1918171,-0.1186569,-0.06114656,0.01908022,-0.268334,0.1117315,0.1674665,0.3760591,-0.05893038,0.01422976,0.07174014,0.1519669,-0.1354473,-0.3136933,-0.1808066,-0.1384176,-0.005530908
AT4G21150,HAP6,-0.1122127,0.06620949,0.1991997,0.3866615,-0.08725066,0.005762428,-0.1105165,-0.02220263,-0.4321069,0.1784222,0.3114124,0.4988742,0.02496204,0.1179751,0.001696174,0.09001007,-0.3198942,0.016367,0.1285797,-0.2000813,-0.08786858
AT4G21790,ATTOM1,0.4118411,0.1717514,0.4057622,0.1135678,0.3908542,0.06354241,0.4908766,0.1654125,0.5204604,-0.2400896,-0.006078844,-0.2982733,-0.02098683,-0.3482987,0.07903552,-0.2464285,0.1086194,0.1844572,-0.2273839,0.245143,-0.1666981
AT4G21830,ATMSRB7,0.3539034,0.460061,1.364746,0.5055886,-0.3998346,0.002263885,0.1395787,-0.02671395,0.2708107,0.1061576,1.010842,0.1516852,-0.753738,-0.3516395,-0.2143247,-0.3806174,-0.08309273,-0.1307701,-0.4846735,-0.2417435,-0.5956469
AT4G21980,APG8A,0.8286675,-0.152887,0.180514,0.05031561,0.6164254,-0.1921749,0.4764454,0.4156524,1.176241,-0.9815545,-0.6481535,-0.7783519,-0.2122421,-1.020842,-0.3522221,-0.4130151,0.3475734,0.6694109,-0.1592566,0.3607856,-0.4678819
AT4G22670,AtHip1,-0.2642164,-0.2389765,-0.3485309,0.07965586,-0.2348649,-0.2116377,-0.4414306,-0.0842686,-0.5247187,0.02523988,-0.0843145,0.3438723,0.02935149,0.05257871,-0.1772142,0.1799478,-0.2605023,-0.5202071,-0.2559907,-0.5169578,-0.2527414
AT4G23100,ATECS1,0.1721787,0.01713861,0.1462527,0.2506672,-0.0207374,0.1674129,0.4426192,-0.0479221,0.1866354,-0.1550401,-0.02592601,0.07848851,-0.1929161,-0.004765736,0.2704405,-0.2201008,0.01445671,-0.345261,-0.5174396,0.006176093,-0.1660026
AT4G23400,PIP1;5,1.26296,-0.2723158,0.3837596,-0.958285,0.2561359,-0.07961408,0.5996891,-0.5103785,2.255005,-1.535276,-0.8792007,-2.221245,-1.006824,-1.342574,-0.6632712,-1.773339,0.9920445,0.06690241,-1.196058,0.2586993,-1.004261
AT4G23710,VAG2,0.8130907,0.228761,0.5345162,0.2424398,0.06047993,-0.2576361,0.1309918,0.197803,0.4947169,-0.5843297,-0.2785745,-0.5706509,-0.7526108,-1.070727,-0.6820989,-0.6152877,-0.3183738,0.3261592,-0.4869315,0.4076689,-0.4054218
AT4G23850,LACS4,-0.1411932,-0.2875276,-0.1499683,-0.00366246,-0.1037029,0.3395282,-0.01287125,-0.001505983,0.08779255,-0.1463344,-0.008775063,0.1375308,0.03749028,0.4807214,0.128322,0.1396872,0.2289858,-0.2434987,-0.1023054,-0.2381033,-0.09691003
AT4G24220,5[beta]-StR,0.3880215,-0.6630999,-0.152643,-0.3511675,0.09054424,-0.2125655,0.5187375,0.0203531,0.9759982,-1.051121,-0.5406646,-0.739189,-0.2974773,-0.600587,0.130716,-0.3676684,0.5879766,-0.5973678,-0.9853894,-0.2579279,-0.6459494
AT4G24520,AR1,-0.3468508,-0.415086,-0.4350079,-0.127438,-0.07134022,0.05143376,0.08431827,-0.1943021,0.1963971,-0.0682352,-0.08815709,0.2194129,0.2755106,0.3982846,0.4311691,0.1525487,0.543248,-0.5105203,-0.1636695,-0.4389509,-0.09210004
AT4G26570,ATCBL3,0.1231943,0.06386238,-0.01869648,0.0707579,-0.08769945,-0.1887528,0.006289784,0.06959892,0.2091558,-0.0593319,-0.1418908,-0.05243638,-0.2108937,-0.3119471,-0.1169045,-0.05359536,0.08596153,0.08838222,-0.03481206,0.06205617,-0.0611381
AT4G27000,ATRBP45C,-0.3635544,-0.1230646,-0.6371934,-0.2655513,0.03904564,-0.03745056,-0.206508,-0.0405197,-0.1847386,0.2404898,-0.273639,0.09800311,0.4026001,0.3261039,0.1570465,0.3230347,0.1788159,-0.1794048,0.1841496,-0.08609084,0.2774636
AT4G27230,HTA2,-0.02109457,0.4677264,0.1143595,0.1333844,0.1878971,-0.2646304,-0.3408909,-0.07910303,-0.4975989,0.4888209,0.135454,0.154479,0.2089916,-0.2435358,-0.3197963,-0.05800846,-0.4765043,0.2524856,0.2735802,0.1474012,0.1684958
AT4G27320,ATPHOS34,0.3020949,-0.2077746,-0.05613429,-0.1131214,0.3230495,-0.4131124,0.2841179,0.144766,0.9248398,-0.5098695,-0.3582292,-0.4152163,0.0209546,-0.7152073,-0.01797701,-0.1573288,0.6227449,-0.1372955,-0.4393904,-0.1117366,-0.4138315
AT4G28410,RSA1,-0.4697761,-0.9328184,0.1882132,-0.3654428,-0.7566506,-0.4213395,-0.6255269,-0.2992585,-0.6818461,-0.4630424,0.6579892,0.1043332,-0.2868745,0.04843656,-0.1557508,0.1705175,-0.21207,-0.7080125,-0.2382365,-0.3751361,0.09463997
AT4G31910,BAT1,0.5921086,2.039733,1.687815,0.7686063,-0.09138093,2.713175,1.252054,1.132741,0.8712717,1.447624,1.095706,0.1764977,-0.6834895,2.121067,0.6599456,0.540632,0.2791631,1.343219,0.7511106,2.38324,1.791131
AT4G33580,ATBCA5,0.2824758,0.4357811,0.3778031,0.7189014,0.1668895,0.04164952,0.03781912,0.09978348,-0.07784759,0.1533053,0.09532731,0.4364257,-0.1155862,-0.2408262,-0.2446566,-0.1826923,-0.3603234,0.2498316,-0.0326442,0.1517504,-0.1307254
AT4G34490,ATCAP1,0.08385883,0.3419918,0.2763724,0.5909512,0.06060251,-0.09436794,-0.02587562,-0.01732501,-0.1299666,0.2581329,0.1925136,0.5070924,-0.02325632,-0.1782268,-0.1097344,-0.1011838,-0.2138254,-0.2669717,-0.3508305,0.1310943,0.04723545
AT4G35090,CAT2,0.6426962,-0.2476013,0.2106951,-0.5746691,0.5998091,0.05816711,0.8619338,0.1703094,1.513802,-0.8902975,-0.4320012,-1.217365,-0.04288707,-0.5845291,0.2192376,-0.4723868,0.8711059,-0.392137,-1.034833,0.3405538,-0.3021424
AT4G35490,MRPL11,0.09620992,0.2921724,0.1567533,0.2785388,-0.1836669,0.03759094,0.116003,0.435851,0.05486098,0.1959625,0.06054336,0.1823289,-0.2798768,-0.05861898,0.01979312,0.339641,-0.04134894,0.2942166,0.1980066,0.148618,0.05240803
AT4G35630,PSAT1,0.04986137,0.01411871,0.2412396,0.6432726,-0.3349626,0.04194307,0.06631146,0.1649174,-0.2778402,-0.03574266,0.1913782,0.5934112,-0.384824,-0.007918299,0.01645009,0.115056,-0.3277015,-0.3256955,-0.3755568,-0.1805126,-0.230374
AT4G35830,ACO1,-0.6550612,-0.4446468,-0.3106365,-0.149802,-0.5356224,0.05636339,-0.4496889,-0.2697512,-0.7054115,0.2104144,0.3444248,0.5052592,0.1194388,0.7114246,0.2053723,0.38531,-0.05035029,-0.5901188,0.06494242,-0.3573523,0.2977089
AT4G35890,AtLARP1c,-0.2583484,-0.07088329,-0.2932965,-0.1789124,-0.2199189,-0.03841991,-0.2270866,0.05050024,-0.243205,0.1874651,-0.03494804,0.07943597,0.03842951,0.2199285,0.03126178,0.3088487,0.0151434,-0.2746377,-0.01628925,-0.3776873,-0.1193389
AT4G36800,RCE1,0.5753535,0.1533246,0.4603375,0.3407948,0.1358256,-0.02522865,0.09902377,0.06798886,0.3470454,-0.4220289,-0.115016,-0.2345587,-0.4395279,-0.6005822,-0.4763297,-0.5073646,-0.2283081,0.5054247,-0.06992877,0.3457798,-0.2295737
AT4G37870,PCK1,-0.4807335,-1.029118,-0.9857065,-1.025741,-0.06568975,-0.399336,-0.1618127,-0.2259837,-0.272689,-0.5483841,-0.504973,-0.5450072,0.4150437,0.08139744,0.3189207,0.2547498,0.2080445,-1.168445,-0.6877115,-0.7412967,-0.2605633
AT4G37910,mtHsc70-1,-0.4092735,-0.09460975,-0.09811493,0.02773918,-1.074561,-0.3170901,-0.8408165,-0.01207722,-1.538406,0.3146638,0.3111586,0.4370127,-0.6652871,0.09218343,-0.431543,0.3971963,-1.129132,-0.5156298,-0.1063563,-0.507049,-0.09777544
AT4G38510,AtVAB2,0.07800587,0.06659266,0.1753121,0.07670684,-0.1865209,-0.228381,-0.07039238,-0.1564457,-0.09759917,-0.01141321,0.09730621,-0.001299023,-0.2645268,-0.3063868,-0.1483982,-0.2344516,-0.175605,-0.2754465,-0.3534524,-0.363772,-0.4417779
AT5G02770,MOS11,0.02872058,0.135486,-0.06044739,0.1256255,0.0871519,0.2040696,-0.200078,-0.169503,-0.2117854,0.1067654,-0.08916797,0.09690488,0.05843132,0.1753491,-0.2287986,-0.1982235,-0.240506,0.05460858,0.025888,0.3544425,0.3257219
AT5G04430,BTR1,0.03366129,0.1027742,0.2323144,0.4343383,-0.1252122,-0.08201912,-0.1548371,-0.01203598,-0.3401691,0.0691129,0.1986531,0.400677,-0.1588734,-0.1156804,-0.1884984,-0.04569727,-0.3738304,-0.02328825,-0.05694955,-0.1997188,-0.2333801
AT5G05950,MEE60,0.2690303,0.3191528,0.08522347,0.1078709,0.3989488,-0.2464071,0.3050892,0.1225386,0.4065156,0.05012244,-0.1838068,-0.1611594,0.1299185,-0.5154374,0.03605893,-0.1464917,0.1374853,0.7962928,0.5272625,0.4168893,0.147859
AT5G06860,ATPGIP1,0.6114836,-0.7189533,0.2148685,0.06912358,0.05771401,-0.2648765,1.641786,0.3107925,1.698014,-1.330437,-0.3966151,-0.54236,-0.5537696,-0.8763601,1.030303,-0.3006911,1.086531,-0.9197041,-1.531188,-1.121232,-1.732716
AT5G07470,ATMSRA3,0.5883836,-0.0422804,0.2239278,-0.08876533,0.3857065,0.1169407,0.6716995,0.4124837,1.064184,-0.630664,-0.3644558,-0.6771489,-0.2026771,-0.4714429,0.08331589,-0.1758999,0.4758009,0.264821,-0.3235626,0.2795773,-0.3088063
AT5G08040,TOM5,0.3559893,0.7752024,0.4177601,0.6059546,0.606967,0.2283815,0.3771087,0.3457422,-0.2361025,0.4192132,0.06177083,0.2499654,0.2509777,-0.1276078,0.02111948,-0.01024704,-0.5920918,1.46404,1.108051,0.7808906,0.4249013
AT5G08530,CI51,0.02190973,0.1146739,0.1939067,-0.03136184,-0.1552912,0.08813137,-0.009008609,-0.06979258,-0.1598527,0.09276417,0.171997,-0.05327156,-0.177201,0.06622164,-0.03091834,-0.09170231,-0.1817624,-0.3319541,-0.3538638,-0.105398,-0.1273077
AT5G10540,TOP2,-0.4169153,-0.620759,-0.1733477,-0.4847292,0.1263533,0.1031606,-0.1590909,-0.4380412,-0.08588001,-0.2038438,0.2435675,-0.06781389,0.5432686,0.5200759,0.2578243,-0.02112598,0.3310352,-0.5726938,-0.1557786,-0.08029437,0.3366209
AT5G11200,UAP56b,0.06668844,0.2089655,0.04800766,0.2608644,0.08002423,-0.275212,-0.3346098,-0.464314,-0.7706565,0.1422771,-0.01868078,0.194176,0.01333579,-0.3419005,-0.4012982,-0.5310024,-0.837345,-0.03623271,-0.1029212,-0.01580678,-0.08249522
AT5G11670,ATNADP-ME2,-0.03122146,-1.086379,-0.2663949,-0.6537978,-0.196344,-0.1848518,0.05364956,-0.006407879,0.5480005,-1.055157,-0.2351734,-0.6225763,-0.1651226,-0.1536303,0.08487102,0.02481358,0.579222,-0.6073229,-0.5761015,-0.3687233,-0.3375018
AT5G13420,TRA2,-0.3265506,-0.1957281,0.2172954,0.1478782,-0.8026971,-0.4228784,-0.5288617,-0.3159163,-0.8797737,0.1308225,0.543846,0.4744288,-0.4761465,-0.09632778,-0.2023111,0.01063431,-0.5532231,-0.1864789,0.1400717,-0.1861714,0.1403792
AT5G13740,ZIF1,-1.044149,-0.9376525,-0.2205305,-0.6920531,-0.1457177,-0.6539897,-0.7997137,-0.7580511,-0.3300974,0.1064965,0.8236185,0.3520959,0.8984313,0.3901593,0.2444353,0.2860979,0.7140516,-0.3441129,0.7000361,-1.070676,-0.02652667
AT5G14920,GASA14,-1.217548,-0.1875142,-1.182012,-0.7592201,-0.740402,-0.5319865,-0.6992224,0.1414192,-0.5215061,1.030034,0.03553541,0.4583278,0.4771459,0.6855614,0.5183255,1.358967,0.6960418,-0.520357,0.6971908,-1.010888,0.2066601
AT5G18110,NCBP,0.2247078,0.1218951,-0.03898595,0.1042361,0.418527,0.5472315,0.8716027,0.5575783,0.7671987,-0.1028128,-0.2636938,-0.1204717,0.1938192,0.3225236,0.6468949,0.3328705,0.5424909,0.3208917,0.09618387,0.2600486,0.03534077
AT5G18520,Cand7,0.2586012,0.1364949,0.3231268,0.2461654,-0.1068672,-0.502384,0.05791643,0.1466402,0.1935198,-0.1221063,0.06452565,-0.01243578,-0.3654683,-0.7609852,-0.2006847,-0.111961,-0.06508133,-0.2737815,-0.5323827,-0.226085,-0.4846862
AT5G19520,ATMSL9,-0.6645504,0.1266154,-0.08341371,0.02791006,0.02901411,0.2583597,0.1108937,0.01122107,-0.2228178,0.7911659,0.5811367,0.6924605,0.6935645,0.9229101,0.7754441,0.6757715,0.4417326,-0.4233151,0.2412353,-0.3327632,0.3317873
AT5G19690,STT3A,-0.2007802,0.01478598,0.1840602,0.4401244,-0.2416806,0.2378387,-0.2180697,0.1091726,-0.5976676,0.2155662,0.3848404,0.6409046,-0.04090046,0.4386189,-0.01728952,0.3099528,-0.3968875,-0.4002038,-0.1994236,-0.3299402,-0.1291601
AT5G19990,ATSUG1,0.07281168,0.1628419,0.1912159,0.4496166,0.2045846,-0.002966171,0.06494033,-0.03260105,-0.1539227,0.09003018,0.1184042,0.3768049,0.1317729,-0.07577785,-0.007871352,-0.1054127,-0.2267344,-0.04953109,-0.1223428,-0.0832549,-0.1560666
AT5G20570,ATRBX1,0.167164,0.1362331,0.01163728,0.2017651,0.08295747,-0.07633722,0.1316867,0.3346583,-0.004002023,-0.0309309,-0.1555267,0.03460112,-0.08420651,-0.2435012,-0.03547728,0.1674943,-0.171166,0.637345,0.470181,0.311126,0.143962
AT5G20650,COPT5,0.6792494,0.1123936,0.3978343,-0.007671199,0.1464777,-0.2997652,0.1446106,0.4396674,0.9172104,-0.5668558,-0.2814151,-0.6869206,-0.5327717,-0.9790146,-0.5346388,-0.239582,0.237961,0.4621187,-0.2171307,0.259938,-0.4193114
AT5G23290,PFD5,0.006047555,0.2282799,0.04147625,0.2305806,0.09976163,-0.1319605,-0.1299498,0.07177472,-0.3145905,0.2222324,0.0354287,0.224533,0.09371407,-0.138008,-0.1359974,0.06572716,-0.320638,0.4730604,0.4670129,0.2140636,0.208016
AT5G23860,TUB8,-0.4440988,0.3669691,0.198981,0.3861483,0.1755069,0.05912834,0.1005147,-0.08960855,0.006038481,0.8110679,0.6430798,0.830247,0.6196057,0.5032271,0.5446135,0.3544902,0.4501373,-0.07183877,0.37226,0.1633752,0.6074739
AT5G24400,EMB2024,0.5186994,0.124306,0.2611882,0.4977872,0.1106994,-0.05206472,0.450393,0.3159557,0.4064805,-0.3943934,-0.2575112,-0.0209122,-0.408,-0.5707642,-0.06830645,-0.2027437,-0.112219,0.3535709,-0.1651285,0.07971974,-0.4389797
AT5G25460,DGR2,1.165112,0.2611823,0.8257863,0.7124987,0.9412846,0.2978885,1.782545,0.3269838,1.695308,-0.9039301,-0.3393261,-0.4526137,-0.2238277,-0.8672238,0.6174325,-0.8381286,0.5301953,-0.2707249,-1.435837,0.1166326,-1.04848
AT5G26880,AGL26,-0.2518193,-0.01081247,-0.3146648,-0.05237528,0.004640939,-0.1343578,-0.06238242,-0.1842052,-0.1533469,0.2410069,-0.06284542,0.1994441,0.2564603,0.1174616,0.1894369,0.06761411,0.09847241,0.1383463,0.3901657,-0.2310421,0.0207772
AT5G27670,HTA7,0.01645258,-0.1145622,0.05375484,0.04192744,0.1018366,-0.1302058,0.04335971,0.1511472,0.0687468,-0.1310148,0.03730226,0.02547487,0.08538402,-0.1466584,0.02690714,0.1346946,0.05229422,-0.0950158,-0.1114684,-0.3002764,-0.3167289
AT5G28540,BIP1,-0.3266987,-0.240406,-0.3789153,0.3882547,-0.4377716,-0.2888677,-0.6846964,0.1673585,-1.034987,0.08629261,-0.05221665,0.7149534,-0.111073,0.037831,-0.3579977,0.4940572,-0.7082879,-0.7395677,-0.4128691,-0.5977239,-0.2710253
AT5G28640,AN3,0.06747435,0.2110193,0.02871834,0.1187065,0.4332253,0.1194821,0.05987777,-0.4666686,0.3399713,0.143545,-0.03875601,0.05123212,0.3657509,0.0520078,-0.007596575,-0.5341429,0.272497,0.02205907,-0.04541528,-0.05414849,-0.1216228
AT5G34850,ATPAP26,0.4215439,0.2079497,0.5111692,-0.06624682,0.5496882,0.212543,0.4160388,-0.1980064,0.6092981,-0.2135942,0.08962535,-0.4877907,0.1281443,-0.2090009,-0.005505062,-0.6195502,0.1877542,-0.05830131,-0.4798452,0.3288879,-0.09265602
AT5G35620,EIF(ISO)4E,0.2514214,0.2410365,0.2242393,0.4261115,-0.2401124,-0.09847591,-0.1210652,-0.02287684,-0.614265,-0.01038482,-0.027182,0.1746902,-0.4915338,-0.3498973,-0.3724866,-0.2742982,-0.8656863,0.3082897,0.05686831,0.02447768,-0.2269437
AT5G37510,CI76,0.03240847,0.2481948,0.4193443,0.465896,0.2551611,0.3632737,0.1715031,0.262222,-0.1733576,0.2157864,0.3869358,0.4334876,0.2227526,0.3308652,0.1390947,0.2298136,-0.2057661,-0.03690477,-0.06931324,0.1545936,0.1221852
AT5G38470,RAD23D,0.2073309,0.3535541,0.2866066,0.4825781,0.2175142,-0.1799425,-0.1143537,0.1490506,-0.2360849,0.1462232,0.07927566,0.2752472,0.01018331,-0.3872734,-0.3216846,-0.05828027,-0.4434158,0.3423194,0.1349885,0.2195786,0.01224772
AT5G39320,UDG4,0.5785243,0.4202824,0.6362074,0.776611,0.1561566,-0.003196373,0.285628,0.1245877,0.3629502,-0.1582418,0.0576831,0.1980867,-0.4223677,-0.5817207,-0.2928963,-0.4539365,-0.2155741,0.06975632,-0.508768,0.2552597,-0.3232646
AT5G40370,GRXC2,0.3485738,-0.4324511,0.2241365,0.2459738,0.2815957,-0.6791275,-0.2846657,-0.1071876,-0.3722134,-0.7810249,-0.1244373,-0.1026,-0.06697812,-1.027701,-0.6332395,-0.4557614,-0.7207872,0.1669649,-0.1816089,-0.008292153,-0.356866
AT5G42020,BIP,-0.5391551,-0.4222637,-0.3897001,0.2597185,-0.8465591,-0.9860172,-1.544557,-0.5704358,-1.87028,0.1168914,0.149455,0.7988736,-0.307404,-0.4468621,-1.005402,-0.03128074,-1.331125,-0.7838676,-0.2447125,-0.9497228,-0.4105677
AT5G42080,ADL1,-0.1562563,0.07401408,-0.02861326,0.201386,0.09596218,0.1502253,0.07661123,0.01462304,0.03993438,0.2302704,0.127643,0.3576423,0.2522185,0.3064815,0.2328675,0.1708793,0.1961907,-0.1744983,-0.018242,-0.2131445,-0.0568882
AT5G42190,ASK2,0.1091696,-0.05059604,-0.269006,-0.05572904,0.0712471,-0.37723,-0.03115054,-0.08902495,0.07117999,-0.1597656,-0.3781755,-0.1648986,-0.03792248,-0.4863996,-0.1403201,-0.1981945,-0.03798959,0.2028888,0.0937192,0.008667171,-0.1005024
AT5G42890,ATSCP2,0.9356404,0.1596809,0.5782606,0.4668096,0.7795958,0.0499662,0.7416762,0.7419437,0.8874061,-0.7759595,-0.3573798,-0.4688307,-0.1560446,-0.8856742,-0.1939642,-0.1936966,-0.0482343,0.613137,-0.3225034,0.4900622,-0.4455782
AT5G43970,ATTOM22-V,0.2346426,0.3596867,0.2096587,0.3802775,0.1665458,-0.1880917,-0.1687444,0.06217671,-0.5941502,0.1250441,-0.02498391,0.1456349,-0.06809677,-0.4227343,-0.403387,-0.1724659,-0.8287928,0.5587195,0.3240769,0.2185596,-0.01608298
AT5G45010,ATDSS1(V),0.6635762,0.7107388,0.5805105,0.7921121,0.318647,0.1039607,0.2245366,0.3550956,-0.1513473,0.04716261,-0.08306566,0.1285359,-0.3449292,-0.5596155,-0.4390396,-0.3084806,-0.8149235,1.008757,0.3451809,0.8484051,0.184829
AT5G45130,ATRAB-F2A,0.6282963,-0.3440278,-0.009276182,-0.09098189,0.3234406,0.02907109,0.4018247,0.1922332,0.8302658,-0.9723241,-0.6375725,-0.7192782,-0.3048558,-0.5992253,-0.2264717,-0.4360631,0.2019695,0.1048082,-0.5234882,0.1058671,-0.5224292
AT5G45550,MOB1-like,0.5522038,0.1827229,0.3737493,0.3805325,-0.0128631,-0.1775653,0.3403845,0.2533073,0.6809198,-0.3694809,-0.1784545,-0.1716713,-0.5650669,-0.7297691,-0.2118192,-0.2988965,0.128716,0.4433413,-0.1088625,0.2484508,-0.303753
AT5G46250,AtLARP6a,0.03958283,-0.05915097,-0.1270143,-0.172474,0.05214698,0.7711959,0.689131,0.8683994,0.8198694,-0.0987338,-0.1665971,-0.2120568,0.01256415,0.731613,0.6495482,0.8288166,0.7802866,0.06836224,0.02877941,-0.01376848,-0.05335131
AT5G46290,KAS1,-0.4034937,0.17508,-0.1665666,0.3043046,-0.4485778,-0.3408105,-0.515032,-0.3027144,-0.9645549,0.5785737,0.236927,0.7077983,-0.04508413,0.06268313,-0.1115384,0.1007793,-0.5610612,-0.1411672,0.2623265,-0.310657,0.0928367
AT5G48870,AtLSM5,0.2912349,0.4335377,0.3524814,0.6003287,0.1750826,-0.04447857,0.1492149,0.1159728,-0.3184598,0.1423029,0.06124659,0.3090939,-0.1161522,-0.3357134,-0.1420199,-0.175262,-0.6096946,0.8418728,0.5506379,0.3672369,0.07600206
AT5G49720,ATGH9A1,0.03864025,-0.14453,0.1545617,-0.3733419,-0.09427345,0.0038847,-0.1031658,-0.4292481,0.006816573,-0.1831702,0.1159215,-0.4119822,-0.1329137,-0.03475555,-0.1418061,-0.4678884,-0.03182368,-0.1794525,-0.2180927,0.07435048,0.03571023
AT5G50375,CPI1,0.256568,0.38569,0.601883,0.4750024,-0.05899222,-0.1180655,0.2280054,0.2376539,-0.2197895,0.129122,0.345315,0.2184343,-0.3155602,-0.3746335,-0.02856266,-0.01891411,-0.4763575,0.2832954,0.02672743,-0.08961081,-0.3461788
AT5G53250,AGP22,-0.5609179,0.5424019,-0.522322,-0.2251498,-0.8532332,-0.5632373,-0.7748124,0.3320137,0.5728618,1.10332,0.03859593,0.3357681,-0.2923153,-0.002319394,-0.2138945,0.8929316,1.13378,0.4391035,1.000021,-0.3511232,0.2097948
AT5G54160,ATOMT1,0.161033,0.1142881,0.9199535,-0.1401585,-0.3225186,-0.627765,-0.3961887,-0.09059871,0.6288091,-0.0467449,0.7589205,-0.3011914,-0.4835515,-0.788798,-0.5572217,-0.2516317,0.4677761,0.2551935,0.09416052,0.2965827,0.1355498
AT5G54810,ATTSB1,0.2119819,-0.02366052,0.5559303,0.2883458,0.2401202,0.2727397,0.3925612,0.1105221,0.3122376,-0.2356424,0.3439484,0.07636393,0.02813829,0.06075786,0.1805793,-0.1014598,0.1002557,-0.2096888,-0.4216707,-0.1214366,-0.3334185
AT5G56170,LLG1,0.1151551,-0.006824582,-0.1355441,-0.2302548,0.01596842,-0.6289175,-0.3797083,-0.00374801,0.5612797,-0.1219797,-0.2506992,-0.3454099,-0.09918667,-0.7440726,-0.4948634,-0.1189031,0.4461246,0.05927673,-0.05587836,-0.0679884,-0.1831435
AT5G56950,NAP1;3,0.05113266,0.2363584,0.17123,0.2472636,-0.2270013,0.5570436,0.3144665,0.3049212,-0.01480278,0.1852258,0.1200973,0.1961309,-0.278134,0.5059109,0.2633338,0.2537885,-0.06593544,-0.1182571,-0.1693897,-0.08006593,-0.1311986
AT5G57490,ATVDAC4,0.04733938,0.1564001,0.101634,0.0530121,-0.07265956,-0.1154881,-0.1219074,-0.00243699,-0.001120089,0.1090608,0.05429467,0.005672719,-0.1199989,-0.1628275,-0.1692468,-0.04977637,-0.04845947,0.1849593,0.1376199,-0.07054699,-0.1178864
AT5G58290,RPT3,-0.04388797,0.1011916,0.3337863,0.1749,-0.07840767,-0.185541,-0.06043725,0.009506096,-0.04877961,0.1450796,0.3776742,0.2187879,-0.03451971,-0.141653,-0.01654928,0.05339406,-0.00489164,-0.1011983,-0.05731037,-0.1600035,-0.1161156
AT5G59090,ATSBT4.12,-0.6002989,-0.2423067,0.5966858,-0.6201812,-0.5223142,0.1868127,-0.2681053,-0.5762663,-0.8485726,0.3579921,1.196985,-0.01988237,0.07798467,0.7871116,0.3321936,0.0240326,-0.2482737,-0.6682578,-0.06795893,0.120217,0.7205159
AT5G59520,AtZIP2,1.154643,-0.3574459,0.03884983,-0.3286915,0.4647336,-0.3734179,0.9844125,-0.01250317,2.257007,-1.512089,-1.115793,-1.483335,-0.6899094,-1.528061,-0.1702306,-1.167146,1.102364,-0.219684,-1.374327,-0.07191529,-1.226558
AT5G59890,ADF4,0.587765,0.2904025,0.4475805,0.2990844,0.5034176,0.04703697,0.3461186,0.3084546,0.5850158,-0.2973625,-0.1401845,-0.2886806,-0.08434738,-0.540728,-0.2416464,-0.2793104,-0.002749168,0.5539907,-0.03377429,0.537546,-0.05021905
AT5G60340,AAK6,-0.06346698,-0.06311679,-0.417094,-0.1294666,0.02349241,0.4997164,0.4697641,0.5208876,0.4947238,0.000350193,-0.353627,-0.06599958,0.08695939,0.5631833,0.5332311,0.5843545,0.5581908,0.292908,0.356375,0.06052051,0.1239875
AT5G60360,AALP,1.023822,-0.8048034,0.454127,-0.5483678,0.5286567,0.08615262,1.024118,0.3178282,1.197332,-1.828625,-0.5696948,-1.57219,-0.4951652,-0.9376692,0.00029596,-0.7059937,0.1735098,-0.3241181,-1.34794,0.08508541,-0.9387364
AT5G60640,ATPDI2,-0.05562509,0.02949446,0.07748068,0.2503686,-0.01462096,0.1473592,0.1190897,0.3798974,-0.1830282,0.08511955,0.1331058,0.3059936,0.04100413,0.2029843,0.1747148,0.4355225,-0.1274031,-0.2212206,-0.1655955,-0.04623574,0.009389351
AT5G60920,COB,0.1584541,0.1152629,0.1564577,-0.04699554,-0.1832553,-0.07687092,0.04894911,0.02360943,0.1362596,-0.04319123,-0.001996409,-0.2054496,-0.3417094,-0.235325,-0.109505,-0.1348447,-0.02219447,-0.02683211,-0.1852862,-0.2741448,-0.4325989
AT5G63600,ATFLS5,0.569435,-1.892168,-0.7258762,-1.089179,-0.2895678,1.02495,1.428994,1.172501,3.826827,-2.461603,-1.295311,-1.658614,-0.8590028,0.4555152,0.859559,0.6030656,3.257392,-0.7671473,-1.336582,-0.4852674,-1.054702
AT5G63660,LCR74,0.452719,0.08885576,0.09555069,0.6393901,-0.006908369,-1.328606,-1.336712,-1.108913,-1.133042,-0.3638632,-0.3571683,0.1866711,-0.4596274,-1.781325,-1.789431,-1.561632,-1.585761,0.958791,0.506072,0.07195247,-0.3807665
AT5G66760,SDH1-1,0.1434509,0.06474421,0.2704779,0.5822421,-0.1504066,0.2458076,-0.1279017,-0.2152046,-0.4454144,-0.07870667,0.127027,0.4387912,-0.2938575,0.1023567,-0.2713526,-0.3586555,-0.5888653,-0.06131086,-0.2047617,-0.1218434,-0.2652943
AT5G67260,CYCD3;2,-0.220935,0.2506927,-0.1586517,0.2223561,0.08471889,0.09902419,-0.07130652,-0.1417003,-0.224266,0.4716277,0.06228336,0.4432911,0.3056539,0.3199592,0.1496285,0.07923474,-0.00333099,0.4826939,0.7036289,0.1386686,0.3596036
AT5G67360,ARA12,-0.3212333,-0.01645483,-0.3162689,0.08938182,0.1862586,0.07379448,0.1373117,-0.06796361,0.007093722,0.3047785,0.004964392,0.4106151,0.5074919,0.3950278,0.458545,0.2532697,0.328327,-0.4448078,-0.1235745,-0.1793993,0.141834
AT5G67380,ATCKA1,0.1596695,-0.06874877,-0.1206119,-0.01545501,0.5056759,0.3593177,0.4462364,0.1598056,0.7170945,-0.2284183,-0.2802814,-0.1751245,0.3460064,0.1996483,0.2865669,0.00013607,0.557425,0.2218201,0.06215058,0.07813528,-0.08153422
AT5G67420,ASL39,0.07533778,0.1053899,0.2005435,-0.2694847,-0.2068758,0.2694412,-0.03221597,0.2632665,0.7243204,0.0300521,0.1252058,-0.3448225,-0.2822136,0.1941035,-0.1075537,0.1879287,0.6489826,0.02116053,-0.05417724,-0.02355063,-0.0988884
ATMG00580,NAD4,-0.6816144,-0.4918369,-1.009664,-0.5681084,-0.495384,-0.2128935,-0.6363621,-0.4676618,-1.00547,0.1897775,-0.3280498,0.113506,0.1862304,0.4687209,0.04525234,0.2139527,-0.3238555,-0.2694157,0.4121987,-0.3569444,0.3246701
