"","col_GC_c1.which.mclass....5...1."
"1","AT1G01160"
"2","AT1G01230"
"3","AT1G01470"
"4","AT1G01490"
"5","AT1G01510"
"6","AT1G02160"
"7","AT1G02305"
"8","AT1G02816"
"9","AT1G02900"
"10","AT1G03210"
"11","AT1G03230"
"12","AT1G03330"
"13","AT1G03410"
"14","AT1G03850"
"15","AT1G04080"
"16","AT1G04140"
"17","AT1G04170"
"18","AT1G04183"
"19","AT1G04190"
"20","AT1G04430"
"21","AT1G04503"
"22","AT1G04510"
"23","AT1G04630"
"24","AT1G04680"
"25","AT1G05205"
"26","AT1G05250"
"27","AT1G05620"
"28","AT1G05680"
"29","AT1G06110"
"30","AT1G06400"
"31","AT1G06640"
"32","AT1G06700"
"33","AT1G06890"
"34","AT1G07020"
"35","AT1G07070"
"36","AT1G07080"
"37","AT1G07210"
"38","AT1G07360"
"39","AT1G07370"
"40","AT1G07660"
"41","AT1G07750"
"42","AT1G07887"
"43","AT1G07960"
"44","AT1G08110"
"45","AT1G08160"
"46","AT1G08560"
"47","AT1G08580"
"48","AT1G08780"
"49","AT1G09140"
"50","AT1G09270"
"51","AT1G09330"
"52","AT1G09430"
"53","AT1G09570"
"54","AT1G09620"
"55","AT1G09630"
"56","AT1G09660"
"57","AT1G09740"
"58","AT1G09760"
"59","AT1G09840"
"60","AT1G10120"
"61","AT1G10200"
"62","AT1G11360"
"63","AT1G11400"
"64","AT1G11480"
"65","AT1G11545"
"66","AT1G11670"
"67","AT1G11750"
"68","AT1G11910"
"69","AT1G12010"
"70","AT1G12110"
"71","AT1G12390"
"72","AT1G12440"
"73","AT1G12780"
"74","AT1G13060"
"75","AT1G13360"
"76","AT1G13380"
"77","AT1G13930"
"78","AT1G13950"
"79","AT1G14010"
"80","AT1G14210"
"81","AT1G14290"
"82","AT1G14510"
"83","AT1G14610"
"84","AT1G14810"
"85","AT1G14830"
"86","AT1G14860"
"87","AT1G14890"
"88","AT1G15040"
"89","AT1G15100"
"90","AT1G15210"
"91","AT1G15250"
"92","AT1G15340"
"93","AT1G15400"
"94","AT1G15420"
"95","AT1G15750"
"96","AT1G15880"
"97","AT1G16170"
"98","AT1G16350"
"99","AT1G16460"
"100","AT1G16560"
"101","AT1G16740"
"102","AT1G16880"
"103","AT1G17180"
"104","AT1G17190"
"105","AT1G17285"
"106","AT1G17290"
"107","AT1G17370"
"108","AT1G17470"
"109","AT1G17890"
"110","AT1G18070"
"111","AT1G18450"
"112","AT1G18640"
"113","AT1G18720"
"114","AT1G18800"
"115","AT1G18880"
"116","AT1G19120"
"117","AT1G19130"
"118","AT1G19350"
"119","AT1G19360"
"120","AT1G19570"
"121","AT1G19870"
"122","AT1G19920"
"123","AT1G19960"
"124","AT1G20160"
"125","AT1G20190"
"126","AT1G20220"
"127","AT1G20225"
"128","AT1G20430"
"129","AT1G20450"
"130","AT1G20840"
"131","AT1G20950"
"132","AT1G20960"
"133","AT1G21000"
"134","AT1G21050"
"135","AT1G21065"
"136","AT1G21090"
"137","AT1G21140"
"138","AT1G21313"
"139","AT1G21770"
"140","AT1G21780"
"141","AT1G21900"
"142","AT1G21930"
"143","AT1G22140"
"144","AT1G22190"
"145","AT1G22530"
"146","AT1G22880"
"147","AT1G23100"
"148","AT1G23190"
"149","AT1G23280"
"150","AT1G23440"
"151","AT1G23750"
"152","AT1G23860"
"153","AT1G24881"
"154","AT1G25490"
"155","AT1G25550"
"156","AT1G26470"
"157","AT1G26665"
"158","AT1G26740"
"159","AT1G26750"
"160","AT1G27090"
"161","AT1G27290"
"162","AT1G27300"
"163","AT1G28110"
"164","AT1G28250"
"165","AT1G28400"
"166","AT1G29070"
"167","AT1G29280"
"168","AT1G29310"
"169","AT1G29350"
"170","AT1G29370"
"171","AT1G29520"
"172","AT1G29900"
"173","AT1G29950"
"174","AT1G29970"
"175","AT1G30270"
"176","AT1G30440"
"177","AT1G30750"
"178","AT1G30820"
"179","AT1G30890"
"180","AT1G30970"
"181","AT1G31300"
"182","AT1G31770"
"183","AT1G31817"
"184","AT1G31850"
"185","AT1G31860"
"186","AT1G32100"
"187","AT1G32170"
"188","AT1G32230"
"189","AT1G32400"
"190","AT1G32580"
"191","AT1G32790"
"192","AT1G32920"
"193","AT1G33040"
"194","AT1G33055"
"195","AT1G33240"
"196","AT1G33800"
"197","AT1G34418"
"198","AT1G35516"
"199","AT1G35680"
"200","AT1G36050"
"201","AT1G36060"
"202","AT1G36310"
"203","AT1G37130"
"204","AT1G43130"
"205","AT1G43190"
"206","AT1G43790"
"207","AT1G44770"
"208","AT1G44810"
"209","AT1G46264"
"210","AT1G47128"
"211","AT1G47250"
"212","AT1G47278"
"213","AT1G47395"
"214","AT1G47400"
"215","AT1G47490"
"216","AT1G47740"
"217","AT1G47830"
"218","AT1G48030"
"219","AT1G48140"
"220","AT1G48160"
"221","AT1G48200"
"222","AT1G48350"
"223","AT1G48410"
"224","AT1G48850"
"225","AT1G49300"
"226","AT1G49400"
"227","AT1G49470"
"228","AT1G49500"
"229","AT1G50050"
"230","AT1G50060"
"231","AT1G50200"
"232","AT1G50480"
"233","AT1G50640"
"234","AT1G50670"
"235","AT1G51070"
"236","AT1G51680"
"237","AT1G51690"
"238","AT1G51730"
"239","AT1G52200"
"240","AT1G52280"
"241","AT1G52380"
"242","AT1G52670"
"243","AT1G52910"
"244","AT1G52930"
"245","AT1G52980"
"246","AT1G53000"
"247","AT1G53210"
"248","AT1G53310"
"249","AT1G53480"
"250","AT1G53580"
"251","AT1G53910"
"252","AT1G54320"
"253","AT1G55160"
"254","AT1G55840"
"255","AT1G55920"
"256","AT1G56200"
"257","AT1G56680"
"258","AT1G57620"
"259","AT1G57680"
"260","AT1G58235"
"261","AT1G58270"
"262","AT1G59610"
"263","AT1G59900"
"264","AT1G59960"
"265","AT1G60710"
"266","AT1G60780"
"267","AT1G61620"
"268","AT1G61740"
"269","AT1G62180"
"270","AT1G62280"
"271","AT1G62640"
"272","AT1G62790"
"273","AT1G62820"
"274","AT1G63110"
"275","AT1G63120"
"276","AT1G63180"
"277","AT1G63220"
"278","AT1G63660"
"279","AT1G63770"
"280","AT1G63780"
"281","AT1G63830"
"282","AT1G63940"
"283","AT1G64040"
"284","AT1G64190"
"285","AT1G64490"
"286","AT1G64550"
"287","AT1G64640"
"288","AT1G64650"
"289","AT1G64850"
"290","AT1G64980"
"291","AT1G65010"
"292","AT1G65220"
"293","AT1G66140"
"294","AT1G66680"
"295","AT1G67328"
"296","AT1G67330"
"297","AT1G67730"
"298","AT1G68140"
"299","AT1G68300"
"300","AT1G68310"
"301","AT1G68490"
"302","AT1G68560"
"303","AT1G68680"
"304","AT1G68790"
"305","AT1G69040"
"306","AT1G69252"
"307","AT1G69295"
"308","AT1G70190"
"309","AT1G70350"
"310","AT1G70660"
"311","AT1G71010"
"312","AT1G71260"
"313","AT1G71340"
"314","AT1G71692"
"315","AT1G71730"
"316","AT1G71780"
"317","AT1G71860"
"318","AT1G71880"
"319","AT1G71950"
"320","AT1G72170"
"321","AT1G72510"
"322","AT1G72550"
"323","AT1G72680"
"324","AT1G72710"
"325","AT1G72820"
"326","AT1G73030"
"327","AT1G73590"
"328","AT1G74030"
"329","AT1G74230"
"330","AT1G74340"
"331","AT1G74660"
"332","AT1G74910"
"333","AT1G75270"
"334","AT1G75280"
"335","AT1G75330"
"336","AT1G75380"
"337","AT1G75660"
"338","AT1G75680"
"339","AT1G75780"
"340","AT1G75840"
"341","AT1G75945"
"342","AT1G76030"
"343","AT1G76300"
"344","AT1G76410"
"345","AT1G76790"
"346","AT1G77180"
"347","AT1G77370"
"348","AT1G77610"
"349","AT1G77750"
"350","AT1G78340"
"351","AT1G78570"
"352","AT1G78670"
"353","AT1G78890"
"354","AT1G79040"
"355","AT1G79210"
"356","AT1G79230"
"357","AT1G79390"
"358","AT1G79650"
"359","AT1G79660"
"360","AT1G79830"
"361","AT1G79930"
"362","AT1G79985"
"363","AT1G80040"
"364","AT1G80070"
"365","AT1G80180"
"366","AT1G80280"
"367","AT1G80380"
"368","AT1G80410"
"369","AT1G80460"
"370","AT1G80750"
"371","AT1G80860"
"372","AT1G80930"
"373","AT2G01060"
"374","AT2G01100"
"375","AT2G01420"
"376","AT2G01450"
"377","AT2G01470"
"378","AT2G01570"
"379","AT2G01970"
"380","AT2G02470"
"381","AT2G02870"
"382","AT2G02960"
"383","AT2G03440"
"384","AT2G03510"
"385","AT2G03640"
"386","AT2G03890"
"387","AT2G04170"
"388","AT2G04378"
"389","AT2G04410"
"390","AT2G04690"
"391","AT2G04700"
"392","AT2G05710"
"393","AT2G05840"
"394","AT2G05920"
"395","AT2G06850"
"396","AT2G07340"
"397","AT2G07671"
"398","AT2G07698"
"399","AT2G07708"
"400","AT2G07718"
"401","AT2G11890"
"402","AT2G13560"
"403","AT2G14210"
"404","AT2G14247"
"405","AT2G14835"
"406","AT2G14900"
"407","AT2G14910"
"408","AT2G15240"
"409","AT2G15570"
"410","AT2G15910"
"411","AT2G16850"
"412","AT2G16860"
"413","AT2G16930"
"414","AT2G16940"
"415","AT2G17500"
"416","AT2G17710"
"417","AT2G17720"
"418","AT2G17800"
"419","AT2G18030"
"420","AT2G18196"
"421","AT2G18280"
"422","AT2G18390"
"423","AT2G18980"
"424","AT2G19520"
"425","AT2G19540"
"426","AT2G19830"
"427","AT2G20120"
"428","AT2G20140"
"429","AT2G20230"
"430","AT2G20530"
"431","AT2G20585"
"432","AT2G20630"
"433","AT2G20930"
"434","AT2G21190"
"435","AT2G21250"
"436","AT2G21390"
"437","AT2G22080"
"438","AT2G22230"
"439","AT2G23050"
"440","AT2G23780"
"441","AT2G23940"
"442","AT2G24150"
"443","AT2G24200"
"444","AT2G24260"
"445","AT2G24360"
"446","AT2G24570"
"447","AT2G24790"
"448","AT2G25070"
"449","AT2G25110"
"450","AT2G25280"
"451","AT2G25310"
"452","AT2G25430"
"453","AT2G25610"
"454","AT2G25810"
"455","AT2G25910"
"456","AT2G25970"
"457","AT2G25980"
"458","AT2G26080"
"459","AT2G26230"
"460","AT2G26355"
"461","AT2G26590"
"462","AT2G26730"
"463","AT2G26900"
"464","AT2G27230"
"465","AT2G27330"
"466","AT2G27450"
"467","AT2G27775"
"468","AT2G27840"
"469","AT2G28000"
"470","AT2G28370"
"471","AT2G28740"
"472","AT2G29390"
"473","AT2G29490"
"474","AT2G29540"
"475","AT2G29570"
"476","AT2G29700"
"477","AT2G30060"
"478","AT2G30200"
"479","AT2G30260"
"480","AT2G30500"
"481","AT2G30520"
"482","AT2G30970"
"483","AT2G31085"
"484","AT2G31090"
"485","AT2G31410"
"486","AT2G31570"
"487","AT2G31670"
"488","AT2G32070"
"489","AT2G32150"
"490","AT2G32380"
"491","AT2G32700"
"492","AT2G32730"
"493","AT2G32920"
"494","AT2G33310"
"495","AT2G33410"
"496","AT2G33630"
"497","AT2G33730"
"498","AT2G33740"
"499","AT2G34160"
"500","AT2G34300"
"501","AT2G34470"
"502","AT2G34750"
"503","AT2G34770"
"504","AT2G35050"
"505","AT2G35240"
"506","AT2G35520"
"507","AT2G35680"
"508","AT2G35790"
"509","AT2G35795"
"510","AT2G35810"
"511","AT2G36130"
"512","AT2G36410"
"513","AT2G36900"
"514","AT2G36910"
"515","AT2G37050"
"516","AT2G37080"
"517","AT2G37180"
"518","AT2G37470"
"519","AT2G37550"
"520","AT2G37870"
"521","AT2G37975"
"522","AT2G37990"
"523","AT2G38040"
"524","AT2G38080"
"525","AT2G38120"
"526","AT2G38130"
"527","AT2G38400"
"528","AT2G38550"
"529","AT2G38670"
"530","AT2G38700"
"531","AT2G38710"
"532","AT2G38800"
"533","AT2G39681"
"534","AT2G39700"
"535","AT2G39705"
"536","AT2G39900"
"537","AT2G39970"
"538","AT2G40113"
"539","AT2G40290"
"540","AT2G40430"
"541","AT2G40620"
"542","AT2G40900"
"543","AT2G41160"
"544","AT2G41310"
"545","AT2G41475"
"546","AT2G41480"
"547","AT2G41600"
"548","AT2G41660"
"549","AT2G41900"
"550","AT2G42780"
"551","AT2G42810"
"552","AT2G42910"
"553","AT2G43160"
"554","AT2G43340"
"555","AT2G43350"
"556","AT2G43360"
"557","AT2G43535"
"558","AT2G43640"
"559","AT2G43710"
"560","AT2G43750"
"561","AT2G43760"
"562","AT2G43780"
"563","AT2G43790"
"564","AT2G43820"
"565","AT2G43910"
"566","AT2G44050"
"567","AT2G44065"
"568","AT2G44300"
"569","AT2G44350"
"570","AT2G44360"
"571","AT2G44525"
"572","AT2G44650"
"573","AT2G44740"
"574","AT2G45010"
"575","AT2G45050"
"576","AT2G45140"
"577","AT2G45200"
"578","AT2G45290"
"579","AT2G45520"
"580","AT2G45710"
"581","AT2G45860"
"582","AT2G45980"
"583","AT2G46020"
"584","AT2G46370"
"585","AT2G46470"
"586","AT2G46490"
"587","AT2G46690"
"588","AT2G46780"
"589","AT2G46890"
"590","AT2G46900"
"591","AT2G47270"
"592","AT2G47420"
"593","AT2G47540"
"594","AT2G47580"
"595","AT2G47640"
"596","AT2G47650"
"597","AT2G47710"
"598","AT2G47960"
"599","AT2G48100"
"600","AT3G01260"
"601","AT3G01290"
"602","AT3G01340"
"603","AT3G01345"
"604","AT3G01520"
"605","AT3G01690"
"606","AT3G01770"
"607","AT3G01910"
"608","AT3G02260"
"609","AT3G02360"
"610","AT3G02420"
"611","AT3G02520"
"612","AT3G02530"
"613","AT3G02640"
"614","AT3G02700"
"615","AT3G02770"
"616","AT3G02790"
"617","AT3G02900"
"618","AT3G02910"
"619","AT3G03150"
"620","AT3G03170"
"621","AT3G03250"
"622","AT3G03475"
"623","AT3G03780"
"624","AT3G03990"
"625","AT3G04090"
"626","AT3G04320"
"627","AT3G04570"
"628","AT3G04780"
"629","AT3G04830"
"630","AT3G05000"
"631","AT3G05230"
"632","AT3G05280"
"633","AT3G05500"
"634","AT3G05760"
"635","AT3G05810"
"636","AT3G05840"
"637","AT3G06035"
"638","AT3G06050"
"639","AT3G06125"
"640","AT3G06300"
"641","AT3G06310"
"642","AT3G06320"
"643","AT3G06350"
"644","AT3G06420"
"645","AT3G06610"
"646","AT3G06650"
"647","AT3G07050"
"648","AT3G07170"
"649","AT3G07560"
"650","AT3G07568"
"651","AT3G07590"
"652","AT3G07720"
"653","AT3G07760"
"654","AT3G07810"
"655","AT3G07910"
"656","AT3G07990"
"657","AT3G08530"
"658","AT3G08680"
"659","AT3G08690"
"660","AT3G08930"
"661","AT3G09270"
"662","AT3G09390"
"663","AT3G09455"
"664","AT3G09470"
"665","AT3G09900"
"666","AT3G09925"
"667","AT3G10020"
"668","AT3G10250"
"669","AT3G10410"
"670","AT3G11200"
"671","AT3G11550"
"672","AT3G11710"
"673","AT3G11730"
"674","AT3G11780"
"675","AT3G11800"
"676","AT3G11830"
"677","AT3G12090"
"678","AT3G12110"
"679","AT3G12180"
"680","AT3G12600"
"681","AT3G12760"
"682","AT3G12800"
"683","AT3G12920"
"684","AT3G13110"
"685","AT3G13120"
"686","AT3G13300"
"687","AT3G13310"
"688","AT3G13340"
"689","AT3G13435"
"690","AT3G13440"
"691","AT3G13570"
"692","AT3G13772"
"693","AT3G13845"
"694","AT3G13870"
"695","AT3G13930"
"696","AT3G14010"
"697","AT3G14100"
"698","AT3G14230"
"699","AT3G14260"
"700","AT3G14362"
"701","AT3G14430"
"702","AT3G14595"
"703","AT3G15260"
"704","AT3G15353"
"705","AT3G15480"
"706","AT3G15630"
"707","AT3G15710"
"708","AT3G15810"
"709","AT3G15820"
"710","AT3G15950"
"711","AT3G16310"
"712","AT3G16470"
"713","AT3G16480"
"714","AT3G16870"
"715","AT3G16920"
"716","AT3G16950"
"717","AT3G17160"
"718","AT3G17240"
"719","AT3G17440"
"720","AT3G17465"
"721","AT3G17810"
"722","AT3G18035"
"723","AT3G18430"
"724","AT3G18560"
"725","AT3G18600"
"726","AT3G18760"
"727","AT3G18940"
"728","AT3G18990"
"729","AT3G19100"
"730","AT3G19130"
"731","AT3G19260"
"732","AT3G19450"
"733","AT3G19520"
"734","AT3G19910"
"735","AT3G20670"
"736","AT3G20790"
"737","AT3G20870"
"738","AT3G21710"
"739","AT3G21720"
"740","AT3G21865"
"741","AT3G22200"
"742","AT3G22290"
"743","AT3G22380"
"744","AT3G22480"
"745","AT3G22520"
"746","AT3G22600"
"747","AT3G22660"
"748","AT3G22680"
"749","AT3G22850"
"750","AT3G22950"
"751","AT3G23175"
"752","AT3G23180"
"753","AT3G23470"
"754","AT3G23620"
"755","AT3G23800"
"756","AT3G23940"
"757","AT3G23990"
"758","AT3G24080"
"759","AT3G24100"
"760","AT3G24170"
"761","AT3G24550"
"762","AT3G25140"
"763","AT3G25150"
"764","AT3G25230"
"765","AT3G25530"
"766","AT3G25540"
"767","AT3G25710"
"768","AT3G25717"
"769","AT3G25860"
"770","AT3G25910"
"771","AT3G26030"
"772","AT3G26420"
"773","AT3G26430"
"774","AT3G26510"
"775","AT3G26760"
"776","AT3G26810"
"777","AT3G27080"
"778","AT3G27100"
"779","AT3G27200"
"780","AT3G27350"
"781","AT3G27740"
"782","AT3G28050"
"783","AT3G28715"
"784","AT3G29034"
"785","AT3G29180"
"786","AT3G29240"
"787","AT3G29350"
"788","AT3G29360"
"789","AT3G30775"
"790","AT3G41979"
"791","AT3G43300"
"792","AT3G43800"
"793","AT3G44100"
"794","AT3G44320"
"795","AT3G44330"
"796","AT3G44590"
"797","AT3G44750"
"798","AT3G45300"
"799","AT3G45600"
"800","AT3G46130"
"801","AT3G46280"
"802","AT3G46830"
"803","AT3G46845"
"804","AT3G46940"
"805","AT3G47160"
"806","AT3G47220"
"807","AT3G47510"
"808","AT3G48030"
"809","AT3G48360"
"810","AT3G48560"
"811","AT3G48680"
"812","AT3G48750"
"813","AT3G48890"
"814","AT3G48990"
"815","AT3G49100"
"816","AT3G49470"
"817","AT3G49601"
"818","AT3G49680"
"819","AT3G49720"
"820","AT3G49810"
"821","AT3G49845"
"822","AT3G50070"
"823","AT3G50360"
"824","AT3G50370"
"825","AT3G50670"
"826","AT3G50970"
"827","AT3G51010"
"828","AT3G51160"
"829","AT3G51370"
"830","AT3G51670"
"831","AT3G51840"
"832","AT3G51880"
"833","AT3G51920"
"834","AT3G51950"
"835","AT3G52040"
"836","AT3G52060"
"837","AT3G52140"
"838","AT3G52220"
"839","AT3G52230"
"840","AT3G52470"
"841","AT3G52800"
"842","AT3G52880"
"843","AT3G52920"
"844","AT3G52940"
"845","AT3G52990"
"846","AT3G53110"
"847","AT3G53460"
"848","AT3G53480"
"849","AT3G53500"
"850","AT3G53580"
"851","AT3G53610"
"852","AT3G53620"
"853","AT3G53630"
"854","AT3G53670"
"855","AT3G53750"
"856","AT3G54040"
"857","AT3G54080"
"858","AT3G54190"
"859","AT3G54210"
"860","AT3G54260"
"861","AT3G54366"
"862","AT3G54400"
"863","AT3G54470"
"864","AT3G54480"
"865","AT3G54590"
"866","AT3G54620"
"867","AT3G54640"
"868","AT3G54670"
"869","AT3G54760"
"870","AT3G54810"
"871","AT3G54880"
"872","AT3G55230"
"873","AT3G55360"
"874","AT3G55380"
"875","AT3G55460"
"876","AT3G55520"
"877","AT3G55620"
"878","AT3G55830"
"879","AT3G56090"
"880","AT3G56310"
"881","AT3G56370"
"882","AT3G56480"
"883","AT3G56950"
"884","AT3G57050"
"885","AT3G57280"
"886","AT3G57340"
"887","AT3G57490"
"888","AT3G57520"
"889","AT3G57550"
"890","AT3G57610"
"891","AT3G57650"
"892","AT3G57785"
"893","AT3G57930"
"894","AT3G58120"
"895","AT3G58170"
"896","AT3G58460"
"897","AT3G58730"
"898","AT3G59280"
"899","AT3G59350"
"900","AT3G59650"
"901","AT3G59760"
"902","AT3G59810"
"903","AT3G59990"
"904","AT3G60210"
"905","AT3G60250"
"906","AT3G60300"
"907","AT3G60450"
"908","AT3G61060"
"909","AT3G61070"
"910","AT3G61130"
"911","AT3G61200"
"912","AT3G61240"
"913","AT3G61260"
"914","AT3G61640"
"915","AT3G61860"
"916","AT3G62030"
"917","AT3G62420"
"918","AT3G62580"
"919","AT3G62600"
"920","AT3G62830"
"921","AT3G62980"
"922","AT3G63080"
"923","AT3G63130"
"924","AT3G63210"
"925","AT3G63250"
"926","AT3G63310"
"927","AT3G63400"
"928","AT3G63460"
"929","AT3G66654"
"930","AT4G00355"
"931","AT4G00430"
"932","AT4G00560"
"933","AT4G00710"
"934","AT4G00820"
"935","AT4G00830"
"936","AT4G01000"
"937","AT4G01320"
"938","AT4G01370"
"939","AT4G01430"
"940","AT4G01480"
"941","AT4G01750"
"942","AT4G01897"
"943","AT4G01900"
"944","AT4G02370"
"945","AT4G02500"
"946","AT4G02510"
"947","AT4G02520"
"948","AT4G02725"
"949","AT4G03210"
"950","AT4G03240"
"951","AT4G04470"
"952","AT4G04745"
"953","AT4G04910"
"954","AT4G04955"
"955","AT4G05070"
"956","AT4G07390"
"957","AT4G08280"
"958","AT4G08290"
"959","AT4G08390"
"960","AT4G08460"
"961","AT4G08950"
"962","AT4G08980"
"963","AT4G09830"
"964","AT4G10100"
"965","AT4G10380"
"966","AT4G10920"
"967","AT4G11220"
"968","AT4G11240"
"969","AT4G11260"
"970","AT4G11360"
"971","AT4G11380"
"972","AT4G11600"
"973","AT4G11820"
"974","AT4G12080"
"975","AT4G12340"
"976","AT4G12545"
"977","AT4G12550"
"978","AT4G12730"
"979","AT4G12880"
"980","AT4G13780"
"981","AT4G14010"
"982","AT4G14110"
"983","AT4G14120"
"984","AT4G14410"
"985","AT4G14455"
"986","AT4G14710"
"987","AT4G14716"
"988","AT4G14900"
"989","AT4G15160"
"990","AT4G15610"
"991","AT4G15760"
"992","AT4G15770"
"993","AT4G15780"
"994","AT4G15930"
"995","AT4G16370"
"996","AT4G16500"
"997","AT4G16520"
"998","AT4G16830"
"999","AT4G17040"
"1000","AT4G17190"
"1001","AT4G17270"
"1002","AT4G17460"
"1003","AT4G17510"
"1004","AT4G17730"
"1005","AT4G17800"
"1006","AT4G17890"
"1007","AT4G17900"
"1008","AT4G18030"
"1009","AT4G18040"
"1010","AT4G18070"
"1011","AT4G19006"
"1012","AT4G19030"
"1013","AT4G20210"
"1014","AT4G20380"
"1015","AT4G20980"
"1016","AT4G21450"
"1017","AT4G21570"
"1018","AT4G21600"
"1019","AT4G21660"
"1020","AT4G21810"
"1021","AT4G21990"
"1022","AT4G22235"
"1023","AT4G22300"
"1024","AT4G22380"
"1025","AT4G22750"
"1026","AT4G22810"
"1027","AT4G22820"
"1028","AT4G22930"
"1029","AT4G23590"
"1030","AT4G23620"
"1031","AT4G23750"
"1032","AT4G23760"
"1033","AT4G23800"
"1034","AT4G23885"
"1035","AT4G24275"
"1036","AT4G24280"
"1037","AT4G24330"
"1038","AT4G24620"
"1039","AT4G24690"
"1040","AT4G24830"
"1041","AT4G24990"
"1042","AT4G25210"
"1043","AT4G25340"
"1044","AT4G25550"
"1045","AT4G25670"
"1046","AT4G25680"
"1047","AT4G25730"
"1048","AT4G25900"
"1049","AT4G26240"
"1050","AT4G26480"
"1051","AT4G26540"
"1052","AT4G26650"
"1053","AT4G26670"
"1054","AT4G26870"
"1055","AT4G27270"
"1056","AT4G27435"
"1057","AT4G27760"
"1058","AT4G28270"
"1059","AT4G28300"
"1060","AT4G28360"
"1061","AT4G28610"
"1062","AT4G28770"
"1063","AT4G28880"
"1064","AT4G28910"
"1065","AT4G29130"
"1066","AT4G29160"
"1067","AT4G29260"
"1068","AT4G29270"
"1069","AT4G29430"
"1070","AT4G29510"
"1071","AT4G29840"
"1072","AT4G30260"
"1073","AT4G30440"
"1074","AT4G30460"
"1075","AT4G30480"
"1076","AT4G30530"
"1077","AT4G30550"
"1078","AT4G30600"
"1079","AT4G30650"
"1080","AT4G30670"
"1081","AT4G30760"
"1082","AT4G30930"
"1083","AT4G30950"
"1084","AT4G31130"
"1085","AT4G31310"
"1086","AT4G31460"
"1087","AT4G31470"
"1088","AT4G31500"
"1089","AT4G31580"
"1090","AT4G31810"
"1091","AT4G31880"
"1092","AT4G31990"
"1093","AT4G32020"
"1094","AT4G32060"
"1095","AT4G32240"
"1096","AT4G32330"
"1097","AT4G32390"
"1098","AT4G32410"
"1099","AT4G32460"
"1100","AT4G32610"
"1101","AT4G32720"
"1102","AT4G32930"
"1103","AT4G33270"
"1104","AT4G33360"
"1105","AT4G33380"
"1106","AT4G33420"
"1107","AT4G33680"
"1108","AT4G33740"
"1109","AT4G33780"
"1110","AT4G34180"
"1111","AT4G34350"
"1112","AT4G34620"
"1113","AT4G34970"
"1114","AT4G35080"
"1115","AT4G35260"
"1116","AT4G35350"
"1117","AT4G35450"
"1118","AT4G35785"
"1119","AT4G35920"
"1120","AT4G35980"
"1121","AT4G36140"
"1122","AT4G36410"
"1123","AT4G36520"
"1124","AT4G36690"
"1125","AT4G36760"
"1126","AT4G36930"
"1127","AT4G37520"
"1128","AT4G37540"
"1129","AT4G37590"
"1130","AT4G37940"
"1131","AT4G38080"
"1132","AT4G38220"
"1133","AT4G38430"
"1134","AT4G38470"
"1135","AT4G38630"
"1136","AT4G38660"
"1137","AT4G38790"
"1138","AT4G38932"
"1139","AT4G39080"
"1140","AT4G39220"
"1141","AT4G39660"
"1142","AT4G39680"
"1143","AT4G39730"
"1144","AT4G39800"
"1145","AT4G39838"
"1146","AT4G39840"
"1147","AT4G39900"
"1148","AT4G39910"
"1149","AT4G39980"
"1150","AT4G40060"
"1151","AT4G40090"
"1152","AT5G01010"
"1153","AT5G01160"
"1154","AT5G01600"
"1155","AT5G01750"
"1156","AT5G02020"
"1157","AT5G02050"
"1158","AT5G02090"
"1159","AT5G02260"
"1160","AT5G02280"
"1161","AT5G02840"
"1162","AT5G03170"
"1163","AT5G03290"
"1164","AT5G03455"
"1165","AT5G03520"
"1166","AT5G03660"
"1167","AT5G03740"
"1168","AT5G04470"
"1169","AT5G04905"
"1170","AT5G05080"
"1171","AT5G05170"
"1172","AT5G05210"
"1173","AT5G05360"
"1174","AT5G05440"
"1175","AT5G05610"
"1176","AT5G05670"
"1177","AT5G05890"
"1178","AT5G06140"
"1179","AT5G06150"
"1180","AT5G06370"
"1181","AT5G06660"
"1182","AT5G06865"
"1183","AT5G07220"
"1184","AT5G07350"
"1185","AT5G07860"
"1186","AT5G07870"
"1187","AT5G08100"
"1188","AT5G08160"
"1189","AT5G08420"
"1190","AT5G08450"
"1191","AT5G08570"
"1192","AT5G08590"
"1193","AT5G08620"
"1194","AT5G08790"
"1195","AT5G09600"
"1196","AT5G09830"
"1197","AT5G09920"
"1198","AT5G09960"
"1199","AT5G10160"
"1200","AT5G10350"
"1201","AT5G10390"
"1202","AT5G10480"
"1203","AT5G10510"
"1204","AT5G10550"
"1205","AT5G10810"
"1206","AT5G10830"
"1207","AT5G10840"
"1208","AT5G11090"
"1209","AT5G11340"
"1210","AT5G11520"
"1211","AT5G11560"
"1212","AT5G11630"
"1213","AT5G11640"
"1214","AT5G11750"
"1215","AT5G11880"
"1216","AT5G12210"
"1217","AT5G12240"
"1218","AT5G12410"
"1219","AT5G12480"
"1220","AT5G13000"
"1221","AT5G13010"
"1222","AT5G13070"
"1223","AT5G13120"
"1224","AT5G13180"
"1225","AT5G13280"
"1226","AT5G13560"
"1227","AT5G13750"
"1228","AT5G13840"
"1229","AT5G13930"
"1230","AT5G14430"
"1231","AT5G14440"
"1232","AT5G15220"
"1233","AT5G15265"
"1234","AT5G15490"
"1235","AT5G15750"
"1236","AT5G16060"
"1237","AT5G16120"
"1238","AT5G16150"
"1239","AT5G16510"
"1240","AT5G16660"
"1241","AT5G16730"
"1242","AT5G16840"
"1243","AT5G17290"
"1244","AT5G17560"
"1245","AT5G17610"
"1246","AT5G17630"
"1247","AT5G17710"
"1248","AT5G17870"
"1249","AT5G18140"
"1250","AT5G18170"
"1251","AT5G18310"
"1252","AT5G18480"
"1253","AT5G18580"
"1254","AT5G18650"
"1255","AT5G18790"
"1256","AT5G18900"
"1257","AT5G18970"
"1258","AT5G19120"
"1259","AT5G19230"
"1260","AT5G19250"
"1261","AT5G19330"
"1262","AT5G19530"
"1263","AT5G20060"
"1264","AT5G20080"
"1265","AT5G20250"
"1266","AT5G20520"
"1267","AT5G20700"
"1268","AT5G20885"
"1269","AT5G20900"
"1270","AT5G20960"
"1271","AT5G21160"
"1272","AT5G21170"
"1273","AT5G22000"
"1274","AT5G22060"
"1275","AT5G22080"
"1276","AT5G22140"
"1277","AT5G22360"
"1278","AT5G23040"
"1279","AT5G23140"
"1280","AT5G23380"
"1281","AT5G23395"
"1282","AT5G23535"
"1283","AT5G23575"
"1284","AT5G23670"
"1285","AT5G23820"
"1286","AT5G24030"
"1287","AT5G24610"
"1288","AT5G24760"
"1289","AT5G24890"
"1290","AT5G25265"
"1291","AT5G25540"
"1292","AT5G25754"
"1293","AT5G25760"
"1294","AT5G25770"
"1295","AT5G25890"
"1296","AT5G25940"
"1297","AT5G26710"
"1298","AT5G26751"
"1299","AT5G26780"
"1300","AT5G26800"
"1301","AT5G26830"
"1302","AT5G26850"
"1303","AT5G27450"
"1304","AT5G27520"
"1305","AT5G27640"
"1306","AT5G27720"
"1307","AT5G27740"
"1308","AT5G27760"
"1309","AT5G28020"
"1310","AT5G28840"
"1311","AT5G28919"
"1312","AT5G32450"
"1313","AT5G35080"
"1314","AT5G35630"
"1315","AT5G35680"
"1316","AT5G35730"
"1317","AT5G36880"
"1318","AT5G37475"
"1319","AT5G37740"
"1320","AT5G38110"
"1321","AT5G38630"
"1322","AT5G38830"
"1323","AT5G39340"
"1324","AT5G39510"
"1325","AT5G39600"
"1326","AT5G39730"
"1327","AT5G39850"
"1328","AT5G40080"
"1329","AT5G40190"
"1330","AT5G40580"
"1331","AT5G40650"
"1332","AT5G40660"
"1333","AT5G40670"
"1334","AT5G40770"
"1335","AT5G40780"
"1336","AT5G40850"
"1337","AT5G41010"
"1338","AT5G41210"
"1339","AT5G41560"
"1340","AT5G41670"
"1341","AT5G41680"
"1342","AT5G41970"
"1343","AT5G42000"
"1344","AT5G42100"
"1345","AT5G42110"
"1346","AT5G42420"
"1347","AT5G42570"
"1348","AT5G42820"
"1349","AT5G42960"
"1350","AT5G42990"
"1351","AT5G43060"
"1352","AT5G43320"
"1353","AT5G43350"
"1354","AT5G43580"
"1355","AT5G43700"
"1356","AT5G44200"
"1357","AT5G44380"
"1358","AT5G44460"
"1359","AT5G44710"
"1360","AT5G44720"
"1361","AT5G44790"
"1362","AT5G44920"
"1363","AT5G45100"
"1364","AT5G45280"
"1365","AT5G45350"
"1366","AT5G45390"
"1367","AT5G45410"
"1368","AT5G45490"
"1369","AT5G45600"
"1370","AT5G46160"
"1371","AT5G46630"
"1372","AT5G46750"
"1373","AT5G46800"
"1374","AT5G46840"
"1375","AT5G47120"
"1376","AT5G47240"
"1377","AT5G47310"
"1378","AT5G47320"
"1379","AT5G47435"
"1380","AT5G47500"
"1381","AT5G47690"
"1382","AT5G47750"
"1383","AT5G48335"
"1384","AT5G48385"
"1385","AT5G48500"
"1386","AT5G48655"
"1387","AT5G48940"
"1388","AT5G49210"
"1389","AT5G49460"
"1390","AT5G49940"
"1391","AT5G50000"
"1392","AT5G50300"
"1393","AT5G50680"
"1394","AT5G50870"
"1395","AT5G50920"
"1396","AT5G51040"
"1397","AT5G51120"
"1398","AT5G51510"
"1399","AT5G51880"
"1400","AT5G51960"
"1401","AT5G51970"
"1402","AT5G52040"
"1403","AT5G52200"
"1404","AT5G52370"
"1405","AT5G52820"
"1406","AT5G53045"
"1407","AT5G53160"
"1408","AT5G53310"
"1409","AT5G53400"
"1410","AT5G53450"
"1411","AT5G53900"
"1412","AT5G54310"
"1413","AT5G54370"
"1414","AT5G54540"
"1415","AT5G54580"
"1416","AT5G54640"
"1417","AT5G54940"
"1418","AT5G54970"
"1419","AT5G55140"
"1420","AT5G55300"
"1421","AT5G55610"
"1422","AT5G55660"
"1423","AT5G55910"
"1424","AT5G56040"
"1425","AT5G56360"
"1426","AT5G56530"
"1427","AT5G56550"
"1428","AT5G56680"
"1429","AT5G56760"
"1430","AT5G56940"
"1431","AT5G57020"
"1432","AT5G57330"
"1433","AT5G57440"
"1434","AT5G57625"
"1435","AT5G57655"
"1436","AT5G57870"
"1437","AT5G57990"
"1438","AT5G58005"
"1439","AT5G58030"
"1440","AT5G58070"
"1441","AT5G58220"
"1442","AT5G58230"
"1443","AT5G58240"
"1444","AT5G58590"
"1445","AT5G58640"
"1446","AT5G58740"
"1447","AT5G58990"
"1448","AT5G59150"
"1449","AT5G59160"
"1450","AT5G59420"
"1451","AT5G59950"
"1452","AT5G60160"
"1453","AT5G60400"
"1454","AT5G60460"
"1455","AT5G60530"
"1456","AT5G60620"
"1457","AT5G60660"
"1458","AT5G60890"
"1459","AT5G60950"
"1460","AT5G60980"
"1461","AT5G61230"
"1462","AT5G61240"
"1463","AT5G61310"
"1464","AT5G61590"
"1465","AT5G61600"
"1466","AT5G61780"
"1467","AT5G61790"
"1468","AT5G62350"
"1469","AT5G62440"
"1470","AT5G62575"
"1471","AT5G62900"
"1472","AT5G62950"
"1473","AT5G63190"
"1474","AT5G63510"
"1475","AT5G63620"
"1476","AT5G63670"
"1477","AT5G63850"
"1478","AT5G64100"
"1479","AT5G64160"
"1480","AT5G64200"
"1481","AT5G64240"
"1482","AT5G64260"
"1483","AT5G64500"
"1484","AT5G64680"
"1485","AT5G64740"
"1486","AT5G65050"
"1487","AT5G65220"
"1488","AT5G65360"
"1489","AT5G65480"
"1490","AT5G65700"
"1491","AT5G65810"
"1492","AT5G66040"
"1493","AT5G66052"
"1494","AT5G66140"
"1495","AT5G66240"
"1496","AT5G66860"
"1497","AT5G66920"
"1498","AT5G67320"
"1499","AT5G67400"
"1500","AT5G67560"
"1501","ATCG00830"
"1502","ATCG00920"
"1503","ATMG00830"
"1504","ATMG01190"
